date,adjclose,close
2004-11-18,44.380001068115234,44.380001068115234
2004-11-19,44.779998779296875,44.779998779296875
2004-11-22,44.95000076293945,44.95000076293945
2004-11-23,44.75,44.75
2004-11-24,45.04999923706055,45.04999923706055
2004-11-26,45.290000915527344,45.290000915527344
2004-11-29,45.400001525878906,45.400001525878906
2004-11-30,45.119998931884766,45.119998931884766
2004-12-01,45.380001068115234,45.380001068115234
2004-12-02,44.95000076293945,44.95000076293945
2004-12-03,45.599998474121094,45.599998474121094
2004-12-06,45.16999816894531,45.16999816894531
2004-12-07,45.11000061035156,45.11000061035156
2004-12-08,44.0099983215332,44.0099983215332
2004-12-09,43.779998779296875,43.779998779296875
2004-12-10,43.439998626708984,43.439998626708984
2004-12-13,43.90999984741211,43.90999984741211
2004-12-14,43.54999923706055,43.54999923706055
2004-12-15,43.9900016784668,43.9900016784668
2004-12-16,43.68000030517578,43.68000030517578
2004-12-17,44.189998626708984,44.189998626708984
2004-12-20,44.34000015258789,44.34000015258789
2004-12-21,44.220001220703125,44.220001220703125
2004-12-22,44.02000045776367,44.02000045776367
2004-12-23,44.27000045776367,44.27000045776367
2004-12-27,44.47999954223633,44.47999954223633
2004-12-28,44.369998931884766,44.369998931884766
2004-12-29,43.65999984741211,43.65999984741211
2004-12-30,43.83000183105469,43.83000183105469
2004-12-31,43.79999923706055,43.79999923706055
2005-01-03,43.02000045776367,43.02000045776367
2005-01-04,42.7400016784668,42.7400016784668
2005-01-05,42.66999816894531,42.66999816894531
2005-01-06,42.150001525878906,42.150001525878906
2005-01-07,41.84000015258789,41.84000015258789
2005-01-10,41.95000076293945,41.95000076293945
2005-01-11,42.209999084472656,42.209999084472656
2005-01-12,42.599998474121094,42.599998474121094
2005-01-13,42.599998474121094,42.599998474121094
2005-01-14,42.31999969482422,42.31999969482422
2005-01-18,42.31999969482422,42.31999969482422
2005-01-19,42.2599983215332,42.2599983215332
2005-01-20,42.25,42.25
2005-01-21,42.7400016784668,42.7400016784668
2005-01-24,42.77000045776367,42.77000045776367
2005-01-25,42.2400016784668,42.2400016784668
2005-01-26,42.689998626708984,42.689998626708984
2005-01-27,42.619998931884766,42.619998931884766
2005-01-28,42.689998626708984,42.689998626708984
2005-01-31,42.220001220703125,42.220001220703125
2005-02-01,42.099998474121094,42.099998474121094
2005-02-02,42.15999984741211,42.15999984741211
2005-02-03,41.68000030517578,41.68000030517578
2005-02-04,41.470001220703125,41.470001220703125
2005-02-07,41.27000045776367,41.27000045776367
2005-02-08,41.2599983215332,41.2599983215332
2005-02-09,41.310001373291016,41.310001373291016
2005-02-10,41.75,41.75
2005-02-11,42.08000183105469,42.08000183105469
2005-02-14,42.54999923706055,42.54999923706055
2005-02-15,42.58000183105469,42.58000183105469
2005-02-16,42.52000045776367,42.52000045776367
2005-02-17,42.72999954223633,42.72999954223633
2005-02-18,42.75,42.75
2005-02-22,43.56999969482422,43.56999969482422
2005-02-23,43.41999816894531,43.41999816894531
2005-02-24,43.33000183105469,43.33000183105469
2005-02-25,43.5,43.5
2005-02-28,43.529998779296875,43.529998779296875
2005-03-01,43.220001220703125,43.220001220703125
2005-03-02,43.25,43.25
2005-03-03,42.970001220703125,42.970001220703125
2005-03-04,43.380001068115234,43.380001068115234
2005-03-07,43.470001220703125,43.470001220703125
2005-03-08,44.029998779296875,44.029998779296875
2005-03-09,44.02000045776367,44.02000045776367
2005-03-10,44.20000076293945,44.20000076293945
2005-03-11,44.43000030517578,44.43000030517578
2005-03-14,44.029998779296875,44.029998779296875
2005-03-15,44.060001373291016,44.060001373291016
2005-03-16,44.310001373291016,44.310001373291016
2005-03-17,43.81999969482422,43.81999969482422
2005-03-18,43.88999938964844,43.88999938964844
2005-03-21,43.09000015258789,43.09000015258789
2005-03-22,42.650001525878906,42.650001525878906
2005-03-23,42.41999816894531,42.41999816894531
2005-03-24,42.38999938964844,42.38999938964844
2005-03-28,42.540000915527344,42.540000915527344
2005-03-29,42.560001373291016,42.560001373291016
2005-03-30,42.61000061035156,42.61000061035156
2005-03-31,42.81999969482422,42.81999969482422
2005-04-01,42.619998931884766,42.619998931884766
2005-04-04,42.400001525878906,42.400001525878906
2005-04-05,42.45000076293945,42.45000076293945
2005-04-06,42.630001068115234,42.630001068115234
2005-04-07,42.56999969482422,42.56999969482422
2005-04-08,42.689998626708984,42.689998626708984
2005-04-11,42.779998779296875,42.779998779296875
2005-04-12,42.84000015258789,42.84000015258789
2005-04-13,42.900001525878906,42.900001525878906
2005-04-14,42.310001373291016,42.310001373291016
2005-04-15,42.400001525878906,42.400001525878906
2005-04-18,42.689998626708984,42.689998626708984
2005-04-19,43.279998779296875,43.279998779296875
2005-04-20,43.400001525878906,43.400001525878906
2005-04-21,43.189998626708984,43.189998626708984
2005-04-22,43.38999938964844,43.38999938964844
2005-04-25,43.439998626708984,43.439998626708984
2005-04-26,43.63999938964844,43.63999938964844
2005-04-27,43.20000076293945,43.20000076293945
2005-04-28,43.0,43.0
2005-04-29,43.349998474121094,43.349998474121094
2005-05-02,42.880001068115234,42.880001068115234
2005-05-03,42.7599983215332,42.7599983215332
2005-05-04,42.900001525878906,42.900001525878906
2005-05-05,42.90999984741211,42.90999984741211
2005-05-06,42.52000045776367,42.52000045776367
2005-05-09,42.54999923706055,42.54999923706055
2005-05-10,42.63999938964844,42.63999938964844
2005-05-11,42.689998626708984,42.689998626708984
2005-05-12,42.15999984741211,42.15999984741211
2005-05-13,41.95000076293945,41.95000076293945
2005-05-16,41.880001068115234,41.880001068115234
2005-05-17,41.86000061035156,41.86000061035156
2005-05-18,42.04999923706055,42.04999923706055
2005-05-19,41.97999954223633,41.97999954223633
2005-05-20,41.650001525878906,41.650001525878906
2005-05-23,41.619998931884766,41.619998931884766
2005-05-24,41.72999954223633,41.72999954223633
2005-05-25,41.869998931884766,41.869998931884766
2005-05-26,41.689998626708984,41.689998626708984
2005-05-27,41.880001068115234,41.880001068115234
2005-05-31,41.650001525878906,41.650001525878906
2005-06-01,41.529998779296875,41.529998779296875
2005-06-02,42.099998474121094,42.099998474121094
2005-06-03,42.16999816894531,42.16999816894531
2005-06-06,42.47999954223633,42.47999954223633
2005-06-07,42.380001068115234,42.380001068115234
2005-06-08,42.34000015258789,42.34000015258789
2005-06-09,42.27000045776367,42.27000045776367
2005-06-10,42.619998931884766,42.619998931884766
2005-06-13,42.779998779296875,42.779998779296875
2005-06-14,42.599998474121094,42.599998474121094
2005-06-15,42.7400016784668,42.7400016784668
2005-06-16,43.459999084472656,43.459999084472656
2005-06-17,43.630001068115234,43.630001068115234
2005-06-20,43.65999984741211,43.65999984741211
2005-06-21,43.810001373291016,43.810001373291016
2005-06-22,43.720001220703125,43.720001220703125
2005-06-23,44.02000045776367,44.02000045776367
2005-06-24,43.900001525878906,43.900001525878906
2005-06-27,43.90999984741211,43.90999984741211
2005-06-28,43.45000076293945,43.45000076293945
2005-06-29,43.630001068115234,43.630001068115234
2005-06-30,43.439998626708984,43.439998626708984
2005-07-01,42.70000076293945,42.70000076293945
2005-07-05,42.279998779296875,42.279998779296875
2005-07-06,42.25,42.25
2005-07-07,42.36000061035156,42.36000061035156
2005-07-08,42.2599983215332,42.2599983215332
2005-07-11,42.540000915527344,42.540000915527344
2005-07-12,42.63999938964844,42.63999938964844
2005-07-13,42.349998474121094,42.349998474121094
2005-07-14,41.900001525878906,41.900001525878906
2005-07-15,42.04999923706055,42.04999923706055
2005-07-18,42.0099983215332,42.0099983215332
2005-07-19,41.88999938964844,41.88999938964844
2005-07-20,42.20000076293945,42.20000076293945
2005-07-21,42.459999084472656,42.459999084472656
2005-07-22,42.45000076293945,42.45000076293945
2005-07-25,42.5099983215332,42.5099983215332
2005-07-26,42.25,42.25
2005-07-27,42.439998626708984,42.439998626708984
2005-07-28,42.75,42.75
2005-07-29,42.81999969482422,42.81999969482422
2005-08-01,43.130001068115234,43.130001068115234
2005-08-02,43.13999938964844,43.13999938964844
2005-08-03,43.529998779296875,43.529998779296875
2005-08-04,43.68000030517578,43.68000030517578
2005-08-05,43.599998474121094,43.599998474121094
2005-08-08,43.349998474121094,43.349998474121094
2005-08-09,43.34000015258789,43.34000015258789
2005-08-10,43.650001525878906,43.650001525878906
2005-08-11,44.45000076293945,44.45000076293945
2005-08-12,44.4900016784668,44.4900016784668
2005-08-15,44.130001068115234,44.130001068115234
2005-08-16,44.54999923706055,44.54999923706055
2005-08-17,43.90999984741211,43.90999984741211
2005-08-18,43.83000183105469,43.83000183105469
2005-08-19,43.599998474121094,43.599998474121094
2005-08-22,43.70000076293945,43.70000076293945
2005-08-23,43.7599983215332,43.7599983215332
2005-08-24,43.59000015258789,43.59000015258789
2005-08-25,43.72999954223633,43.72999954223633
2005-08-26,43.61000061035156,43.61000061035156
2005-08-29,43.56999969482422,43.56999969482422
2005-08-30,43.0099983215332,43.0099983215332
2005-08-31,43.400001525878906,43.400001525878906
2005-09-01,44.220001220703125,44.220001220703125
2005-09-02,44.25,44.25
2005-09-06,44.27000045776367,44.27000045776367
2005-09-07,44.33000183105469,44.33000183105469
2005-09-08,44.599998474121094,44.599998474121094
2005-09-09,44.84000015258789,44.84000015258789
2005-09-12,44.88999938964844,44.88999938964844
2005-09-13,44.560001373291016,44.560001373291016
2005-09-14,44.959999084472656,44.959999084472656
2005-09-15,45.41999816894531,45.41999816894531
2005-09-16,45.81999969482422,45.81999969482422
2005-09-19,46.25,46.25
2005-09-20,46.22999954223633,46.22999954223633
2005-09-21,47.060001373291016,47.060001373291016
2005-09-22,46.36000061035156,46.36000061035156
2005-09-23,46.279998779296875,46.279998779296875
2005-09-26,46.56999969482422,46.56999969482422
2005-09-27,46.25,46.25
2005-09-28,46.79999923706055,46.79999923706055
2005-09-29,47.099998474121094,47.099998474121094
2005-09-30,46.70000076293945,46.70000076293945
2005-10-03,46.41999816894531,46.41999816894531
2005-10-04,46.45000076293945,46.45000076293945
2005-10-05,46.36000061035156,46.36000061035156
2005-10-06,47.209999084472656,47.209999084472656
2005-10-07,47.36000061035156,47.36000061035156
2005-10-10,47.369998931884766,47.369998931884766
2005-10-11,47.38999938964844,47.38999938964844
2005-10-12,46.849998474121094,46.849998474121094
2005-10-13,47.02000045776367,47.02000045776367
2005-10-14,46.79999923706055,46.79999923706055
2005-10-17,47.2599983215332,47.2599983215332
2005-10-18,47.0,47.0
2005-10-19,46.34000015258789,46.34000015258789
2005-10-20,45.97999954223633,45.97999954223633
2005-10-21,46.52000045776367,46.52000045776367
2005-10-24,46.38999938964844,46.38999938964844
2005-10-25,47.060001373291016,47.060001373291016
2005-10-26,46.93000030517578,46.93000030517578
2005-10-27,47.18000030517578,47.18000030517578
2005-10-28,47.220001220703125,47.220001220703125
2005-10-31,46.400001525878906,46.400001525878906
2005-11-01,45.72999954223633,45.72999954223633
2005-11-02,46.130001068115234,46.130001068115234
2005-11-03,45.959999084472656,45.959999084472656
2005-11-04,45.5099983215332,45.5099983215332
2005-11-07,45.77000045776367,45.77000045776367
2005-11-08,45.90999984741211,45.90999984741211
2005-11-09,46.560001373291016,46.560001373291016
2005-11-10,46.47999954223633,46.47999954223633
2005-11-11,46.79999923706055,46.79999923706055
2005-11-14,46.619998931884766,46.619998931884766
2005-11-15,46.65999984741211,46.65999984741211
2005-11-16,47.779998779296875,47.779998779296875
2005-11-17,48.47999954223633,48.47999954223633
2005-11-18,48.459999084472656,48.459999084472656
2005-11-21,48.9900016784668,48.9900016784668
2005-11-22,49.31999969482422,49.31999969482422
2005-11-23,49.150001525878906,49.150001525878906
2005-11-25,49.41999816894531,49.41999816894531
2005-11-28,49.7400016784668,49.7400016784668
2005-11-29,49.79999923706055,49.79999923706055
2005-11-30,49.099998474121094,49.099998474121094
2005-12-01,50.16999816894531,50.16999816894531
2005-12-02,50.31999969482422,50.31999969482422
2005-12-05,50.779998779296875,50.779998779296875
2005-12-06,50.88999938964844,50.88999938964844
2005-12-07,51.31999969482422,51.31999969482422
2005-12-08,51.900001525878906,51.900001525878906
2005-12-09,52.400001525878906,52.400001525878906
2005-12-12,52.560001373291016,52.560001373291016
2005-12-13,51.650001525878906,51.650001525878906
2005-12-14,50.349998474121094,50.349998474121094
2005-12-15,50.2400016784668,50.2400016784668
2005-12-16,50.09000015258789,50.09000015258789
2005-12-19,50.220001220703125,50.220001220703125
2005-12-20,49.040000915527344,49.040000915527344
2005-12-21,49.369998931884766,49.369998931884766
2005-12-22,50.13999938964844,50.13999938964844
2005-12-23,50.119998931884766,50.119998931884766
2005-12-27,50.63999938964844,50.63999938964844
2005-12-28,51.470001220703125,51.470001220703125
2005-12-29,51.470001220703125,51.470001220703125
2005-12-30,51.58000183105469,51.58000183105469
2006-01-03,53.119998931884766,53.119998931884766
2006-01-04,53.29999923706055,53.29999923706055
2006-01-05,52.34000015258789,52.34000015258789
2006-01-06,53.720001220703125,53.720001220703125
2006-01-09,54.599998474121094,54.599998474121094
2006-01-10,54.060001373291016,54.060001373291016
2006-01-11,54.529998779296875,54.529998779296875
2006-01-12,54.43000030517578,54.43000030517578
2006-01-13,55.439998626708984,55.439998626708984
2006-01-17,55.2599983215332,55.2599983215332
2006-01-18,54.06999969482422,54.06999969482422
2006-01-19,55.59000015258789,55.59000015258789
2006-01-20,55.20000076293945,55.20000076293945
2006-01-23,55.77000045776367,55.77000045776367
2006-01-24,55.72999954223633,55.72999954223633
2006-01-25,56.13999938964844,56.13999938964844
2006-01-26,55.880001068115234,55.880001068115234
2006-01-27,55.630001068115234,55.630001068115234
2006-01-30,56.68000030517578,56.68000030517578
2006-01-31,56.70000076293945,56.70000076293945
2006-02-01,56.70000076293945,56.70000076293945
2006-02-02,56.97999954223633,56.97999954223633
2006-02-03,56.5,56.5
2006-02-06,56.720001220703125,56.720001220703125
2006-02-07,54.599998474121094,54.599998474121094
2006-02-08,54.83000183105469,54.83000183105469
2006-02-09,56.18000030517578,56.18000030517578
2006-02-10,54.790000915527344,54.790000915527344
2006-02-13,53.720001220703125,53.720001220703125
2006-02-14,54.4900016784668,54.4900016784668
2006-02-15,53.7599983215332,53.7599983215332
2006-02-16,54.52000045776367,54.52000045776367
2006-02-17,54.959999084472656,54.959999084472656
2006-02-21,55.119998931884766,55.119998931884766
2006-02-22,55.34000015258789,55.34000015258789
2006-02-23,54.63999938964844,54.63999938964844
2006-02-24,55.63999938964844,55.63999938964844
2006-02-27,55.220001220703125,55.220001220703125
2006-02-28,56.06999969482422,56.06999969482422
2006-03-01,56.099998474121094,56.099998474121094
2006-03-02,56.7400016784668,56.7400016784668
2006-03-03,56.279998779296875,56.279998779296875
2006-03-06,55.22999954223633,55.22999954223633
2006-03-07,54.95000076293945,54.95000076293945
2006-03-08,53.970001220703125,53.970001220703125
2006-03-09,54.2400016784668,54.2400016784668
2006-03-10,53.83000183105469,53.83000183105469
2006-03-13,54.310001373291016,54.310001373291016
2006-03-14,54.869998931884766,54.869998931884766
2006-03-15,55.119998931884766,55.119998931884766
2006-03-16,55.34000015258789,55.34000015258789
2006-03-17,55.119998931884766,55.119998931884766
2006-03-20,55.16999816894531,55.16999816894531
2006-03-21,54.83000183105469,54.83000183105469
2006-03-22,54.75,54.75
2006-03-23,54.70000076293945,54.70000076293945
2006-03-24,55.709999084472656,55.709999084472656
2006-03-27,56.38999938964844,56.38999938964844
2006-03-28,56.060001373291016,56.060001373291016
2006-03-29,57.06999969482422,57.06999969482422
2006-03-30,58.599998474121094,58.599998474121094
2006-03-31,58.099998474121094,58.099998474121094
2006-04-03,58.470001220703125,58.470001220703125
2006-04-04,58.33000183105469,58.33000183105469
2006-04-05,58.65999984741211,58.65999984741211
2006-04-06,59.279998779296875,59.279998779296875
2006-04-07,58.59000015258789,58.59000015258789
2006-04-10,59.599998474121094,59.599998474121094
2006-04-11,59.0099983215332,59.0099983215332
2006-04-12,59.43000030517578,59.43000030517578
2006-04-13,59.5,59.5
2006-04-17,61.09000015258789,61.09000015258789
2006-04-18,61.849998474121094,61.849998474121094
2006-04-19,63.75,63.75
2006-04-20,60.959999084472656,60.959999084472656
2006-04-21,63.20000076293945,63.20000076293945
2006-04-24,61.650001525878906,61.650001525878906
2006-04-25,62.779998779296875,62.779998779296875
2006-04-26,63.650001525878906,63.650001525878906
2006-04-27,62.959999084472656,62.959999084472656
2006-04-28,65.08999633789062,65.08999633789062
2006-05-01,65.16000366210938,65.16000366210938
2006-05-02,66.55000305175781,66.55000305175781
2006-05-03,66.45999908447266,66.45999908447266
2006-05-04,67.4800033569336,67.4800033569336
2006-05-05,67.98999786376953,67.98999786376953
2006-05-08,67.55999755859375,67.55999755859375
2006-05-09,69.68000030517578,69.68000030517578
2006-05-10,70.37999725341797,70.37999725341797
2006-05-11,71.02999877929688,71.02999877929688
2006-05-12,71.12000274658203,71.12000274658203
2006-05-15,67.41000366210938,67.41000366210938
2006-05-16,68.61000061035156,68.61000061035156
2006-05-17,68.1500015258789,68.1500015258789
2006-05-18,67.45999908447266,67.45999908447266
2006-05-19,65.58000183105469,65.58000183105469
2006-05-22,65.30000305175781,65.30000305175781
2006-05-23,66.37999725341797,66.37999725341797
2006-05-24,64.05999755859375,64.05999755859375
2006-05-25,64.69999694824219,64.69999694824219
2006-05-26,65.0999984741211,65.0999984741211
2006-05-30,65.11000061035156,65.11000061035156
2006-05-31,64.2300033569336,64.2300033569336
2006-06-01,62.560001373291016,62.560001373291016
2006-06-02,63.5,63.5
2006-06-05,63.290000915527344,63.290000915527344
2006-06-06,62.54999923706055,62.54999923706055
2006-06-07,62.279998779296875,62.279998779296875
2006-06-08,60.90999984741211,60.90999984741211
2006-06-09,60.45000076293945,60.45000076293945
2006-06-12,60.029998779296875,60.029998779296875
2006-06-13,55.91999816894531,55.91999816894531
2006-06-14,55.619998931884766,55.619998931884766
2006-06-15,57.31999969482422,57.31999969482422
2006-06-16,57.68000030517578,57.68000030517578
2006-06-19,56.36000061035156,56.36000061035156
2006-06-20,57.29999923706055,57.29999923706055
2006-06-21,58.33000183105469,58.33000183105469
2006-06-22,57.72999954223633,57.72999954223633
2006-06-23,57.9900016784668,57.9900016784668
2006-06-26,58.279998779296875,58.279998779296875
2006-06-27,57.68000030517578,57.68000030517578
2006-06-28,57.540000915527344,57.540000915527344
2006-06-29,59.52000045776367,59.52000045776367
2006-06-30,61.22999954223633,61.22999954223633
2006-07-03,62.18000030517578,62.18000030517578
2006-07-05,62.5,62.5
2006-07-06,63.02000045776367,63.02000045776367
2006-07-07,62.630001068115234,62.630001068115234
2006-07-10,62.02000045776367,62.02000045776367
2006-07-11,63.810001373291016,63.810001373291016
2006-07-12,64.91999816894531,64.91999816894531
2006-07-13,65.55000305175781,65.55000305175781
2006-07-14,65.8499984741211,65.8499984741211
2006-07-17,63.95000076293945,63.95000076293945
2006-07-18,62.900001525878906,62.900001525878906
2006-07-19,64.02999877929688,64.02999877929688
2006-07-20,62.540000915527344,62.540000915527344
2006-07-21,61.709999084472656,61.709999084472656
2006-07-24,61.13999938964844,61.13999938964844
2006-07-25,61.54999923706055,61.54999923706055
2006-07-26,62.0,62.0
2006-07-27,62.900001525878906,62.900001525878906
2006-07-28,63.11000061035156,63.11000061035156
2006-07-31,63.15999984741211,63.15999984741211
2006-08-01,64.31999969482422,64.31999969482422
2006-08-02,64.75,64.75
2006-08-03,64.12000274658203,64.12000274658203
2006-08-04,64.27999877929688,64.27999877929688
2006-08-07,64.5,64.5
2006-08-08,63.970001220703125,63.970001220703125
2006-08-09,64.62999725341797,64.62999725341797
2006-08-10,63.25,63.25
2006-08-11,62.709999084472656,62.709999084472656
2006-08-14,62.25,62.25
2006-08-15,62.0099983215332,62.0099983215332
2006-08-16,62.4900016784668,62.4900016784668
2006-08-17,61.029998779296875,61.029998779296875
2006-08-18,61.040000915527344,61.040000915527344
2006-08-21,62.439998626708984,62.439998626708984
2006-08-22,62.04999923706055,62.04999923706055
2006-08-23,61.83000183105469,61.83000183105469
2006-08-24,61.75,61.75
2006-08-25,61.77000045776367,61.77000045776367
2006-08-28,61.0,61.0
2006-08-29,60.939998626708984,60.939998626708984
2006-08-30,61.41999816894531,61.41999816894531
2006-08-31,62.290000915527344,62.290000915527344
2006-09-01,62.13999938964844,62.13999938964844
2006-09-05,63.36000061035156,63.36000061035156
2006-09-06,62.86000061035156,62.86000061035156
2006-09-07,61.25,61.25
2006-09-08,60.63999938964844,60.63999938964844
2006-09-11,58.5,58.5
2006-09-12,58.31999969482422,58.31999969482422
2006-09-13,58.619998931884766,58.619998931884766
2006-09-14,57.189998626708984,57.189998626708984
2006-09-15,57.400001525878906,57.400001525878906
2006-09-18,58.22999954223633,58.22999954223633
2006-09-19,56.91999816894531,56.91999816894531
2006-09-20,57.2599983215332,57.2599983215332
2006-09-21,57.95000076293945,57.95000076293945
2006-09-22,58.5,58.5
2006-09-25,58.5,58.5
2006-09-26,58.7400016784668,58.7400016784668
2006-09-27,59.810001373291016,59.810001373291016
2006-09-28,59.790000915527344,59.790000915527344
2006-09-29,59.470001220703125,59.470001220703125
2006-10-02,59.150001525878906,59.150001525878906
2006-10-03,57.11000061035156,57.11000061035156
2006-10-04,56.369998931884766,56.369998931884766
2006-10-05,56.91999816894531,56.91999816894531
2006-10-06,56.9900016784668,56.9900016784668
2006-10-09,57.20000076293945,57.20000076293945
2006-10-10,57.0,57.0
2006-10-11,56.880001068115234,56.880001068115234
2006-10-12,57.4900016784668,57.4900016784668
2006-10-13,58.56999969482422,58.56999969482422
2006-10-16,59.16999816894531,59.16999816894531
2006-10-17,58.650001525878906,58.650001525878906
2006-10-18,58.59000015258789,58.59000015258789
2006-10-19,59.40999984741211,59.40999984741211
2006-10-20,58.779998779296875,58.779998779296875
2006-10-23,57.7599983215332,57.7599983215332
2006-10-24,58.16999816894531,58.16999816894531
2006-10-25,58.7599983215332,58.7599983215332
2006-10-26,59.290000915527344,59.290000915527344
2006-10-27,59.400001525878906,59.400001525878906
2006-10-30,59.900001525878906,59.900001525878906
2006-10-31,60.2400016784668,60.2400016784668
2006-11-01,61.36000061035156,61.36000061035156
2006-11-02,61.91999816894531,61.91999816894531
2006-11-03,62.29999923706055,62.29999923706055
2006-11-06,61.88999938964844,61.88999938964844
2006-11-07,62.040000915527344,62.040000915527344
2006-11-08,61.11000061035156,61.11000061035156
2006-11-09,62.95000076293945,62.95000076293945
2006-11-10,62.4900016784668,62.4900016784668
2006-11-13,62.189998626708984,62.189998626708984
2006-11-14,61.630001068115234,61.630001068115234
2006-11-15,61.84000015258789,61.84000015258789
2006-11-16,61.310001373291016,61.310001373291016
2006-11-17,61.779998779296875,61.779998779296875
2006-11-20,61.77000045776367,61.77000045776367
2006-11-21,62.27000045776367,62.27000045776367
2006-11-22,62.5,62.5
2006-11-24,63.5,63.5
2006-11-27,63.70000076293945,63.70000076293945
2006-11-28,63.56999969482422,63.56999969482422
2006-11-29,63.15999984741211,63.15999984741211
2006-11-30,64.38999938964844,64.38999938964844
2006-12-01,64.12000274658203,64.12000274658203
2006-12-04,64.12000274658203,64.12000274658203
2006-12-05,63.810001373291016,63.810001373291016
2006-12-06,62.689998626708984,62.689998626708984
2006-12-07,62.72999954223633,62.72999954223633
2006-12-08,62.04999923706055,62.04999923706055
2006-12-11,62.56999969482422,62.56999969482422
2006-12-12,62.52000045776367,62.52000045776367
2006-12-13,62.47999954223633,62.47999954223633
2006-12-14,62.119998931884766,62.119998931884766
2006-12-15,61.0,61.0
2006-12-18,61.040000915527344,61.040000915527344
2006-12-19,61.79999923706055,61.79999923706055
2006-12-20,61.619998931884766,61.619998931884766
2006-12-21,61.380001068115234,61.380001068115234
2006-12-22,61.650001525878906,61.650001525878906
2006-12-26,61.97999954223633,61.97999954223633
2006-12-27,62.220001220703125,62.220001220703125
2006-12-28,62.900001525878906,62.900001525878906
2006-12-29,63.209999084472656,63.209999084472656
2007-01-03,62.279998779296875,62.279998779296875
2007-01-04,61.650001525878906,61.650001525878906
2007-01-05,60.16999816894531,60.16999816894531
2007-01-08,60.47999954223633,60.47999954223633
2007-01-09,60.849998474121094,60.849998474121094
2007-01-10,60.59000015258789,60.59000015258789
2007-01-11,60.630001068115234,60.630001068115234
2007-01-12,62.16999816894531,62.16999816894531
2007-01-16,61.970001220703125,61.970001220703125
2007-01-17,62.63999938964844,62.63999938964844
2007-01-18,62.2599983215332,62.2599983215332
2007-01-19,63.0,63.0
2007-01-22,62.720001220703125,62.720001220703125
2007-01-23,64.2300033569336,64.2300033569336
2007-01-24,64.33000183105469,64.33000183105469
2007-01-25,64.05999755859375,64.05999755859375
2007-01-26,64.16999816894531,64.16999816894531
2007-01-29,63.77000045776367,63.77000045776367
2007-01-30,64.22000122070312,64.22000122070312
2007-01-31,64.83000183105469,64.83000183105469
2007-02-01,65.22000122070312,65.22000122070312
2007-02-02,64.27999877929688,64.27999877929688
2007-02-05,64.30999755859375,64.30999755859375
2007-02-06,64.79000091552734,64.79000091552734
2007-02-07,64.62999725341797,64.62999725341797
2007-02-08,65.5199966430664,65.5199966430664
2007-02-09,66.12000274658203,66.12000274658203
2007-02-12,65.66999816894531,65.66999816894531
2007-02-13,65.83999633789062,65.83999633789062
2007-02-14,66.37000274658203,66.37000274658203
2007-02-15,66.41000366210938,66.41000366210938
2007-02-16,66.36000061035156,66.36000061035156
2007-02-20,65.30999755859375,65.30999755859375
2007-02-21,67.3499984741211,67.3499984741211
2007-02-22,67.1500015258789,67.1500015258789
2007-02-23,67.72000122070312,67.72000122070312
2007-02-26,68.0999984741211,68.0999984741211
2007-02-27,65.41000366210938,65.41000366210938
2007-02-28,66.4800033569336,66.4800033569336
2007-03-01,65.81999969482422,65.81999969482422
2007-03-02,63.709999084472656,63.709999084472656
2007-03-05,62.93000030517578,62.93000030517578
2007-03-06,64.1500015258789,64.1500015258789
2007-03-07,64.30000305175781,64.30000305175781
2007-03-08,64.4800033569336,64.4800033569336
2007-03-09,64.25,64.25
2007-03-12,64.37000274658203,64.37000274658203
2007-03-13,63.720001220703125,63.720001220703125
2007-03-14,63.939998626708984,63.939998626708984
2007-03-15,63.97999954223633,63.97999954223633
2007-03-16,64.62000274658203,64.62000274658203
2007-03-19,64.73999786376953,64.73999786376953
2007-03-20,65.2699966430664,65.2699966430664
2007-03-21,65.81999969482422,65.81999969482422
2007-03-22,65.76000213623047,65.76000213623047
2007-03-23,65.1500015258789,65.1500015258789
2007-03-26,65.83999633789062,65.83999633789062
2007-03-27,65.69999694824219,65.69999694824219
2007-03-28,66.05000305175781,66.05000305175781
2007-03-29,65.6500015258789,65.6500015258789
2007-03-30,65.73999786376953,65.73999786376953
2007-04-02,65.8499984741211,65.8499984741211
2007-04-03,65.83000183105469,65.83000183105469
2007-04-04,66.80999755859375,66.80999755859375
2007-04-05,66.86000061035156,66.86000061035156
2007-04-09,66.52999877929688,66.52999877929688
2007-04-10,67.16000366210938,67.16000366210938
2007-04-11,67.08000183105469,67.08000183105469
2007-04-12,66.98999786376953,66.98999786376953
2007-04-13,67.83999633789062,67.83999633789062
2007-04-16,68.4000015258789,68.4000015258789
2007-04-17,68.0,68.0
2007-04-18,68.37999725341797,68.37999725341797
2007-04-19,67.52999877929688,67.52999877929688
2007-04-20,68.69999694824219,68.69999694824219
2007-04-23,68.26000213623047,68.26000213623047
2007-04-24,67.7300033569336,67.7300033569336
2007-04-25,67.88999938964844,67.88999938964844
2007-04-26,66.87000274658203,66.87000274658203
2007-04-27,67.55999755859375,67.55999755859375
2007-04-30,67.08999633789062,67.08999633789062
2007-05-01,66.69000244140625,66.69000244140625
2007-05-02,66.66000366210938,66.66000366210938
2007-05-03,67.48999786376953,67.48999786376953
2007-05-04,68.19000244140625,68.19000244140625
2007-05-07,68.25,68.25
2007-05-08,67.87999725341797,67.87999725341797
2007-05-09,67.44999694824219,67.44999694824219
2007-05-10,66.0,66.0
2007-05-11,66.44999694824219,66.44999694824219
2007-05-14,66.27999877929688,66.27999877929688
2007-05-15,66.54000091552734,66.54000091552734
2007-05-16,65.5999984741211,65.5999984741211
2007-05-17,65.05999755859375,65.05999755859375
2007-05-18,65.5199966430664,65.5199966430664
2007-05-21,65.66999816894531,65.66999816894531
2007-05-22,65.19999694824219,65.19999694824219
2007-05-23,65.54000091552734,65.54000091552734
2007-05-24,64.75,64.75
2007-05-25,64.94000244140625,64.94000244140625
2007-05-29,65.06999969482422,65.06999969482422
2007-05-30,64.72000122070312,64.72000122070312
2007-05-31,65.54000091552734,65.54000091552734
2007-06-01,66.44000244140625,66.44000244140625
2007-06-04,66.54000091552734,66.54000091552734
2007-06-05,66.37000274658203,66.37000274658203
2007-06-06,66.41000366210938,66.41000366210938
2007-06-07,65.26000213623047,65.26000213623047
2007-06-08,64.22000122070312,64.22000122070312
2007-06-11,64.69999694824219,64.69999694824219
2007-06-12,64.0999984741211,64.0999984741211
2007-06-13,64.52999877929688,64.52999877929688
2007-06-14,64.5999984741211,64.5999984741211
2007-06-15,64.8499984741211,64.8499984741211
2007-06-18,64.94999694824219,64.94999694824219
2007-06-19,65.4800033569336,65.4800033569336
2007-06-20,64.70999908447266,64.70999908447266
2007-06-21,64.55999755859375,64.55999755859375
2007-06-22,64.77999877929688,64.77999877929688
2007-06-25,64.43000030517578,64.43000030517578
2007-06-26,63.619998931884766,63.619998931884766
2007-06-27,63.66999816894531,63.66999816894531
2007-06-28,64.26000213623047,64.26000213623047
2007-06-29,64.2699966430664,64.2699966430664
2007-07-02,65.0199966430664,65.0199966430664
2007-07-03,64.73999786376953,64.73999786376953
2007-07-05,64.41999816894531,64.41999816894531
2007-07-06,64.95999908447266,64.95999908447266
2007-07-09,65.37999725341797,65.37999725341797
2007-07-10,65.61000061035156,65.61000061035156
2007-07-11,65.44000244140625,65.44000244140625
2007-07-12,66.0199966430664,66.0199966430664
2007-07-13,66.02999877929688,66.02999877929688
2007-07-16,65.81999969482422,65.81999969482422
2007-07-17,65.75,65.75
2007-07-18,66.62000274658203,66.62000274658203
2007-07-19,67.01000213623047,67.01000213623047
2007-07-20,67.58000183105469,67.58000183105469
2007-07-23,67.47000122070312,67.47000122070312
2007-07-24,67.47000122070312,67.47000122070312
2007-07-25,66.9000015258789,66.9000015258789
2007-07-26,65.6500015258789,65.6500015258789
2007-07-27,65.41000366210938,65.41000366210938
2007-07-30,65.7699966430664,65.7699966430664
2007-07-31,65.79000091552734,65.79000091552734
2007-08-01,65.93000030517578,65.93000030517578
2007-08-02,65.88999938964844,65.88999938964844
2007-08-03,66.69000244140625,66.69000244140625
2007-08-06,66.5199966430664,66.5199966430664
2007-08-07,66.4800033569336,66.4800033569336
2007-08-08,66.7699966430664,66.7699966430664
2007-08-09,65.45999908447266,65.45999908447266
2007-08-10,66.56999969482422,66.56999969482422
2007-08-13,66.26000213623047,66.26000213623047
2007-08-14,66.29000091552734,66.29000091552734
2007-08-15,66.12999725341797,66.12999725341797
2007-08-16,64.68000030517578,64.68000030517578
2007-08-17,65.01000213623047,65.01000213623047
2007-08-20,65.12000274658203,65.12000274658203
2007-08-21,65.06999969482422,65.06999969482422
2007-08-22,65.4000015258789,65.4000015258789
2007-08-23,65.30999755859375,65.30999755859375
2007-08-24,66.11000061035156,66.11000061035156
2007-08-27,65.9800033569336,65.9800033569336
2007-08-28,65.58999633789062,65.58999633789062
2007-08-29,66.06999969482422,66.06999969482422
2007-08-30,65.80000305175781,65.80000305175781
2007-08-31,66.5199966430664,66.5199966430664
2007-09-04,67.44000244140625,67.44000244140625
2007-09-05,67.55999755859375,67.55999755859375
2007-09-06,68.86000061035156,68.86000061035156
2007-09-07,69.38999938964844,69.38999938964844
2007-09-10,69.62000274658203,69.62000274658203
2007-09-11,70.5199966430664,70.5199966430664
2007-09-12,70.45999908447266,70.45999908447266
2007-09-13,70.08000183105469,70.08000183105469
2007-09-14,69.98999786376953,69.98999786376953
2007-09-17,70.97000122070312,70.97000122070312
2007-09-18,71.69999694824219,71.69999694824219
2007-09-19,71.43000030517578,71.43000030517578
2007-09-20,72.72000122070312,72.72000122070312
2007-09-21,72.33999633789062,72.33999633789062
2007-09-24,72.27999877929688,72.27999877929688
2007-09-25,72.33000183105469,72.33000183105469
2007-09-26,72.0,72.0
2007-09-27,72.69999694824219,72.69999694824219
2007-09-28,73.51000213623047,73.51000213623047
2007-10-01,73.9000015258789,73.9000015258789
2007-10-02,72.3499984741211,72.3499984741211
2007-10-03,71.9000015258789,71.9000015258789
2007-10-04,72.87000274658203,72.87000274658203
2007-10-05,73.4000015258789,73.4000015258789
2007-10-08,72.52999877929688,72.52999877929688
2007-10-09,73.08999633789062,73.08999633789062
2007-10-10,73.36000061035156,73.36000061035156
2007-10-11,73.91000366210938,73.91000366210938
2007-10-12,74.58999633789062,74.58999633789062
2007-10-15,75.13999938964844,75.13999938964844
2007-10-16,75.12000274658203,75.12000274658203
2007-10-17,74.5,74.5
2007-10-18,76.0,76.0
2007-10-19,75.69999694824219,75.69999694824219
2007-10-22,74.5999984741211,74.5999984741211
2007-10-23,75.2300033569336,75.2300033569336
2007-10-24,75.5199966430664,75.5199966430664
2007-10-25,76.02999877929688,76.02999877929688
2007-10-26,77.69000244140625,77.69000244140625
2007-10-29,78.12000274658203,78.12000274658203
2007-10-30,77.3499984741211,77.3499984741211
2007-10-31,78.62000274658203,78.62000274658203
2007-11-01,77.93000030517578,77.93000030517578
2007-11-02,79.83000183105469,79.83000183105469
2007-11-05,79.75,79.75
2007-11-06,81.43000030517578,81.43000030517578
2007-11-07,82.23999786376953,82.23999786376953
2007-11-08,82.2300033569336,82.2300033569336
2007-11-09,82.18000030517578,82.18000030517578
2007-11-12,78.30000305175781,78.30000305175781
2007-11-13,79.12000274658203,79.12000274658203
2007-11-14,80.27999877929688,80.27999877929688
2007-11-15,77.94999694824219,77.94999694824219
2007-11-16,77.75,77.75
2007-11-19,77.23999786376953,77.23999786376953
2007-11-20,79.47000122070312,79.47000122070312
2007-11-21,79.36000061035156,79.36000061035156
2007-11-23,81.25,81.25
2007-11-26,81.30000305175781,81.30000305175781
2007-11-27,80.0999984741211,80.0999984741211
2007-11-28,79.56999969482422,79.56999969482422
2007-11-29,78.27999877929688,78.27999877929688
2007-11-30,77.31999969482422,77.31999969482422
2007-12-03,78.27999877929688,78.27999877929688
2007-12-04,79.4000015258789,79.4000015258789
2007-12-05,78.62999725341797,78.62999725341797
2007-12-06,79.37000274658203,79.37000274658203
2007-12-07,78.5999984741211,78.5999984741211
2007-12-10,80.0,80.0
2007-12-11,78.83999633789062,78.83999633789062
2007-12-12,80.48999786376953,80.48999786376953
2007-12-13,78.5,78.5
2007-12-14,78.5199966430664,78.5199966430664
2007-12-17,78.12999725341797,78.12999725341797
2007-12-18,79.25,79.25
2007-12-19,79.23999786376953,79.23999786376953
2007-12-20,78.66999816894531,78.66999816894531
2007-12-21,80.0999984741211,80.0999984741211
2007-12-24,80.13999938964844,80.13999938964844
2007-12-26,81.5199966430664,81.5199966430664
2007-12-27,81.55999755859375,81.55999755859375
2007-12-28,83.0,83.0
2007-12-31,82.45999908447266,82.45999908447266
2008-01-02,84.86000061035156,84.86000061035156
2008-01-03,85.56999969482422,85.56999969482422
2008-01-04,85.12999725341797,85.12999725341797
2008-01-07,84.7699966430664,84.7699966430664
2008-01-08,86.77999877929688,86.77999877929688
2008-01-09,86.55000305175781,86.55000305175781
2008-01-10,88.25,88.25
2008-01-11,88.58000183105469,88.58000183105469
2008-01-14,89.54000091552734,89.54000091552734
2008-01-15,87.98999786376953,87.98999786376953
2008-01-16,86.69999694824219,86.69999694824219
2008-01-17,86.5,86.5
2008-01-18,87.41999816894531,87.41999816894531
2008-01-22,88.16999816894531,88.16999816894531
2008-01-23,87.88999938964844,87.88999938964844
2008-01-24,90.08000183105469,90.08000183105469
2008-01-25,90.30000305175781,90.30000305175781
2008-01-28,91.75,91.75
2008-01-29,91.1500015258789,91.1500015258789
2008-01-30,92.05999755859375,92.05999755859375
2008-01-31,91.4000015258789,91.4000015258789
2008-02-01,89.3499984741211,89.3499984741211
2008-02-04,89.0999984741211,89.0999984741211
2008-02-05,87.68000030517578,87.68000030517578
2008-02-06,88.94999694824219,88.94999694824219
2008-02-07,89.8499984741211,89.8499984741211
2008-02-08,91.0,91.0
2008-02-11,91.33000183105469,91.33000183105469
2008-02-12,89.33000183105469,89.33000183105469
2008-02-13,89.44000244140625,89.44000244140625
2008-02-14,89.70999908447266,89.70999908447266
2008-02-15,89.1500015258789,89.1500015258789
2008-02-19,91.58000183105469,91.58000183105469
2008-02-20,93.23999786376953,93.23999786376953
2008-02-21,93.25,93.25
2008-02-22,93.38999938964844,93.38999938964844
2008-02-25,92.73999786376953,92.73999786376953
2008-02-26,93.70999908447266,93.70999908447266
2008-02-27,94.77999877929688,94.77999877929688
2008-02-28,95.98999786376953,95.98999786376953
2008-02-29,96.18000030517578,96.18000030517578
2008-03-03,97.23999786376953,97.23999786376953
2008-03-04,95.18000030517578,95.18000030517578
2008-03-05,97.72000122070312,97.72000122070312
2008-03-06,96.5,96.5
2008-03-07,96.08999633789062,96.08999633789062
2008-03-10,95.87000274658203,95.87000274658203
2008-03-11,95.98999786376953,95.98999786376953
2008-03-12,97.01000213623047,97.01000213623047
2008-03-13,98.33999633789062,98.33999633789062
2008-03-14,98.70999908447266,98.70999908447266
2008-03-17,99.16999816894531,99.16999816894531
2008-03-18,96.5,96.5
2008-03-19,93.04000091552734,93.04000091552734
2008-03-20,89.91000366210938,89.91000366210938
2008-03-24,90.0999984741211,90.0999984741211
2008-03-25,92.7300033569336,92.7300033569336
2008-03-26,93.80000305175781,93.80000305175781
2008-03-27,93.45999908447266,93.45999908447266
2008-03-28,91.87999725341797,91.87999725341797
2008-03-31,90.41000366210938,90.41000366210938
2008-04-01,86.86000061035156,86.86000061035156
2008-04-02,89.2699966430664,89.2699966430664
2008-04-03,89.41999816894531,89.41999816894531
2008-04-04,90.25,90.25
2008-04-07,91.16999816894531,91.16999816894531
2008-04-08,90.3499984741211,90.3499984741211
2008-04-09,92.29000091552734,92.29000091552734
2008-04-10,91.7699966430664,91.7699966430664
2008-04-11,91.30000305175781,91.30000305175781
2008-04-14,91.11000061035156,91.11000061035156
2008-04-15,91.66000366210938,91.66000366210938
2008-04-16,93.2699966430664,93.2699966430664
2008-04-17,92.55999755859375,92.55999755859375
2008-04-18,90.62000274658203,90.62000274658203
2008-04-21,90.25,90.25
2008-04-22,90.2699966430664,90.2699966430664
2008-04-23,89.22000122070312,89.22000122070312
2008-04-24,87.22000122070312,87.22000122070312
2008-04-25,87.2699966430664,87.2699966430664
2008-04-28,87.69000244140625,87.69000244140625
2008-04-29,85.80999755859375,85.80999755859375
2008-04-30,86.6500015258789,86.6500015258789
2008-05-01,83.98999786376953,83.98999786376953
2008-05-02,84.58000183105469,84.58000183105469
2008-05-05,86.2699966430664,86.2699966430664
2008-05-06,86.62999725341797,86.62999725341797
2008-05-07,85.81999969482422,85.81999969482422
2008-05-08,87.23999786376953,87.23999786376953
2008-05-09,87.41999816894531,87.41999816894531
2008-05-12,86.98999786376953,86.98999786376953
2008-05-13,85.38999938964844,85.38999938964844
2008-05-14,85.19999694824219,85.19999694824219
2008-05-15,87.0,87.0
2008-05-16,89.0999984741211,89.0999984741211
2008-05-19,89.38999938964844,89.38999938964844
2008-05-20,90.9000015258789,90.9000015258789
2008-05-21,91.95999908447266,91.95999908447266
2008-05-22,90.9800033569336,90.9800033569336
2008-05-23,91.2300033569336,91.2300033569336
2008-05-27,89.36000061035156,89.36000061035156
2008-05-28,89.13999938964844,89.13999938964844
2008-05-29,86.51000213623047,86.51000213623047
2008-05-30,87.44999694824219,87.44999694824219
2008-06-02,87.95999908447266,87.95999908447266
2008-06-03,86.87999725341797,86.87999725341797
2008-06-04,86.6500015258789,86.6500015258789
2008-06-05,86.44999694824219,86.44999694824219
2008-06-06,89.05999755859375,89.05999755859375
2008-06-09,87.98999786376953,87.98999786376953
2008-06-10,85.55000305175781,85.55000305175781
2008-06-11,87.0199966430664,87.0199966430664
2008-06-12,85.5999984741211,85.5999984741211
2008-06-13,85.83000183105469,85.83000183105469
2008-06-16,87.01000213623047,87.01000213623047
2008-06-17,87.25,87.25
2008-06-18,88.27999877929688,88.27999877929688
2008-06-19,88.41999816894531,88.41999816894531
2008-06-20,88.94999694824219,88.94999694824219
2008-06-23,87.08999633789062,87.08999633789062
2008-06-24,87.47000122070312,87.47000122070312
2008-06-25,87.41999816894531,87.41999816894531
2008-06-26,90.61000061035156,90.61000061035156
2008-06-27,91.47000122070312,91.47000122070312
2008-06-30,91.4000015258789,91.4000015258789
2008-07-01,92.66000366210938,92.66000366210938
2008-07-02,93.16999816894531,93.16999816894531
2008-07-03,92.05999755859375,92.05999755859375
2008-07-07,91.2300033569336,91.2300033569336
2008-07-08,90.86000061035156,90.86000061035156
2008-07-09,91.5,91.5
2008-07-10,93.52999877929688,93.52999877929688
2008-07-11,95.16000366210938,95.16000366210938
2008-07-14,95.91000366210938,95.91000366210938
2008-07-15,96.16999816894531,96.16999816894531
2008-07-16,94.44000244140625,94.44000244140625
2008-07-17,94.22000122070312,94.22000122070312
2008-07-18,94.16999816894531,94.16999816894531
2008-07-21,95.12000274658203,95.12000274658203
2008-07-22,93.05999755859375,93.05999755859375
2008-07-23,90.56999969482422,90.56999969482422
2008-07-24,91.33000183105469,91.33000183105469
2008-07-25,91.69000244140625,91.69000244140625
2008-07-28,91.7300033569336,91.7300033569336
2008-07-29,90.58999633789062,90.58999633789062
2008-07-30,89.5199966430664,89.5199966430664
2008-07-31,90.08000183105469,90.08000183105469
2008-08-01,89.56999969482422,89.56999969482422
2008-08-04,88.13999938964844,88.13999938964844
2008-08-05,86.08000183105469,86.08000183105469
2008-08-06,86.63999938964844,86.63999938964844
2008-08-07,86.08999633789062,86.08999633789062
2008-08-08,84.43000030517578,84.43000030517578
2008-08-11,81.12999725341797,81.12999725341797
2008-08-12,80.5199966430664,80.5199966430664
2008-08-13,81.55999755859375,81.55999755859375
2008-08-14,79.3499984741211,79.3499984741211
2008-08-15,77.62999725341797,77.62999725341797
2008-08-18,78.80000305175781,78.80000305175781
2008-08-19,80.43000030517578,80.43000030517578
2008-08-20,80.05999755859375,80.05999755859375
2008-08-21,82.30000305175781,82.30000305175781
2008-08-22,81.08000183105469,81.08000183105469
2008-08-25,80.93000030517578,80.93000030517578
2008-08-26,81.2300033569336,81.2300033569336
2008-08-27,81.36000061035156,81.36000061035156
2008-08-28,82.18000030517578,82.18000030517578
2008-08-29,81.70999908447266,81.70999908447266
2008-09-02,79.19999694824219,79.19999694824219
2008-09-03,78.88999938964844,78.88999938964844
2008-09-04,78.38999938964844,78.38999938964844
2008-09-05,78.9800033569336,78.9800033569336
2008-09-08,78.86000061035156,78.86000061035156
2008-09-09,76.48999786376953,76.48999786376953
2008-09-10,74.22000122070312,74.22000122070312
2008-09-11,73.08000183105469,73.08000183105469
2008-09-12,75.55000305175781,75.55000305175781
2008-09-15,77.55999755859375,77.55999755859375
2008-09-16,76.79000091552734,76.79000091552734
2008-09-17,85.45999908447266,85.45999908447266
2008-09-18,82.80000305175781,82.80000305175781
2008-09-19,85.9800033569336,85.9800033569336
2008-09-22,89.18000030517578,89.18000030517578
2008-09-23,88.31999969482422,88.31999969482422
2008-09-24,86.70999908447266,86.70999908447266
2008-09-25,86.44999694824219,86.44999694824219
2008-09-26,86.63999938964844,86.63999938964844
2008-09-29,89.56999969482422,89.56999969482422
2008-09-30,85.06999969482422,85.06999969482422
2008-10-01,85.97000122070312,85.97000122070312
2008-10-02,82.33000183105469,82.33000183105469
2008-10-03,82.58999633789062,82.58999633789062
2008-10-06,84.27999877929688,84.27999877929688
2008-10-07,87.2699966430664,87.2699966430664
2008-10-08,89.41999816894531,89.41999816894531
2008-10-09,89.9000015258789,89.9000015258789
2008-10-10,83.22000122070312,83.22000122070312
2008-10-13,81.98999786376953,81.98999786376953
2008-10-14,82.19999694824219,82.19999694824219
2008-10-15,83.30999755859375,83.30999755859375
2008-10-16,79.29000091552734,79.29000091552734
2008-10-17,77.20999908447266,77.20999908447266
2008-10-20,78.5,78.5
2008-10-21,76.02999877929688,76.02999877929688
2008-10-22,71.70999908447266,71.70999908447266
2008-10-23,70.6500015258789,70.6500015258789
2008-10-24,72.20999908447266,72.20999908447266
2008-10-27,72.18000030517578,72.18000030517578
2008-10-28,73.79000091552734,73.79000091552734
2008-10-29,74.0,74.0
2008-10-30,72.70999908447266,72.70999908447266
2008-10-31,71.33999633789062,71.33999633789062
2008-11-03,71.0999984741211,71.0999984741211
2008-11-04,75.4800033569336,75.4800033569336
2008-11-05,72.80000305175781,72.80000305175781
2008-11-06,72.22000122070312,72.22000122070312
2008-11-07,72.5,72.5
2008-11-10,73.58000183105469,73.58000183105469
2008-11-11,72.05000305175781,72.05000305175781
2008-11-12,70.0,70.0
2008-11-13,72.1500015258789,72.1500015258789
2008-11-14,73.30000305175781,73.30000305175781
2008-11-17,72.6500015258789,72.6500015258789
2008-11-18,72.51000213623047,72.51000213623047
2008-11-19,72.26000213623047,72.26000213623047
2008-11-20,73.44999694824219,73.44999694824219
2008-11-21,78.8499984741211,78.8499984741211
2008-11-24,80.91000366210938,80.91000366210938
2008-11-25,80.87000274658203,80.87000274658203
2008-11-26,80.37999725341797,80.37999725341797
2008-11-28,80.30999755859375,80.30999755859375
2008-12-01,75.6500015258789,75.6500015258789
2008-12-02,76.94999694824219,76.94999694824219
2008-12-03,76.18000030517578,76.18000030517578
2008-12-04,75.5,75.5
2008-12-05,74.5199966430664,74.5199966430664
2008-12-08,76.19999694824219,76.19999694824219
2008-12-09,76.33000183105469,76.33000183105469
2008-12-10,79.75,79.75
2008-12-11,80.6500015258789,80.6500015258789
2008-12-12,80.80999755859375,80.80999755859375
2008-12-15,82.5999984741211,82.5999984741211
2008-12-16,84.45999908447266,84.45999908447266
2008-12-17,85.43000030517578,85.43000030517578
2008-12-18,83.87000274658203,83.87000274658203
2008-12-19,82.62999725341797,82.62999725341797
2008-12-22,83.45999908447266,83.45999908447266
2008-12-23,82.62999725341797,82.62999725341797
2008-12-24,83.45999908447266,83.45999908447266
2008-12-26,85.5999984741211,85.5999984741211
2008-12-29,86.3499984741211,86.3499984741211
2008-12-30,85.9000015258789,85.9000015258789
2008-12-31,86.5199966430664,86.5199966430664
2009-01-02,86.2300033569336,86.2300033569336
2009-01-05,84.4800033569336,84.4800033569336
2009-01-06,85.12999725341797,85.12999725341797
2009-01-07,82.75,82.75
2009-01-08,84.45999908447266,84.45999908447266
2009-01-09,83.91999816894531,83.91999816894531
2009-01-12,80.76000213623047,80.76000213623047
2009-01-13,80.87999725341797,80.87999725341797
2009-01-14,79.79000091552734,79.79000091552734
2009-01-15,80.38999938964844,80.38999938964844
2009-01-16,82.70999908447266,82.70999908447266
2009-01-20,84.5199966430664,84.5199966430664
2009-01-21,84.1500015258789,84.1500015258789
2009-01-22,84.58000183105469,84.58000183105469
2009-01-23,88.52999877929688,88.52999877929688
2009-01-26,88.94999694824219,88.94999694824219
2009-01-27,88.37999725341797,88.37999725341797
2009-01-28,87.41999816894531,87.41999816894531
2009-01-29,89.5,89.5
2009-01-30,91.30999755859375,91.30999755859375
2009-02-02,88.83999633789062,88.83999633789062
2009-02-03,88.47000122070312,88.47000122070312
2009-02-04,89.18000030517578,89.18000030517578
2009-02-05,90.12000274658203,90.12000274658203
2009-02-06,89.58999633789062,89.58999633789062
2009-02-09,88.31999969482422,88.31999969482422
2009-02-10,90.20999908447266,90.20999908447266
2009-02-11,92.29000091552734,92.29000091552734
2009-02-12,93.16999816894531,93.16999816894531
2009-02-13,92.55000305175781,92.55000305175781
2009-02-17,95.44999694824219,95.44999694824219
2009-02-18,96.91000366210938,96.91000366210938
2009-02-19,95.7699966430664,95.7699966430664
2009-02-20,97.80000305175781,97.80000305175781
2009-02-23,97.7300033569336,97.7300033569336
2009-02-24,94.7300033569336,94.7300033569336
2009-02-25,93.1500015258789,93.1500015258789
2009-02-26,93.05999755859375,93.05999755859375
2009-02-27,92.62999725341797,92.62999725341797
2009-03-02,90.93000030517578,90.93000030517578
2009-03-03,90.04000091552734,90.04000091552734
2009-03-04,88.98999786376953,88.98999786376953
2009-03-05,91.98999786376953,91.98999786376953
2009-03-06,92.29000091552734,92.29000091552734
2009-03-09,90.56999969482422,90.56999969482422
2009-03-10,88.13999938964844,88.13999938964844
2009-03-11,89.22000122070312,89.22000122070312
2009-03-12,91.0999984741211,91.0999984741211
2009-03-13,91.30000305175781,91.30000305175781
2009-03-16,90.80000305175781,90.80000305175781
2009-03-17,90.04000091552734,90.04000091552734
2009-03-18,93.08999633789062,93.08999633789062
2009-03-19,94.3499984741211,94.3499984741211
2009-03-20,93.58999633789062,93.58999633789062
2009-03-23,92.08000183105469,92.08000183105469
2009-03-24,90.94999694824219,90.94999694824219
2009-03-25,91.9800033569336,91.9800033569336
2009-03-26,91.93000030517578,91.93000030517578
2009-03-27,90.69000244140625,90.69000244140625
2009-03-30,89.9800033569336,89.9800033569336
2009-03-31,90.27999877929688,90.27999877929688
2009-04-01,91.02999877929688,91.02999877929688
2009-04-02,88.80000305175781,88.80000305175781
2009-04-03,87.58999633789062,87.58999633789062
2009-04-06,85.2699966430664,85.2699966430664
2009-04-07,86.73999786376953,86.73999786376953
2009-04-08,86.61000061035156,86.61000061035156
2009-04-09,86.30999755859375,86.30999755859375
2009-04-13,87.87999725341797,87.87999725341797
2009-04-14,87.37000274658203,87.37000274658203
2009-04-15,87.5,87.5
2009-04-16,85.80999755859375,85.80999755859375
2009-04-17,85.22000122070312,85.22000122070312
2009-04-20,86.94999694824219,86.94999694824219
2009-04-21,86.88999938964844,86.88999938964844
2009-04-22,87.37999725341797,87.37999725341797
2009-04-23,88.80000305175781,88.80000305175781
2009-04-24,89.72000122070312,89.72000122070312
2009-04-27,89.01000213623047,89.01000213623047
2009-04-28,87.75,87.75
2009-04-29,88.33000183105469,88.33000183105469
2009-04-30,87.2699966430664,87.2699966430664
2009-05-01,86.94999694824219,86.94999694824219
2009-05-04,88.63999938964844,88.63999938964844
2009-05-05,88.25,88.25
2009-05-06,89.54000091552734,89.54000091552734
2009-05-07,89.44000244140625,89.44000244140625
2009-05-08,89.9800033569336,89.9800033569336
2009-05-11,89.69000244140625,89.69000244140625
2009-05-12,90.69999694824219,90.69999694824219
2009-05-13,91.08999633789062,91.08999633789062
2009-05-14,91.02999877929688,91.02999877929688
2009-05-15,91.55000305175781,91.55000305175781
2009-05-18,90.36000061035156,90.36000061035156
2009-05-19,90.95999908447266,90.95999908447266
2009-05-20,92.25,92.25
2009-05-21,93.8499984741211,93.8499984741211
2009-05-22,94.1500015258789,94.1500015258789
2009-05-26,93.76000213623047,93.76000213623047
2009-05-27,93.44999694824219,93.44999694824219
2009-05-28,94.23999786376953,94.23999786376953
2009-05-29,96.19999694824219,96.19999694824219
2009-06-01,95.7300033569336,95.7300033569336
2009-06-02,96.36000061035156,96.36000061035156
2009-06-03,94.41000366210938,94.41000366210938
2009-06-04,96.2300033569336,96.2300033569336
2009-06-05,93.70999908447266,93.70999908447266
2009-06-08,93.55999755859375,93.55999755859375
2009-06-09,93.83000183105469,93.83000183105469
2009-06-10,93.86000061035156,93.86000061035156
2009-06-11,93.69999694824219,93.69999694824219
2009-06-12,92.16999816894531,92.16999816894531
2009-06-15,91.0999984741211,91.0999984741211
2009-06-16,91.93000030517578,91.93000030517578
2009-06-17,92.3499984741211,92.3499984741211
2009-06-18,91.61000061035156,91.61000061035156
2009-06-19,91.9000015258789,91.9000015258789
2009-06-22,90.54000091552734,90.54000091552734
2009-06-23,90.91999816894531,90.91999816894531
2009-06-24,91.44999694824219,91.44999694824219
2009-06-25,92.30999755859375,92.30999755859375
2009-06-26,92.29000091552734,92.29000091552734
2009-06-29,92.04000091552734,92.04000091552734
2009-06-30,91.18000030517578,91.18000030517578
2009-07-01,92.38999938964844,92.38999938964844
2009-07-02,91.25,91.25
2009-07-06,90.76000213623047,90.76000213623047
2009-07-07,90.70999908447266,90.70999908447266
2009-07-08,89.2699966430664,89.2699966430664
2009-07-09,89.51000213623047,89.51000213623047
2009-07-10,89.58000183105469,89.58000183105469
2009-07-13,90.19000244140625,90.19000244140625
2009-07-14,90.80999755859375,90.80999755859375
2009-07-15,92.23999786376953,92.23999786376953
2009-07-16,91.9800033569336,91.9800033569336
2009-07-17,91.93000030517578,91.93000030517578
2009-07-20,93.27999877929688,93.27999877929688
2009-07-21,93.12999725341797,93.12999725341797
2009-07-22,93.44000244140625,93.44000244140625
2009-07-23,93.26000213623047,93.26000213623047
2009-07-24,93.41000366210938,93.41000366210938
2009-07-27,93.70999908447266,93.70999908447266
2009-07-28,92.11000061035156,92.11000061035156
2009-07-29,91.19999694824219,91.19999694824219
2009-07-30,91.62000274658203,91.62000274658203
2009-07-31,93.3499984741211,93.3499984741211
2009-08-03,93.87000274658203,93.87000274658203
2009-08-04,94.68000030517578,94.68000030517578
2009-08-05,94.77999877929688,94.77999877929688
2009-08-06,94.5999984741211,94.5999984741211
2009-08-07,93.75,93.75
2009-08-10,92.93000030517578,92.93000030517578
2009-08-11,92.79000091552734,92.79000091552734
2009-08-12,92.94999694824219,92.94999694824219
2009-08-13,93.72000122070312,93.72000122070312
2009-08-14,93.0,93.0
2009-08-17,91.61000061035156,91.61000061035156
2009-08-18,92.05999755859375,92.05999755859375
2009-08-19,92.52999877929688,92.52999877929688
2009-08-20,92.2699966430664,92.2699966430664
2009-08-21,93.6500015258789,93.6500015258789
2009-08-24,92.33999633789062,92.33999633789062
2009-08-25,92.76000213623047,92.76000213623047
2009-08-26,92.79000091552734,92.79000091552734
2009-08-27,93.19000244140625,93.19000244140625
2009-08-28,93.87000274658203,93.87000274658203
2009-08-31,93.4000015258789,93.4000015258789
2009-09-01,93.9000015258789,93.9000015258789
2009-09-02,96.19000244140625,96.19000244140625
2009-09-03,97.45999908447266,97.45999908447266
2009-09-04,97.52999877929688,97.52999877929688
2009-09-08,97.43000030517578,97.43000030517578
2009-09-09,97.08000183105469,97.08000183105469
2009-09-10,97.69999694824219,97.69999694824219
2009-09-11,98.77999877929688,98.77999877929688
2009-09-14,97.95999908447266,97.95999908447266
2009-09-15,98.9000015258789,98.9000015258789
2009-09-16,99.91000366210938,99.91000366210938
2009-09-17,99.33999633789062,99.33999633789062
2009-09-18,98.66999816894531,98.66999816894531
2009-09-21,98.36000061035156,98.36000061035156
2009-09-22,99.66999816894531,99.66999816894531
2009-09-23,98.83000183105469,98.83000183105469
2009-09-24,97.55000305175781,97.55000305175781
2009-09-25,97.0,97.0
2009-09-28,97.05000305175781,97.05000305175781
2009-09-29,97.43000030517578,97.43000030517578
2009-09-30,98.8499984741211,98.8499984741211
2009-10-01,97.88999938964844,97.88999938964844
2009-10-02,98.37000274658203,98.37000274658203
2009-10-05,99.81999969482422,99.81999969482422
2009-10-06,102.27999877929688,102.27999877929688
2009-10-07,102.36000061035156,102.36000061035156
2009-10-08,103.63999938964844,103.63999938964844
2009-10-09,102.83999633789062,102.83999633789062
2009-10-12,103.55999755859375,103.55999755859375
2009-10-13,104.26000213623047,104.26000213623047
2009-10-14,104.18000030517578,104.18000030517578
2009-10-15,102.86000061035156,102.86000061035156
2009-10-16,103.18000030517578,103.18000030517578
2009-10-19,104.2300033569336,104.2300033569336
2009-10-20,103.41999816894531,103.41999816894531
2009-10-21,103.75,103.75
2009-10-22,103.91999816894531,103.91999816894531
2009-10-23,103.48999786376953,103.48999786376953
2009-10-26,101.86000061035156,101.86000061035156
2009-10-27,101.8499984741211,101.8499984741211
2009-10-28,100.7300033569336,100.7300033569336
2009-10-29,102.69000244140625,102.69000244140625
2009-10-30,102.52999877929688,102.52999877929688
2009-11-02,103.94999694824219,103.94999694824219
2009-11-03,106.45999908447266,106.45999908447266
2009-11-04,107.0999984741211,107.0999984741211
2009-11-05,106.9800033569336,106.9800033569336
2009-11-06,107.43000030517578,107.43000030517578
2009-11-09,108.19000244140625,108.19000244140625
2009-11-10,108.38999938964844,108.38999938964844
2009-11-11,109.5999984741211,109.5999984741211
2009-11-12,108.20999908447266,108.20999908447266
2009-11-13,109.73999786376953,109.73999786376953
2009-11-16,111.62999725341797,111.62999725341797
2009-11-17,111.97000122070312,111.97000122070312
2009-11-18,112.25,112.25
2009-11-19,112.30000305175781,112.30000305175781
2009-11-20,112.94000244140625,112.94000244140625
2009-11-23,114.29000091552734,114.29000091552734
2009-11-24,114.7300033569336,114.7300033569336
2009-11-25,116.62000274658203,116.62000274658203
2009-11-27,115.05999755859375,115.05999755859375
2009-11-30,115.63999938964844,115.63999938964844
2009-12-01,117.37999725341797,117.37999725341797
2009-12-02,119.18000030517578,119.18000030517578
2009-12-03,118.69999694824219,118.69999694824219
2009-12-04,113.75,113.75
2009-12-07,113.11000061035156,113.11000061035156
2009-12-08,110.94999694824219,110.94999694824219
2009-12-09,110.83999633789062,110.83999633789062
2009-12-10,110.81999969482422,110.81999969482422
2009-12-11,109.31999969482422,109.31999969482422
2009-12-14,110.23999786376953,110.23999786376953
2009-12-15,110.20999908447266,110.20999908447266
2009-12-16,111.58999633789062,111.58999633789062
2009-12-17,107.33999633789062,107.33999633789062
2009-12-18,108.94999694824219,108.94999694824219
2009-12-21,106.94999694824219,106.94999694824219
2009-12-22,106.16999816894531,106.16999816894531
2009-12-23,106.55000305175781,106.55000305175781
2009-12-24,108.36000061035156,108.36000061035156
2009-12-28,108.55000305175781,108.55000305175781
2009-12-29,107.47000122070312,107.47000122070312
2009-12-30,106.93000030517578,106.93000030517578
2009-12-31,107.30999755859375,107.30999755859375
2010-01-04,109.80000305175781,109.80000305175781
2010-01-05,109.69999694824219,109.69999694824219
2010-01-06,111.51000213623047,111.51000213623047
2010-01-07,110.81999969482422,110.81999969482422
2010-01-08,111.37000274658203,111.37000274658203
2010-01-11,112.8499984741211,112.8499984741211
2010-01-12,110.48999786376953,110.48999786376953
2010-01-13,111.54000091552734,111.54000091552734
2010-01-14,112.02999877929688,112.02999877929688
2010-01-15,110.86000061035156,110.86000061035156
2010-01-19,111.5199966430664,111.5199966430664
2010-01-20,108.94000244140625,108.94000244140625
2010-01-21,107.37000274658203,107.37000274658203
2010-01-22,107.16999816894531,107.16999816894531
2010-01-25,107.4800033569336,107.4800033569336
2010-01-26,107.55999755859375,107.55999755859375
2010-01-27,106.52999877929688,106.52999877929688
2010-01-28,106.4800033569336,106.4800033569336
2010-01-29,105.95999908447266,105.95999908447266
2010-02-01,108.3499984741211,108.3499984741211
2010-02-02,109.12999725341797,109.12999725341797
2010-02-03,108.69999694824219,108.69999694824219
2010-02-04,104.37000274658203,104.37000274658203
2010-02-05,104.68000030517578,104.68000030517578
2010-02-08,104.04000091552734,104.04000091552734
2010-02-09,105.41000366210938,105.41000366210938
2010-02-10,105.12000274658203,105.12000274658203
2010-02-11,107.12999725341797,107.12999725341797
2010-02-12,107.04000091552734,107.04000091552734
2010-02-16,109.62000274658203,109.62000274658203
2010-02-17,109.25,109.25
2010-02-18,109.9800033569336,109.9800033569336
2010-02-19,109.47000122070312,109.47000122070312
2010-02-22,109.06999969482422,109.06999969482422
2010-02-23,107.88999938964844,107.88999938964844
2010-02-24,107.36000061035156,107.36000061035156
2010-02-25,108.30999755859375,108.30999755859375
2010-02-26,109.43000030517578,109.43000030517578
2010-03-01,109.43000030517578,109.43000030517578
2010-03-02,111.0199966430664,111.0199966430664
2010-03-03,111.62999725341797,111.62999725341797
2010-03-04,110.83000183105469,110.83000183105469
2010-03-05,110.80999755859375,110.80999755859375
2010-03-08,109.87999725341797,109.87999725341797
2010-03-09,109.72000122070312,109.72000122070312
2010-03-10,108.47000122070312,108.47000122070312
2010-03-11,108.5999984741211,108.5999984741211
2010-03-12,107.94999694824219,107.94999694824219
2010-03-15,108.36000061035156,108.36000061035156
2010-03-16,110.4000015258789,110.4000015258789
2010-03-17,109.58999633789062,109.58999633789062
2010-03-18,110.33999633789062,110.33999633789062
2010-03-19,108.27999877929688,108.27999877929688
2010-03-22,107.75,107.75
2010-03-23,108.31999969482422,108.31999969482422
2010-03-24,106.30000305175781,106.30000305175781
2010-03-25,106.77999877929688,106.77999877929688
2010-03-26,108.58999633789062,108.58999633789062
2010-03-29,108.75,108.75
2010-03-30,107.97000122070312,107.97000122070312
2010-03-31,108.94999694824219,108.94999694824219
2010-04-01,110.26000213623047,110.26000213623047
2010-04-05,110.88999938964844,110.88999938964844
2010-04-06,111.02999877929688,111.02999877929688
2010-04-07,112.48999786376953,112.48999786376953
2010-04-08,112.6500015258789,112.6500015258789
2010-04-09,113.63999938964844,113.63999938964844
2010-04-12,113.01000213623047,113.01000213623047
2010-04-13,112.69000244140625,112.69000244140625
2010-04-14,113.02999877929688,113.02999877929688
2010-04-15,113.6500015258789,113.6500015258789
2010-04-16,111.23999786376953,111.23999786376953
2010-04-19,111.1500015258789,111.1500015258789
2010-04-20,111.45999908447266,111.45999908447266
2010-04-21,112.30999755859375,112.30999755859375
2010-04-22,111.83999633789062,111.83999633789062
2010-04-23,113.19000244140625,113.19000244140625
2010-04-26,112.75,112.75
2010-04-27,114.62999725341797,114.62999725341797
2010-04-28,114.30999755859375,114.30999755859375
2010-04-29,114.27999877929688,114.27999877929688
2010-04-30,115.36000061035156,115.36000061035156
2010-05-03,115.7300033569336,115.7300033569336
2010-05-04,114.87000274658203,114.87000274658203
2010-05-05,115.08999633789062,115.08999633789062
2010-05-06,118.48999786376953,118.48999786376953
2010-05-07,118.2699966430664,118.2699966430664
2010-05-10,117.56999969482422,117.56999969482422
2010-05-11,120.66000366210938,120.66000366210938
2010-05-12,121.4000015258789,121.4000015258789
2010-05-13,120.55999755859375,120.55999755859375
2010-05-14,120.37000274658203,120.37000274658203
2010-05-17,119.36000061035156,119.36000061035156
2010-05-18,119.48999786376953,119.48999786376953
2010-05-19,116.62999725341797,116.62999725341797
2010-05-20,115.83999633789062,115.83999633789062
2010-05-21,115.22000122070312,115.22000122070312
2010-05-24,116.83999633789062,116.83999633789062
2010-05-25,117.36000061035156,117.36000061035156
2010-05-26,118.47000122070312,118.47000122070312
2010-05-27,118.69000244140625,118.69000244140625
2010-05-28,118.87999725341797,118.87999725341797
2010-06-01,119.91000366210938,119.91000366210938
2010-06-02,119.77999877929688,119.77999877929688
2010-06-03,117.95999908447266,117.95999908447266
2010-06-04,119.19000244140625,119.19000244140625
2010-06-07,121.48999786376953,121.48999786376953
2010-06-08,121.0,121.0
2010-06-09,120.55999755859375,120.55999755859375
2010-06-10,118.97000122070312,118.97000122070312
2010-06-11,120.01000213623047,120.01000213623047
2010-06-14,119.5999984741211,119.5999984741211
2010-06-15,120.98999786376953,120.98999786376953
2010-06-16,120.33000183105469,120.33000183105469
2010-06-17,121.9000015258789,121.9000015258789
2010-06-18,122.83000183105469,122.83000183105469
2010-06-21,120.38999938964844,120.38999938964844
2010-06-22,121.44999694824219,121.44999694824219
2010-06-23,120.94999694824219,120.94999694824219
2010-06-24,121.30000305175781,121.30000305175781
2010-06-25,122.76000213623047,122.76000213623047
2010-06-28,121.08999633789062,121.08999633789062
2010-06-29,121.2699966430664,121.2699966430664
2010-06-30,121.68000030517578,121.68000030517578
2010-07-01,117.04000091552734,117.04000091552734
2010-07-02,118.48999786376953,118.48999786376953
2010-07-06,116.51000213623047,116.51000213623047
2010-07-07,117.7300033569336,117.7300033569336
2010-07-08,117.20999908447266,117.20999908447266
2010-07-09,118.36000061035156,118.36000061035156
2010-07-12,117.33999633789062,117.33999633789062
2010-07-13,118.36000061035156,118.36000061035156
2010-07-14,118.30000305175781,118.30000305175781
2010-07-15,118.2300033569336,118.2300033569336
2010-07-16,116.66999816894531,116.66999816894531
2010-07-19,115.7300033569336,115.7300033569336
2010-07-20,116.6500015258789,116.6500015258789
2010-07-21,115.8499984741211,115.8499984741211
2010-07-22,116.86000061035156,116.86000061035156
2010-07-23,116.08999633789062,116.08999633789062
2010-07-26,115.5199966430664,115.5199966430664
2010-07-27,113.51000213623047,113.51000213623047
2010-07-28,113.77999877929688,113.77999877929688
2010-07-29,114.29000091552734,114.29000091552734
2010-07-30,115.48999786376953,115.48999786376953
2010-08-02,115.54000091552734,115.54000091552734
2010-08-03,115.98999786376953,115.98999786376953
2010-08-04,116.72000122070312,116.72000122070312
2010-08-05,116.9800033569336,116.9800033569336
2010-08-06,117.83999633789062,117.83999633789062
2010-08-09,117.4000015258789,117.4000015258789
2010-08-10,117.7300033569336,117.7300033569336
2010-08-11,117.33999633789062,117.33999633789062
2010-08-12,118.7699966430664,118.7699966430664
2010-08-13,118.73999786376953,118.73999786376953
2010-08-16,119.7300033569336,119.7300033569336
2010-08-17,119.75,119.75
2010-08-18,120.22000122070312,120.22000122070312
2010-08-19,120.38999938964844,120.38999938964844
2010-08-20,119.97000122070312,119.97000122070312
2010-08-23,119.77999877929688,119.77999877929688
2010-08-24,120.36000061035156,120.36000061035156
2010-08-25,121.36000061035156,121.36000061035156
2010-08-26,120.95999908447266,120.95999908447266
2010-08-27,121.01000213623047,121.01000213623047
2010-08-30,120.91000366210938,120.91000366210938
2010-08-31,122.08000183105469,122.08000183105469
2010-09-01,121.69000244140625,121.69000244140625
2010-09-02,122.29000091552734,122.29000091552734
2010-09-03,121.86000061035156,121.86000061035156
2010-09-07,122.69999694824219,122.69999694824219
2010-09-08,122.70999908447266,122.70999908447266
2010-09-09,121.55999755859375,121.55999755859375
2010-09-10,121.7300033569336,121.7300033569336
2010-09-13,121.62000274658203,121.62000274658203
2010-09-14,124.0199966430664,124.0199966430664
2010-09-15,123.94000244140625,123.94000244140625
2010-09-16,124.62999725341797,124.62999725341797
2010-09-17,124.54000091552734,124.54000091552734
2010-09-20,124.87000274658203,124.87000274658203
2010-09-21,126.01000213623047,126.01000213623047
2010-09-22,126.19999694824219,126.19999694824219
2010-09-23,126.30000305175781,126.30000305175781
2010-09-24,126.69000244140625,126.69000244140625
2010-09-27,126.72000122070312,126.72000122070312
2010-09-28,127.8499984741211,127.8499984741211
2010-09-29,127.94999694824219,127.94999694824219
2010-09-30,127.91000366210938,127.91000366210938
2010-10-01,128.91000366210938,128.91000366210938
2010-10-04,128.4600067138672,128.4600067138672
2010-10-05,130.99000549316406,130.99000549316406
2010-10-06,131.80999755859375,131.80999755859375
2010-10-07,130.3699951171875,130.3699951171875
2010-10-08,131.66000366210938,131.66000366210938
2010-10-11,132.2899932861328,132.2899932861328
2010-10-12,131.9600067138672,131.9600067138672
2010-10-13,134.07000732421875,134.07000732421875
2010-10-14,134.75,134.75
2010-10-15,133.67999267578125,133.67999267578125
2010-10-18,134.27999877929688,134.27999877929688
2010-10-19,130.11000061035156,130.11000061035156
2010-10-20,131.32000732421875,131.32000732421875
2010-10-21,129.47000122070312,129.47000122070312
2010-10-22,129.72999572753906,129.72999572753906
2010-10-25,130.85000610351562,130.85000610351562
2010-10-26,130.8800048828125,130.8800048828125
2010-10-27,129.52000427246094,129.52000427246094
2010-10-28,131.24000549316406,131.24000549316406
2010-10-29,132.6199951171875,132.6199951171875
2010-11-01,131.9199981689453,131.9199981689453
2010-11-02,132.49000549316406,132.49000549316406
2010-11-03,131.57000732421875,131.57000732421875
2010-11-04,136.02999877929688,136.02999877929688
2010-11-05,136.3800048828125,136.3800048828125
2010-11-08,137.77999877929688,137.77999877929688
2010-11-09,135.58999633789062,135.58999633789062
2010-11-10,137.24000549316406,137.24000549316406
2010-11-11,137.66000366210938,137.66000366210938
2010-11-12,133.69000244140625,133.69000244140625
2010-11-15,132.4199981689453,132.4199981689453
2010-11-16,130.97000122070312,130.97000122070312
2010-11-17,130.3800048828125,130.3800048828125
2010-11-18,132.08999633789062,132.08999633789062
2010-11-19,132.1999969482422,132.1999969482422
2010-11-22,133.47999572753906,133.47999572753906
2010-11-23,134.41000366210938,134.41000366210938
2010-11-24,134.17999267578125,134.17999267578125
2010-11-26,133.11000061035156,133.11000061035156
2010-11-29,133.50999450683594,133.50999450683594
2010-11-30,135.4199981689453,135.4199981689453
2010-12-01,135.3800048828125,135.3800048828125
2010-12-02,135.1999969482422,135.1999969482422
2010-12-03,138.07000732421875,138.07000732421875
2010-12-06,139.11000061035156,139.11000061035156
2010-12-07,136.5,136.5
2010-12-08,134.7899932861328,134.7899932861328
2010-12-09,135.3699951171875,135.3699951171875
2010-12-10,135.41000366210938,135.41000366210938
2010-12-13,136.0500030517578,136.0500030517578
2010-12-14,136.17999267578125,136.17999267578125
2010-12-15,134.6999969482422,134.6999969482422
2010-12-16,133.80999755859375,133.80999755859375
2010-12-17,134.1999969482422,134.1999969482422
2010-12-20,135.11000061035156,135.11000061035156
2010-12-21,135.32000732421875,135.32000732421875
2010-12-22,135.0500030517578,135.0500030517578
2010-12-23,134.66000366210938,134.66000366210938
2010-12-27,135.02000427246094,135.02000427246094
2010-12-28,137.22000122070312,137.22000122070312
2010-12-29,137.7100067138672,137.7100067138672
2010-12-30,137.02999877929688,137.02999877929688
2010-12-31,138.72000122070312,138.72000122070312
2011-01-03,138.0,138.0
2011-01-04,134.75,134.75
2011-01-05,134.3699951171875,134.3699951171875
2011-01-06,133.8300018310547,133.8300018310547
2011-01-07,133.5800018310547,133.5800018310547
2011-01-10,134.1199951171875,134.1199951171875
2011-01-11,134.91000366210938,134.91000366210938
2011-01-12,135.4600067138672,135.4600067138672
2011-01-13,134.0500030517578,134.0500030517578
2011-01-14,132.69000244140625,132.69000244140625
2011-01-18,133.42999267578125,133.42999267578125
2011-01-19,133.72000122070312,133.72000122070312
2011-01-20,131.1999969482422,131.1999969482422
2011-01-21,131.02999877929688,131.02999877929688
2011-01-24,130.36000061035156,130.36000061035156
2011-01-25,130.10000610351562,130.10000610351562
2011-01-26,131.16000366210938,131.16000366210938
2011-01-27,127.93000030517578,127.93000030517578
2011-01-28,130.27999877929688,130.27999877929688
2011-01-31,129.8699951171875,129.8699951171875
2011-02-01,130.8000030517578,130.8000030517578
2011-02-02,130.4499969482422,130.4499969482422
2011-02-03,132.1999969482422,132.1999969482422
2011-02-04,131.66000366210938,131.66000366210938
2011-02-07,131.67999267578125,131.67999267578125
2011-02-08,133.13999938964844,133.13999938964844
2011-02-09,133.07000732421875,133.07000732421875
2011-02-10,132.85000610351562,132.85000610351562
2011-02-11,132.32000732421875,132.32000732421875
2011-02-14,132.9499969482422,132.9499969482422
2011-02-15,133.97000122070312,133.97000122070312
2011-02-16,134.10000610351562,134.10000610351562
2011-02-17,135.0399932861328,135.0399932861328
2011-02-18,135.41000366210938,135.41000366210938
2011-02-22,136.2899932861328,136.2899932861328
2011-02-23,137.50999450683594,137.50999450683594
2011-02-24,136.47999572753906,136.47999572753906
2011-02-25,137.3800048828125,137.3800048828125
2011-02-28,137.66000366210938,137.66000366210938
2011-03-01,140.02999877929688,140.02999877929688
2011-03-02,139.9199981689453,139.9199981689453
2011-03-03,138.08999633789062,138.08999633789062
2011-03-04,139.35000610351562,139.35000610351562
2011-03-07,139.72000122070312,139.72000122070312
2011-03-08,139.36000061035156,139.36000061035156
2011-03-09,139.41000366210938,139.41000366210938
2011-03-10,137.77000427246094,137.77000427246094
2011-03-11,138.22000122070312,138.22000122070312
2011-03-14,138.86000061035156,138.86000061035156
2011-03-15,136.27000427246094,136.27000427246094
2011-03-16,136.24000549316406,136.24000549316406
2011-03-17,136.97000122070312,136.97000122070312
2011-03-18,138.3699951171875,138.3699951171875
2011-03-21,139.13999938964844,139.13999938964844
2011-03-22,139.0500030517578,139.0500030517578
2011-03-23,140.33999633789062,140.33999633789062
2011-03-24,139.22000122070312,139.22000122070312
2011-03-25,139.25999450683594,139.25999450683594
2011-03-28,138.5399932861328,138.5399932861328
2011-03-29,138.2100067138672,138.2100067138672
2011-03-30,138.6699981689453,138.6699981689453
2011-03-31,139.86000061035156,139.86000061035156
2011-04-01,139.1999969482422,139.1999969482422
2011-04-04,139.83999633789062,139.83999633789062
2011-04-05,142.0500030517578,142.0500030517578
2011-04-06,142.3800048828125,142.3800048828125
2011-04-07,142.50999450683594,142.50999450683594
2011-04-08,143.66000366210938,143.66000366210938
2011-04-11,142.63999938964844,142.63999938964844
2011-04-12,141.61000061035156,141.61000061035156
2011-04-13,141.89999389648438,141.89999389648438
2011-04-14,143.80999755859375,143.80999755859375
2011-04-15,145.0500030517578,145.0500030517578
2011-04-18,145.92999267578125,145.92999267578125
2011-04-19,145.92999267578125,145.92999267578125
2011-04-20,146.5,146.5
2011-04-21,146.74000549316406,146.74000549316406
2011-04-25,146.8699951171875,146.8699951171875
2011-04-26,146.3800048828125,146.3800048828125
2011-04-27,149.1999969482422,149.1999969482422
2011-04-28,149.82000732421875,149.82000732421875
2011-04-29,152.3699951171875,152.3699951171875
2011-05-02,150.41000366210938,150.41000366210938
2011-05-03,149.8800048828125,149.8800048828125
2011-05-04,147.72999572753906,147.72999572753906
2011-05-05,143.47000122070312,143.47000122070312
2011-05-06,145.3000030517578,145.3000030517578
2011-05-09,147.3800048828125,147.3800048828125
2011-05-10,147.89999389648438,147.89999389648438
2011-05-11,146.5399932861328,146.5399932861328
2011-05-12,146.58999633789062,146.58999633789062
2011-05-13,145.6300048828125,145.6300048828125
2011-05-16,145.3699951171875,145.3699951171875
2011-05-17,144.74000549316406,144.74000549316406
2011-05-18,145.60000610351562,145.60000610351562
2011-05-19,145.64999389648438,145.64999389648438
2011-05-20,147.49000549316406,147.49000549316406
2011-05-23,147.8300018310547,147.8300018310547
2011-05-24,148.58999633789062,148.58999633789062
2011-05-25,148.5800018310547,148.5800018310547
2011-05-26,148.22000122070312,148.22000122070312
2011-05-27,149.6999969482422,149.6999969482422
2011-05-31,149.63999938964844,149.63999938964844
2011-06-01,149.91000366210938,149.91000366210938
2011-06-02,149.5,149.5
2011-06-03,150.22000122070312,150.22000122070312
2011-06-06,150.47999572753906,150.47999572753906
2011-06-07,150.4199981689453,150.4199981689453
2011-06-08,149.80999755859375,149.80999755859375
2011-06-09,150.55999755859375,150.55999755859375
2011-06-10,149.24000549316406,149.24000549316406
2011-06-13,147.77000427246094,147.77000427246094
2011-06-14,148.6699981689453,148.6699981689453
2011-06-15,149.1199951171875,149.1199951171875
2011-06-16,148.97000122070312,148.97000122070312
2011-06-17,149.94000244140625,149.94000244140625
2011-06-20,150.02999877929688,150.02999877929688
2011-06-21,150.75999450683594,150.75999450683594
2011-06-22,150.99000549316406,150.99000549316406
2011-06-23,148.33999633789062,148.33999633789062
2011-06-24,146.25999450683594,146.25999450683594
2011-06-27,145.72999572753906,145.72999572753906
2011-06-28,146.24000549316406,146.24000549316406
2011-06-29,147.17999267578125,147.17999267578125
2011-06-30,146.0,146.0
2011-07-01,144.92999267578125,144.92999267578125
2011-07-05,147.6300048828125,147.6300048828125
2011-07-06,148.91000366210938,148.91000366210938
2011-07-07,149.14999389648438,149.14999389648438
2011-07-08,150.25,150.25
2011-07-11,151.58999633789062,151.58999633789062
2011-07-12,152.77000427246094,152.77000427246094
2011-07-13,154.13999938964844,154.13999938964844
2011-07-14,154.5399932861328,154.5399932861328
2011-07-15,155.1999969482422,155.1999969482422
2011-07-18,156.57000732421875,156.57000732421875
2011-07-19,154.66000366210938,154.66000366210938
2011-07-20,156.02000427246094,156.02000427246094
2011-07-21,154.8300018310547,154.8300018310547
2011-07-22,156.1199951171875,156.1199951171875
2011-07-25,157.33999633789062,157.33999633789062
2011-07-26,157.77000427246094,157.77000427246094
2011-07-27,157.19000244140625,157.19000244140625
2011-07-28,157.32000732421875,157.32000732421875
2011-07-29,158.2899932861328,158.2899932861328
2011-08-01,157.72000122070312,157.72000122070312
2011-08-02,161.52000427246094,161.52000427246094
2011-08-03,161.49000549316406,161.49000549316406
2011-08-04,160.63999938964844,160.63999938964844
2011-08-05,161.75,161.75
2011-08-08,167.1199951171875,167.1199951171875
2011-08-09,168.61000061035156,168.61000061035156
2011-08-10,174.5800018310547,174.5800018310547
2011-08-11,170.75,170.75
2011-08-12,169.97000122070312,169.97000122070312
2011-08-15,171.8000030517578,171.8000030517578
2011-08-16,173.9199981689453,173.9199981689453
2011-08-17,174.4199981689453,174.4199981689453
2011-08-18,177.72000122070312,177.72000122070312
2011-08-19,179.9499969482422,179.9499969482422
2011-08-22,184.58999633789062,184.58999633789062
2011-08-23,177.6699981689453,177.6699981689453
2011-08-24,171.64999389648438,171.64999389648438
2011-08-25,172.36000061035156,172.36000061035156
2011-08-26,177.47000122070312,177.47000122070312
2011-08-29,173.88999938964844,173.88999938964844
2011-08-30,179.10000610351562,179.10000610351562
2011-08-31,177.72000122070312,177.72000122070312
2011-09-01,177.8699951171875,177.8699951171875
2011-09-02,183.24000549316406,183.24000549316406
2011-09-06,182.89999389648438,182.89999389648438
2011-09-07,177.0800018310547,177.0800018310547
2011-09-08,181.80999755859375,181.80999755859375
2011-09-09,180.6999969482422,180.6999969482422
2011-09-12,176.6699981689453,176.6699981689453
2011-09-13,178.5399932861328,178.5399932861328
2011-09-14,177.2100067138672,177.2100067138672
2011-09-15,174.39999389648438,174.39999389648438
2011-09-16,176.02999877929688,176.02999877929688
2011-09-19,173.30999755859375,173.30999755859375
2011-09-20,175.77999877929688,175.77999877929688
2011-09-21,173.58999633789062,173.58999633789062
2011-09-22,169.0500030517578,169.0500030517578
2011-09-23,159.8000030517578,159.8000030517578
2011-09-26,157.5800018310547,157.5800018310547
2011-09-27,160.6300048828125,160.6300048828125
2011-09-28,156.22000122070312,156.22000122070312
2011-09-29,157.6999969482422,157.6999969482422
2011-09-30,158.05999755859375,158.05999755859375
2011-10-03,160.9600067138672,160.9600067138672
2011-10-04,157.63999938964844,157.63999938964844
2011-10-05,159.4600067138672,159.4600067138672
2011-10-06,160.49000549316406,160.49000549316406
2011-10-07,159.17999267578125,159.17999267578125
2011-10-10,163.27000427246094,163.27000427246094
2011-10-11,162.10000610351562,162.10000610351562
2011-10-12,163.25999450683594,163.25999450683594
2011-10-13,162.3000030517578,162.3000030517578
2011-10-14,163.39999389648438,163.39999389648438
2011-10-17,162.6199951171875,162.6199951171875
2011-10-18,161.83999633789062,161.83999633789062
2011-10-19,159.8699951171875,159.8699951171875
2011-10-20,157.77000427246094,157.77000427246094
2011-10-21,159.52000427246094,159.52000427246094
2011-10-24,161.02000427246094,161.02000427246094
2011-10-25,165.58999633789062,165.58999633789062
2011-10-26,167.39999389648438,167.39999389648438
2011-10-27,169.5500030517578,169.5500030517578
2011-10-28,169.6199951171875,169.6199951171875
2011-10-31,167.33999633789062,167.33999633789062
2011-11-01,167.3800048828125,167.3800048828125
2011-11-02,169.05999755859375,169.05999755859375
2011-11-03,171.72000122070312,171.72000122070312
2011-11-04,170.85000610351562,170.85000610351562
2011-11-07,174.97999572753906,174.97999572753906
2011-11-08,173.52999877929688,173.52999877929688
2011-11-09,172.07000732421875,172.07000732421875
2011-11-10,171.13999938964844,171.13999938964844
2011-11-11,173.9600067138672,173.9600067138672
2011-11-14,173.1999969482422,173.1999969482422
2011-11-15,173.36000061035156,173.36000061035156
2011-11-16,171.50999450683594,171.50999450683594
2011-11-17,167.10000610351562,167.10000610351562
2011-11-18,167.6199951171875,167.6199951171875
2011-11-21,163.5,163.5
2011-11-22,165.30999755859375,165.30999755859375
2011-11-23,164.8300018310547,164.8300018310547
2011-11-25,163.39999389648438,163.39999389648438
2011-11-28,166.6300048828125,166.6300048828125
2011-11-29,166.8800048828125,166.8800048828125
2011-11-30,170.1300048828125,170.1300048828125
2011-12-01,169.6300048828125,169.6300048828125
2011-12-02,169.82000732421875,169.82000732421875
2011-12-05,167.32000732421875,167.32000732421875
2011-12-06,168.17999267578125,168.17999267578125
2011-12-07,169.39999389648438,169.39999389648438
2011-12-08,165.97999572753906,165.97999572753906
2011-12-09,166.39999389648438,166.39999389648438
2011-12-12,161.99000549316406,161.99000549316406
2011-12-13,158.4499969482422,158.4499969482422
2011-12-14,152.88999938964844,152.88999938964844
2011-12-15,152.3300018310547,152.3300018310547
2011-12-16,155.22999572753906,155.22999572753906
2011-12-19,154.8699951171875,154.8699951171875
2011-12-20,156.97999572753906,156.97999572753906
2011-12-21,157.16000366210938,157.16000366210938
2011-12-22,156.0399932861328,156.0399932861328
2011-12-23,156.30999755859375,156.30999755859375
2011-12-27,154.91000366210938,154.91000366210938
2011-12-28,151.02999877929688,151.02999877929688
2011-12-29,150.33999633789062,150.33999633789062
2011-12-30,151.99000549316406,151.99000549316406
2012-01-03,155.9199981689453,155.9199981689453
2012-01-04,156.7100067138672,156.7100067138672
2012-01-05,157.77999877929688,157.77999877929688
2012-01-06,157.1999969482422,157.1999969482422
2012-01-09,156.5,156.5
2012-01-10,158.63999938964844,158.63999938964844
2012-01-11,159.6699981689453,159.6699981689453
2012-01-12,160.3800048828125,160.3800048828125
2012-01-13,159.25999450683594,159.25999450683594
2012-01-17,160.5,160.5
2012-01-18,161.60000610351562,161.60000610351562
2012-01-19,161.22000122070312,161.22000122070312
2012-01-20,162.07000732421875,162.07000732421875
2012-01-23,163.16000366210938,163.16000366210938
2012-01-24,162.00999450683594,162.00999450683594
2012-01-25,166.4199981689453,166.4199981689453
2012-01-26,167.27000427246094,167.27000427246094
2012-01-27,168.97000122070312,168.97000122070312
2012-01-30,168.02999877929688,168.02999877929688
2012-01-31,169.30999755859375,169.30999755859375
2012-02-01,169.55999755859375,169.55999755859375
2012-02-02,171.0500030517578,171.0500030517578
2012-02-03,167.63999938964844,167.63999938964844
2012-02-06,167.17999267578125,167.17999267578125
2012-02-07,169.6999969482422,169.6999969482422
2012-02-08,168.5,168.5
2012-02-09,168.02000427246094,168.02000427246094
2012-02-10,167.13999938964844,167.13999938964844
2012-02-13,167.50999450683594,167.50999450683594
2012-02-14,167.1199951171875,167.1199951171875
2012-02-15,168.11000061035156,168.11000061035156
2012-02-16,168.0,168.0
2012-02-17,167.35000610351562,167.35000610351562
2012-02-21,171.02000427246094,171.02000427246094
2012-02-22,172.94000244140625,172.94000244140625
2012-02-23,173.02000427246094,173.02000427246094
2012-02-24,172.22999572753906,172.22999572753906
2012-02-27,171.6999969482422,171.6999969482422
2012-02-28,173.49000549316406,173.49000549316406
2012-02-29,164.2899932861328,164.2899932861328
2012-03-01,166.61000061035156,166.61000061035156
2012-03-02,166.33999633789062,166.33999633789062
2012-03-05,165.64999389648438,165.64999389648438
2012-03-06,162.6999969482422,162.6999969482422
2012-03-07,163.6300048828125,163.6300048828125
2012-03-08,165.27999877929688,165.27999877929688
2012-03-09,166.3800048828125,166.3800048828125
2012-03-12,165.07000732421875,165.07000732421875
2012-03-13,162.3000030517578,162.3000030517578
2012-03-14,159.57000732421875,159.57000732421875
2012-03-15,161.0800018310547,161.0800018310547
2012-03-16,161.3000030517578,161.3000030517578
2012-03-19,161.58999633789062,161.58999633789062
2012-03-20,160.1300048828125,160.1300048828125
2012-03-21,160.2100067138672,160.2100067138672
2012-03-22,159.57000732421875,159.57000732421875
2012-03-23,161.52999877929688,161.52999877929688
2012-03-26,164.39999389648438,164.39999389648438
2012-03-27,163.24000549316406,163.24000549316406
2012-03-28,161.50999450683594,161.50999450683594
2012-03-29,161.27999877929688,161.27999877929688
2012-03-30,162.1199951171875,162.1199951171875
2012-04-02,162.94000244140625,162.94000244140625
2012-04-03,159.88999938964844,159.88999938964844
2012-04-04,157.2100067138672,157.2100067138672
2012-04-05,158.30999755859375,158.30999755859375
2012-04-09,159.3699951171875,159.3699951171875
2012-04-10,161.10000610351562,161.10000610351562
2012-04-11,161.07000732421875,161.07000732421875
2012-04-12,162.6999969482422,162.6999969482422
2012-04-13,160.85000610351562,160.85000610351562
2012-04-16,160.4600067138672,160.4600067138672
2012-04-17,160.25,160.25
2012-04-18,159.30999755859375,159.30999755859375
2012-04-19,159.42999267578125,159.42999267578125
2012-04-20,159.5399932861328,159.5399932861328
2012-04-23,159.07000732421875,159.07000732421875
2012-04-24,159.3000030517578,159.3000030517578
2012-04-25,159.6199951171875,159.6199951171875
2012-04-26,161.02999877929688,161.02999877929688
2012-04-27,161.3800048828125,161.3800048828125
2012-04-30,161.8800048828125,161.8800048828125
2012-05-01,161.32000732421875,161.32000732421875
2012-05-02,160.58999633789062,160.58999633789062
2012-05-03,158.97000122070312,158.97000122070312
2012-05-04,159.47000122070312,159.47000122070312
2012-05-07,159.0800018310547,159.0800018310547
2012-05-08,156.0,156.0
2012-05-09,154.47000122070312,154.47000122070312
2012-05-10,154.77000427246094,154.77000427246094
2012-05-11,153.55999755859375,153.55999755859375
2012-05-14,151.3300018310547,151.3300018310547
2012-05-15,149.74000549316406,149.74000549316406
2012-05-16,149.4600067138672,149.4600067138672
2012-05-17,152.8000030517578,152.8000030517578
2012-05-18,154.5500030517578,154.5500030517578
2012-05-21,154.64999389648438,154.64999389648438
2012-05-22,152.0800018310547,152.0800018310547
2012-05-23,151.6199951171875,151.6199951171875
2012-05-24,151.41000366210938,151.41000366210938
2012-05-25,152.67999267578125,152.67999267578125
2012-05-29,151.02000427246094,151.02000427246094
2012-05-30,151.91000366210938,151.91000366210938
2012-05-31,151.6199951171875,151.6199951171875
2012-06-01,157.5,157.5
2012-06-04,157.32000732421875,157.32000732421875
2012-06-05,157.13999938964844,157.13999938964844
2012-06-06,157.2100067138672,157.2100067138672
2012-06-07,154.5,154.5
2012-06-08,154.72999572753906,154.72999572753906
2012-06-11,155.36000061035156,155.36000061035156
2012-06-12,156.4600067138672,156.4600067138672
2012-06-13,157.1199951171875,157.1199951171875
2012-06-14,157.75,157.75
2012-06-15,157.83999633789062,157.83999633789062
2012-06-18,157.92999267578125,157.92999267578125
2012-06-19,157.16000366210938,157.16000366210938
2012-06-20,155.97000122070312,155.97000122070312
2012-06-21,152.02000427246094,152.02000427246094
2012-06-22,152.63999938964844,152.63999938964844
2012-06-25,153.75999450683594,153.75999450683594
2012-06-26,152.6199951171875,152.6199951171875
2012-06-27,152.8300018310547,152.8300018310547
2012-06-28,151.0500030517578,151.0500030517578
2012-06-29,155.19000244140625,155.19000244140625
2012-07-02,155.08999633789062,155.08999633789062
2012-07-03,157.4600067138672,157.4600067138672
2012-07-05,155.67999267578125,155.67999267578125
2012-07-06,153.7100067138672,153.7100067138672
2012-07-09,154.0399932861328,154.0399932861328
2012-07-10,152.14999389648438,152.14999389648438
2012-07-11,152.99000549316406,152.99000549316406
2012-07-12,152.58999633789062,152.58999633789062
2012-07-13,154.13999938964844,154.13999938964844
2012-07-16,154.2100067138672,154.2100067138672
2012-07-17,153.47000122070312,153.47000122070312
2012-07-18,153.0500030517578,153.0500030517578
2012-07-19,153.3800048828125,153.3800048828125
2012-07-20,153.6699981689453,153.6699981689453
2012-07-23,153.02999877929688,153.02999877929688
2012-07-24,153.52000427246094,153.52000427246094
2012-07-25,155.6699981689453,155.6699981689453
2012-07-26,156.77000427246094,156.77000427246094
2012-07-27,157.5399932861328,157.5399932861328
2012-07-30,157.42999267578125,157.42999267578125
2012-07-31,156.49000549316406,156.49000549316406
2012-08-01,155.13999938964844,155.13999938964844
2012-08-02,154.1300048828125,154.1300048828125
2012-08-03,155.5500030517578,155.5500030517578
2012-08-06,156.3000030517578,156.3000030517578
2012-08-07,156.27999877929688,156.27999877929688
2012-08-08,156.47999572753906,156.47999572753906
2012-08-09,156.99000549316406,156.99000549316406
2012-08-10,157.17999267578125,157.17999267578125
2012-08-13,155.99000549316406,155.99000549316406
2012-08-14,155.1300048828125,155.1300048828125
2012-08-15,155.6300048828125,155.6300048828125
2012-08-16,156.55999755859375,156.55999755859375
2012-08-17,156.72000122070312,156.72000122070312
2012-08-20,157.25999450683594,157.25999450683594
2012-08-21,158.8300018310547,158.8300018310547
2012-08-22,160.5399932861328,160.5399932861328
2012-08-23,161.88999938964844,161.88999938964844
2012-08-24,161.97000122070312,161.97000122070312
2012-08-27,161.36000061035156,161.36000061035156
2012-08-28,161.63999938964844,161.63999938964844
2012-08-29,160.58999633789062,160.58999633789062
2012-08-30,160.52000427246094,160.52000427246094
2012-08-31,164.22000122070312,164.22000122070312
2012-09-04,164.47999572753906,164.47999572753906
2012-09-05,164.30999755859375,164.30999755859375
2012-09-06,164.88999938964844,164.88999938964844
2012-09-07,168.44000244140625,168.44000244140625
2012-09-10,167.2899932861328,167.2899932861328
2012-09-11,167.89999389648438,167.89999389648438
2012-09-12,167.9199981689453,167.9199981689453
2012-09-13,171.30999755859375,171.30999755859375
2012-09-14,171.8000030517578,171.8000030517578
2012-09-17,170.39999389648438,170.39999389648438
2012-09-18,171.72000122070312,171.72000122070312
2012-09-19,171.74000549316406,171.74000549316406
2012-09-20,171.47000122070312,171.47000122070312
2012-09-21,171.9600067138672,171.9600067138672
2012-09-24,171.0500030517578,171.0500030517578
2012-09-25,170.77000427246094,170.77000427246094
2012-09-26,169.80999755859375,169.80999755859375
2012-09-27,172.33999633789062,172.33999633789062
2012-09-28,171.88999938964844,171.88999938964844
2012-10-01,172.2899932861328,172.2899932861328
2012-10-02,172.10000610351562,172.10000610351562
2012-10-03,172.41000366210938,172.41000366210938
2012-10-04,173.61000061035156,173.61000061035156
2012-10-05,172.6199951171875,172.6199951171875
2012-10-08,172.0500030517578,172.0500030517578
2012-10-09,170.99000549316406,170.99000549316406
2012-10-10,170.83999633789062,170.83999633789062
2012-10-11,171.32000732421875,171.32000732421875
2012-10-12,170.05999755859375,170.05999755859375
2012-10-15,168.35000610351562,168.35000610351562
2012-10-16,169.4199981689453,169.4199981689453
2012-10-17,169.5399932861328,169.5399932861328
2012-10-18,168.7899932861328,168.7899932861328
2012-10-19,166.97000122070312,166.97000122070312
2012-10-22,167.5800018310547,167.5800018310547
2012-10-23,165.42999267578125,165.42999267578125
2012-10-24,164.86000061035156,164.86000061035156
2012-10-25,166.02000427246094,166.02000427246094
2012-10-26,165.92999267578125,165.92999267578125
2012-10-31,166.8300018310547,166.8300018310547
2012-11-01,166.07000732421875,166.07000732421875
2012-11-02,162.60000610351562,162.60000610351562
2012-11-05,163.22999572753906,163.22999572753906
2012-11-06,166.3000030517578,166.3000030517578
2012-11-07,166.49000549316406,166.49000549316406
2012-11-08,167.99000549316406,167.99000549316406
2012-11-09,167.82000732421875,167.82000732421875
2012-11-12,167.4499969482422,167.4499969482422
2012-11-13,167.10000610351562,167.10000610351562
2012-11-14,167.13999938964844,167.13999938964844
2012-11-15,166.08999633789062,166.08999633789062
2012-11-16,165.8800048828125,165.8800048828125
2012-11-19,167.8699951171875,167.8699951171875
2012-11-20,167.38999938964844,167.38999938964844
2012-11-21,167.55999755859375,167.55999755859375
2012-11-23,169.61000061035156,169.61000061035156
2012-11-26,169.42999267578125,169.42999267578125
2012-11-27,168.7100067138672,168.7100067138672
2012-11-28,166.5500030517578,166.5500030517578
2012-11-29,167.17999267578125,167.17999267578125
2012-11-30,166.0500030517578,166.0500030517578
2012-12-03,166.1300048828125,166.1300048828125
2012-12-04,164.4199981689453,164.4199981689453
2012-12-05,164.1199951171875,164.1199951171875
2012-12-06,164.5,164.5
2012-12-07,165.16000366210938,165.16000366210938
2012-12-10,165.8000030517578,165.8000030517578
2012-12-11,165.64999389648438,165.64999389648438
2012-12-12,165.77000427246094,165.77000427246094
2012-12-13,164.3699951171875,164.3699951171875
2012-12-14,164.1300048828125,164.1300048828125
2012-12-17,164.44000244140625,164.44000244140625
2012-12-18,162.0800018310547,162.0800018310547
2012-12-19,161.69000244140625,161.69000244140625
2012-12-20,159.72999572753906,159.72999572753906
2012-12-21,160.3300018310547,160.3300018310547
2012-12-24,160.6199951171875,160.6199951171875
2012-12-26,160.77999877929688,160.77999877929688
2012-12-27,161.16000366210938,161.16000366210938
2012-12-28,160.5399932861328,160.5399932861328
2012-12-31,162.02000427246094,162.02000427246094
2013-01-02,163.1699981689453,163.1699981689453
2013-01-03,161.1999969482422,161.1999969482422
2013-01-04,160.44000244140625,160.44000244140625
2013-01-07,159.42999267578125,159.42999267578125
2013-01-08,160.55999755859375,160.55999755859375
2013-01-09,160.49000549316406,160.49000549316406
2013-01-10,161.97999572753906,161.97999572753906
2013-01-11,161.05999755859375,161.05999755859375
2013-01-14,161.5399932861328,161.5399932861328
2013-01-15,162.55999755859375,162.55999755859375
2013-01-16,162.64999389648438,162.64999389648438
2013-01-17,163.35000610351562,163.35000610351562
2013-01-18,163.08999633789062,163.08999633789062
2013-01-22,163.6699981689453,163.6699981689453
2013-01-23,163.2100067138672,163.2100067138672
2013-01-24,161.4199981689453,161.4199981689453
2013-01-25,160.64999389648438,160.64999389648438
2013-01-28,160.2899932861328,160.2899932861328
2013-01-29,160.99000549316406,160.99000549316406
2013-01-30,162.19000244140625,162.19000244140625
2013-01-31,161.1999969482422,161.1999969482422
2013-02-01,161.4499969482422,161.4499969482422
2013-02-04,162.0,162.0
2013-02-05,161.9600067138672,161.9600067138672
2013-02-06,162.38999938964844,162.38999938964844
2013-02-07,161.83999633789062,161.83999633789062
2013-02-08,161.57000732421875,161.57000732421875
2013-02-11,159.6999969482422,159.6999969482422
2013-02-12,159.88999938964844,159.88999938964844
2013-02-13,159.0500030517578,159.0500030517578
2013-02-14,158.35000610351562,158.35000610351562
2013-02-15,155.75999450683594,155.75999450683594
2013-02-19,155.3300018310547,155.3300018310547
2013-02-20,151.44000244140625,151.44000244140625
2013-02-21,152.6199951171875,152.6199951171875
2013-02-22,152.97000122070312,152.97000122070312
2013-02-25,154.33999633789062,154.33999633789062
2013-02-26,156.22000122070312,156.22000122070312
2013-02-27,154.57000732421875,154.57000732421875
2013-02-28,153.0,153.0
2013-03-01,152.44000244140625,152.44000244140625
2013-03-04,152.3000030517578,152.3000030517578
2013-03-05,152.3800048828125,152.3800048828125
2013-03-06,153.22999572753906,153.22999572753906
2013-03-07,152.69000244140625,152.69000244140625
2013-03-08,152.7100067138672,152.7100067138672
2013-03-11,152.99000549316406,152.99000549316406
2013-03-12,154.19000244140625,154.19000244140625
2013-03-13,153.66000366210938,153.66000366210938
2013-03-14,153.67999267578125,153.67999267578125
2013-03-15,154.0,154.0
2013-03-18,155.3800048828125,155.3800048828125
2013-03-19,156.0800018310547,156.0800018310547
2013-03-20,155.3699951171875,155.3699951171875
2013-03-21,156.25,156.25
2013-03-22,155.5500030517578,155.5500030517578
2013-03-25,155.24000549316406,155.24000549316406
2013-03-26,154.72000122070312,154.72000122070312
2013-03-27,155.36000061035156,155.36000061035156
2013-03-28,154.4499969482422,154.4499969482422
2013-04-01,154.6699981689453,154.6699981689453
2013-04-02,152.42999267578125,152.42999267578125
2013-04-03,150.72999572753906,150.72999572753906
2013-04-04,150.2899932861328,150.2899932861328
2013-04-05,152.80999755859375,152.80999755859375
2013-04-08,152.16000366210938,152.16000366210938
2013-04-09,153.33999633789062,153.33999633789062
2013-04-10,150.75,150.75
2013-04-11,151.0500030517578,151.0500030517578
2013-04-12,143.9499969482422,143.9499969482422
2013-04-15,131.30999755859375,131.30999755859375
2013-04-16,132.8000030517578,132.8000030517578
2013-04-17,132.8699951171875,132.8699951171875
2013-04-18,134.3000030517578,134.3000030517578
2013-04-19,135.47000122070312,135.47000122070312
2013-04-22,137.89999389648438,137.89999389648438
2013-04-23,136.8800048828125,136.8800048828125
2013-04-24,138.3699951171875,138.3699951171875
2013-04-25,141.6300048828125,141.6300048828125
2013-04-26,140.91000366210938,140.91000366210938
2013-04-29,142.3000030517578,142.3000030517578
2013-04-30,142.77000427246094,142.77000427246094
2013-05-01,141.11000061035156,141.11000061035156
2013-05-02,141.9199981689453,141.9199981689453
2013-05-03,142.08999633789062,142.08999633789062
2013-05-06,142.14999389648438,142.14999389648438
2013-05-07,140.3800048828125,140.3800048828125
2013-05-08,142.4600067138672,142.4600067138672
2013-05-09,140.80999755859375,140.80999755859375
2013-05-10,139.60000610351562,139.60000610351562
2013-05-13,138.42999267578125,138.42999267578125
2013-05-14,137.80999755859375,137.80999755859375
2013-05-15,134.6300048828125,134.6300048828125
2013-05-16,134.08999633789062,134.08999633789062
2013-05-17,131.07000732421875,131.07000732421875
2013-05-20,135.1199951171875,135.1199951171875
2013-05-21,132.8800048828125,132.8800048828125
2013-05-22,131.94000244140625,131.94000244140625
2013-05-23,134.61000061035156,134.61000061035156
2013-05-24,133.75999450683594,133.75999450683594
2013-05-28,133.49000549316406,133.49000549316406
2013-05-29,134.8300018310547,134.8300018310547
2013-05-30,136.6999969482422,136.6999969482422
2013-05-31,133.9199981689453,133.9199981689453
2013-06-03,136.50999450683594,136.50999450683594
2013-06-04,135.22999572753906,135.22999572753906
2013-06-05,135.52000427246094,135.52000427246094
2013-06-06,136.52999877929688,136.52999877929688
2013-06-07,133.27999877929688,133.27999877929688
2013-06-10,133.94000244140625,133.94000244140625
2013-06-11,133.25,133.25
2013-06-12,134.25,134.25
2013-06-13,133.74000549316406,133.74000549316406
2013-06-14,134.42999267578125,134.42999267578125
2013-06-17,133.77000427246094,133.77000427246094
2013-06-18,132.1300048828125,132.1300048828125
2013-06-19,130.58999633789062,130.58999633789062
2013-06-20,123.5999984741211,123.5999984741211
2013-06-21,125.05000305175781,125.05000305175781
2013-06-24,123.93000030517578,123.93000030517578
2013-06-25,123.47000122070312,123.47000122070312
2013-06-26,118.27999877929688,118.27999877929688
2013-06-27,115.94000244140625,115.94000244140625
2013-06-28,119.11000061035156,119.11000061035156
2013-07-01,121.12999725341797,121.12999725341797
2013-07-02,120.05000305175781,120.05000305175781
2013-07-03,120.73999786376953,120.73999786376953
2013-07-05,118.08999633789062,118.08999633789062
2013-07-08,119.51000213623047,119.51000213623047
2013-07-09,120.62000274658203,120.62000274658203
2013-07-10,120.94999694824219,120.94999694824219
2013-07-11,124.23999786376953,124.23999786376953
2013-07-12,124.12999725341797,124.12999725341797
2013-07-15,124.18000030517578,124.18000030517578
2013-07-16,124.88999938964844,124.88999938964844
2013-07-17,123.31999969482422,123.31999969482422
2013-07-18,124.01000213623047,124.01000213623047
2013-07-19,125.11000061035156,125.11000061035156
2013-07-22,128.83999633789062,128.83999633789062
2013-07-23,129.7100067138672,129.7100067138672
2013-07-24,127.4800033569336,127.4800033569336
2013-07-25,128.6699981689453,128.6699981689453
2013-07-26,128.77999877929688,128.77999877929688
2013-07-29,128.47000122070312,128.47000122070312
2013-07-30,128.1199951171875,128.1199951171875
2013-07-31,127.95999908447266,127.95999908447266
2013-08-01,126.61000061035156,126.61000061035156
2013-08-02,126.36000061035156,126.36000061035156
2013-08-05,125.69999694824219,125.69999694824219
2013-08-06,123.97000122070312,123.97000122070312
2013-08-07,124.1500015258789,124.1500015258789
2013-08-08,126.86000061035156,126.86000061035156
2013-08-09,126.86000061035156,126.86000061035156
2013-08-12,129.1300048828125,129.1300048828125
2013-08-13,127.73999786376953,127.73999786376953
2013-08-14,129.0,129.0
2013-08-15,131.69000244140625,131.69000244140625
2013-08-16,132.5800018310547,132.5800018310547
2013-08-19,132.00999450683594,132.00999450683594
2013-08-20,132.4499969482422,132.4499969482422
2013-08-21,132.07000732421875,132.07000732421875
2013-08-22,132.80999755859375,132.80999755859375
2013-08-23,134.89999389648438,134.89999389648438
2013-08-26,135.4499969482422,135.4499969482422
2013-08-27,136.75,136.75
2013-08-28,136.7100067138672,136.7100067138672
2013-08-29,135.8699951171875,135.8699951171875
2013-08-30,134.6199951171875,134.6199951171875
2013-09-03,136.4199981689453,136.4199981689453
2013-09-04,134.66000366210938,134.66000366210938
2013-09-05,132.1999969482422,132.1999969482422
2013-09-06,134.14999389648438,134.14999389648438
2013-09-09,133.91000366210938,133.91000366210938
2013-09-10,131.74000549316406,131.74000549316406
2013-09-11,131.6999969482422,131.6999969482422
2013-09-12,127.66999816894531,127.66999816894531
2013-09-13,127.81999969482422,127.81999969482422
2013-09-16,126.44999694824219,126.44999694824219
2013-09-17,126.5,126.5
2013-09-18,132.00999450683594,132.00999450683594
2013-09-19,131.75,131.75
2013-09-20,127.95999908447266,127.95999908447266
2013-09-23,127.55000305175781,127.55000305175781
2013-09-24,127.66000366210938,127.66000366210938
2013-09-25,128.7899932861328,128.7899932861328
2013-09-26,127.79000091552734,127.79000091552734
2013-09-27,128.97000122070312,128.97000122070312
2013-09-30,128.17999267578125,128.17999267578125
2013-10-01,124.58999633789062,124.58999633789062
2013-10-02,127.05999755859375,127.05999755859375
2013-10-03,127.18000030517578,127.18000030517578
2013-10-04,126.52999877929688,126.52999877929688
2013-10-07,127.63999938964844,127.63999938964844
2013-10-08,127.4000015258789,127.4000015258789
2013-10-09,126.11000061035156,126.11000061035156
2013-10-10,124.2699966430664,124.2699966430664
2013-10-11,122.5999984741211,122.5999984741211
2013-10-14,122.83000183105469,122.83000183105469
2013-10-15,123.7300033569336,123.7300033569336
2013-10-16,123.54000091552734,123.54000091552734
2013-10-17,127.41999816894531,127.41999816894531
2013-10-18,126.8499984741211,126.8499984741211
2013-10-21,126.9800033569336,126.9800033569336
2013-10-22,129.33999633789062,129.33999633789062
2013-10-23,128.69000244140625,128.69000244140625
2013-10-24,129.89999389648438,129.89999389648438
2013-10-25,130.4600067138672,130.4600067138672
2013-10-28,130.55999755859375,130.55999755859375
2013-10-29,129.77000427246094,129.77000427246094
2013-10-30,129.60000610351562,129.60000610351562
2013-10-31,127.73999786376953,127.73999786376953
2013-11-01,126.94999694824219,126.94999694824219
2013-11-04,126.80999755859375,126.80999755859375
2013-11-05,126.55999755859375,126.55999755859375
2013-11-06,127.19999694824219,127.19999694824219
2013-11-07,126.16000366210938,126.16000366210938
2013-11-08,124.27999877929688,124.27999877929688
2013-11-11,123.87000274658203,123.87000274658203
2013-11-12,122.44999694824219,122.44999694824219
2013-11-13,122.8499984741211,122.8499984741211
2013-11-14,124.2699966430664,124.2699966430664
2013-11-15,124.31999969482422,124.31999969482422
2013-11-18,122.9000015258789,122.9000015258789
2013-11-19,122.94999694824219,122.94999694824219
2013-11-20,120.12000274658203,120.12000274658203
2013-11-21,119.94000244140625,119.94000244140625
2013-11-22,119.91999816894531,119.91999816894531
2013-11-25,120.45999908447266,120.45999908447266
2013-11-26,119.81999969482422,119.81999969482422
2013-11-27,119.45999908447266,119.45999908447266
2013-11-29,120.69999694824219,120.69999694824219
2013-12-02,117.58000183105469,117.58000183105469
2013-12-03,117.95999908447266,117.95999908447266
2013-12-04,119.95999908447266,119.95999908447266
2013-12-05,118.30000305175781,118.30000305175781
2013-12-06,118.55000305175781,118.55000305175781
2013-12-09,119.72000122070312,119.72000122070312
2013-12-10,121.81999969482422,121.81999969482422
2013-12-11,120.86000061035156,120.86000061035156
2013-12-12,118.29000091552734,118.29000091552734
2013-12-13,119.37999725341797,119.37999725341797
2013-12-16,119.69000244140625,119.69000244140625
2013-12-17,118.6500015258789,118.6500015258789
2013-12-18,117.61000061035156,117.61000061035156
2013-12-19,114.81999969482422,114.81999969482422
2013-12-20,115.94000244140625,115.94000244140625
2013-12-23,115.56999969482422,115.56999969482422
2013-12-24,116.0999984741211,116.0999984741211
2013-12-26,116.73999786376953,116.73999786376953
2013-12-27,117.12000274658203,117.12000274658203
2013-12-30,115.38999938964844,115.38999938964844
2013-12-31,116.12000274658203,116.12000274658203
2014-01-02,118.0,118.0
2014-01-03,119.29000091552734,119.29000091552734
2014-01-06,119.5,119.5
2014-01-07,118.81999969482422,118.81999969482422
2014-01-08,118.12000274658203,118.12000274658203
2014-01-09,118.45999908447266,118.45999908447266
2014-01-10,120.26000213623047,120.26000213623047
2014-01-13,121.0199966430664,121.0199966430664
2014-01-14,119.88999938964844,119.88999938964844
2014-01-15,119.66000366210938,119.66000366210938
2014-01-16,119.79000091552734,119.79000091552734
2014-01-17,120.93000030517578,120.93000030517578
2014-01-21,119.69999694824219,119.69999694824219
2014-01-22,119.19000244140625,119.19000244140625
2014-01-23,121.79000091552734,121.79000091552734
2014-01-24,122.29000091552734,122.29000091552734
2014-01-27,120.95999908447266,120.95999908447266
2014-01-28,120.94999694824219,120.94999694824219
2014-01-29,122.47000122070312,122.47000122070312
2014-01-30,119.7699966430664,119.7699966430664
2014-01-31,120.08999633789062,120.08999633789062
2014-02-03,121.31999969482422,121.31999969482422
2014-02-04,120.98999786376953,120.98999786376953
2014-02-05,121.29000091552734,121.29000091552734
2014-02-06,121.23999786376953,121.23999786376953
2014-02-07,122.16999816894531,122.16999816894531
2014-02-10,122.91999816894531,122.91999816894531
2014-02-11,124.36000061035156,124.36000061035156
2014-02-12,124.43000030517578,124.43000030517578
2014-02-13,125.48999786376953,125.48999786376953
2014-02-14,127.1500015258789,127.1500015258789
2014-02-18,127.4000015258789,127.4000015258789
2014-02-19,126.2699966430664,126.2699966430664
2014-02-20,127.5999984741211,127.5999984741211
2014-02-21,127.58000183105469,127.58000183105469
2014-02-24,128.99000549316406,128.99000549316406
2014-02-25,129.2100067138672,129.2100067138672
2014-02-26,128.11000061035156,128.11000061035156
2014-02-27,128.1999969482422,128.1999969482422
2014-02-28,127.62000274658203,127.62000274658203
2014-03-03,130.2899932861328,130.2899932861328
2014-03-04,128.67999267578125,128.67999267578125
2014-03-05,128.88999938964844,128.88999938964844
2014-03-06,130.1699981689453,130.1699981689453
2014-03-07,129.08999633789062,129.08999633789062
2014-03-10,129.1300048828125,129.1300048828125
2014-03-11,129.86000061035156,129.86000061035156
2014-03-12,131.75999450683594,131.75999450683594
2014-03-13,132.2100067138672,132.2100067138672
2014-03-14,133.10000610351562,133.10000610351562
2014-03-17,131.63999938964844,131.63999938964844
2014-03-18,130.6199951171875,130.6199951171875
2014-03-19,128.08999633789062,128.08999633789062
2014-03-20,127.86000061035156,127.86000061035156
2014-03-21,128.47000122070312,128.47000122070312
2014-03-24,126.18000030517578,126.18000030517578
2014-03-25,126.41000366210938,126.41000366210938
2014-03-26,125.41000366210938,125.41000366210938
2014-03-27,124.58999633789062,124.58999633789062
2014-03-28,124.55999755859375,124.55999755859375
2014-03-31,123.61000061035156,123.61000061035156
2014-04-01,123.38999938964844,123.38999938964844
2014-04-02,124.31999969482422,124.31999969482422
2014-04-03,123.91999816894531,123.91999816894531
2014-04-04,125.56999969482422,125.56999969482422
2014-04-07,124.91000366210938,124.91000366210938
2014-04-08,126.08999633789062,126.08999633789062
2014-04-09,126.31999969482422,126.31999969482422
2014-04-10,127.01000213623047,127.01000213623047
2014-04-11,126.93000030517578,126.93000030517578
2014-04-14,127.8499984741211,127.8499984741211
2014-04-15,125.48999786376953,125.48999786376953
2014-04-16,125.54000091552734,125.54000091552734
2014-04-17,124.75,124.75
2014-04-21,124.23999786376953,124.23999786376953
2014-04-22,123.77999877929688,123.77999877929688
2014-04-23,123.76000213623047,123.76000213623047
2014-04-24,124.55999755859375,124.55999755859375
2014-04-25,125.43000030517578,125.43000030517578
2014-04-28,124.87999725341797,124.87999725341797
2014-04-29,124.86000061035156,124.86000061035156
2014-04-30,124.22000122070312,124.22000122070312
2014-05-01,123.80000305175781,123.80000305175781
2014-05-02,125.05999755859375,125.05999755859375
2014-05-05,126.22000122070312,126.22000122070312
2014-05-06,125.9800033569336,125.9800033569336
2014-05-07,124.16999816894531,124.16999816894531
2014-05-08,124.16999816894531,124.16999816894531
2014-05-09,124.0999984741211,124.0999984741211
2014-05-12,124.94000244140625,124.94000244140625
2014-05-13,124.5999984741211,124.5999984741211
2014-05-14,125.80999755859375,125.80999755859375
2014-05-15,124.7699966430664,124.7699966430664
2014-05-16,124.5,124.5
2014-05-19,124.58000183105469,124.58000183105469
2014-05-20,124.69000244140625,124.69000244140625
2014-05-21,124.38999938964844,124.38999938964844
2014-05-22,124.66999816894531,124.66999816894531
2014-05-23,124.51000213623047,124.51000213623047
2014-05-27,121.8499984741211,121.8499984741211
2014-05-28,121.19999694824219,121.19999694824219
2014-05-29,120.94000244140625,120.94000244140625
2014-05-30,120.43000030517578,120.43000030517578
2014-06-02,119.69999694824219,119.69999694824219
2014-06-03,120.01000213623047,120.01000213623047
2014-06-04,119.76000213623047,119.76000213623047
2014-06-05,120.66000366210938,120.66000366210938
2014-06-06,120.61000061035156,120.61000061035156
2014-06-09,120.6500015258789,120.6500015258789
2014-06-10,121.38999938964844,121.38999938964844
2014-06-11,121.41000366210938,121.41000366210938
2014-06-12,122.63999938964844,122.63999938964844
2014-06-13,122.95999908447266,122.95999908447266
2014-06-16,122.41999816894531,122.41999816894531
2014-06-17,122.27999877929688,122.27999877929688
2014-06-18,122.66999816894531,122.66999816894531
2014-06-19,126.94000244140625,126.94000244140625
2014-06-20,126.5,126.5
2014-06-23,126.8499984741211,126.8499984741211
2014-06-24,126.9800033569336,126.9800033569336
2014-06-25,126.98999786376953,126.98999786376953
2014-06-26,126.7300033569336,126.7300033569336
2014-06-27,126.66000366210938,126.66000366210938
2014-06-30,128.0399932861328,128.0399932861328
2014-07-01,127.69999694824219,127.69999694824219
2014-07-02,127.69999694824219,127.69999694824219
2014-07-03,127.16000366210938,127.16000366210938
2014-07-07,127.0199966430664,127.0199966430664
2014-07-08,127.06999969482422,127.06999969482422
2014-07-09,127.83999633789062,127.83999633789062
2014-07-10,128.5399932861328,128.5399932861328
2014-07-11,128.77999877929688,128.77999877929688
2014-07-14,125.72000122070312,125.72000122070312
2014-07-15,124.52999877929688,124.52999877929688
2014-07-16,124.97000122070312,124.97000122070312
2014-07-17,127.08999633789062,127.08999633789062
2014-07-18,126.12999725341797,126.12999725341797
2014-07-21,126.33999633789062,126.33999633789062
2014-07-22,125.73999786376953,125.73999786376953
2014-07-23,125.62000274658203,125.62000274658203
2014-07-24,124.3499984741211,124.3499984741211
2014-07-25,125.79000091552734,125.79000091552734
2014-07-28,125.58000183105469,125.58000183105469
2014-07-29,125.19999694824219,125.19999694824219
2014-07-30,124.83000183105469,124.83000183105469
2014-07-31,123.38999938964844,123.38999938964844
2014-08-01,124.37999725341797,124.37999725341797
2014-08-04,123.98999786376953,123.98999786376953
2014-08-05,123.87000274658203,123.87000274658203
2014-08-06,125.66999816894531,125.66999816894531
2014-08-07,126.18000030517578,126.18000030517578
2014-08-08,126.19000244140625,126.19000244140625
2014-08-11,125.95999908447266,125.95999908447266
2014-08-12,125.98999786376953,125.98999786376953
2014-08-13,126.19999694824219,126.19999694824219
2014-08-14,126.30999755859375,126.30999755859375
2014-08-15,125.4800033569336,125.4800033569336
2014-08-18,124.95999908447266,124.95999908447266
2014-08-19,124.68000030517578,124.68000030517578
2014-08-20,124.22000122070312,124.22000122070312
2014-08-21,122.87999725341797,122.87999725341797
2014-08-22,123.19000244140625,123.19000244140625
2014-08-25,122.73999786376953,122.73999786376953
2014-08-26,123.3499984741211,123.3499984741211
2014-08-27,123.31999969482422,123.31999969482422
2014-08-28,124.0,124.0
2014-08-29,123.86000061035156,123.86000061035156
2014-09-02,121.6500015258789,121.6500015258789
2014-09-03,122.1500015258789,122.1500015258789
2014-09-04,121.4800033569336,121.4800033569336
2014-09-05,122.05999755859375,122.05999755859375
2014-09-08,120.7300033569336,120.7300033569336
2014-09-09,120.87000274658203,120.87000274658203
2014-09-10,120.26000213623047,120.26000213623047
2014-09-11,119.47000122070312,119.47000122070312
2014-09-12,118.37999725341797,118.37999725341797
2014-09-15,118.63999938964844,118.63999938964844
2014-09-16,118.83000183105469,118.83000183105469
2014-09-17,117.54000091552734,117.54000091552734
2014-09-18,117.77999877929688,117.77999877929688
2014-09-19,117.08999633789062,117.08999633789062
2014-09-22,116.8499984741211,116.8499984741211
2014-09-23,117.5999984741211,117.5999984741211
2014-09-24,117.05000305175781,117.05000305175781
2014-09-25,117.38999938964844,117.38999938964844
2014-09-26,117.05999755859375,117.05999755859375
2014-09-29,117.02999877929688,117.02999877929688
2014-09-30,116.20999908447266,116.20999908447266
2014-10-01,116.7699966430664,116.7699966430664
2014-10-02,116.73999786376953,116.73999786376953
2014-10-03,114.61000061035156,114.61000061035156
2014-10-06,116.02999877929688,116.02999877929688
2014-10-07,116.36000061035156,116.36000061035156
2014-10-08,117.47000122070312,117.47000122070312
2014-10-09,117.63999938964844,117.63999938964844
2014-10-10,117.58999633789062,117.58999633789062
2014-10-13,118.5199966430664,118.5199966430664
2014-10-14,118.58999633789062,118.58999633789062
2014-10-15,118.98999786376953,118.98999786376953
2014-10-16,119.22000122070312,119.22000122070312
2014-10-17,118.98999786376953,118.98999786376953
2014-10-20,119.80000305175781,119.80000305175781
2014-10-21,120.0199966430664,120.0199966430664
2014-10-22,119.33999633789062,119.33999633789062
2014-10-23,118.5199966430664,118.5199966430664
2014-10-24,118.3499984741211,118.3499984741211
2014-10-27,118.05999755859375,118.05999755859375
2014-10-28,118.0999984741211,118.0999984741211
2014-10-29,116.41000366210938,116.41000366210938
2014-10-30,115.19000244140625,115.19000244140625
2014-10-31,112.66000366210938,112.66000366210938
2014-11-03,112.1500015258789,112.1500015258789
2014-11-04,112.22000122070312,112.22000122070312
2014-11-05,109.79000091552734,109.79000091552734
2014-11-06,109.87999725341797,109.87999725341797
2014-11-07,112.97000122070312,112.97000122070312
2014-11-10,110.45999908447266,110.45999908447266
2014-11-11,112.04000091552734,112.04000091552734
2014-11-12,111.5,111.5
2014-11-13,111.66999816894531,111.66999816894531
2014-11-14,114.47000122070312,114.47000122070312
2014-11-17,114.05000305175781,114.05000305175781
2014-11-18,115.05000305175781,115.05000305175781
2014-11-19,113.68000030517578,113.68000030517578
2014-11-20,114.86000061035156,114.86000061035156
2014-11-21,115.38999938964844,115.38999938964844
2014-11-24,115.11000061035156,115.11000061035156
2014-11-25,115.37999725341797,115.37999725341797
2014-11-26,115.16000366210938,115.16000366210938
2014-11-28,112.11000061035156,112.11000061035156
2014-12-01,116.58000183105469,116.58000183105469
2014-12-02,115.13999938964844,115.13999938964844
2014-12-03,116.33000183105469,116.33000183105469
2014-12-04,115.87999725341797,115.87999725341797
2014-12-05,114.43000030517578,114.43000030517578
2014-12-08,115.77999877929688,115.77999877929688
2014-12-09,118.19000244140625,118.19000244140625
2014-12-10,117.95999908447266,117.95999908447266
2014-12-11,117.69000244140625,117.69000244140625
2014-12-12,117.41000366210938,117.41000366210938
2014-12-15,114.38999938964844,114.38999938964844
2014-12-16,114.94999694824219,114.94999694824219
2014-12-17,114.2699966430664,114.2699966430664
2014-12-18,115.1500015258789,115.1500015258789
2014-12-19,114.7699966430664,114.7699966430664
2014-12-22,112.55000305175781,112.55000305175781
2014-12-23,112.73999786376953,112.73999786376953
2014-12-24,112.7699966430664,112.7699966430664
2014-12-26,114.83000183105469,114.83000183105469
2014-12-29,113.66999816894531,113.66999816894531
2014-12-30,115.19999694824219,115.19999694824219
2014-12-31,113.58000183105469,113.58000183105469
2015-01-02,114.08000183105469,114.08000183105469
2015-01-05,115.80000305175781,115.80000305175781
2015-01-06,117.12000274658203,117.12000274658203
2015-01-07,116.43000030517578,116.43000030517578
2015-01-08,115.94000244140625,115.94000244140625
2015-01-09,117.26000213623047,117.26000213623047
2015-01-12,118.55999755859375,118.55999755859375
2015-01-13,118.16000366210938,118.16000366210938
2015-01-14,117.97000122070312,117.97000122070312
2015-01-15,120.94000244140625,120.94000244140625
2015-01-16,122.5199966430664,122.5199966430664
2015-01-20,124.19999694824219,124.19999694824219
2015-01-21,124.2300033569336,124.2300033569336
2015-01-22,125.2300033569336,125.2300033569336
2015-01-23,124.2300033569336,124.2300033569336
2015-01-26,122.98999786376953,122.98999786376953
2015-01-27,124.4000015258789,124.4000015258789
2015-01-28,123.41999816894531,123.41999816894531
2015-01-29,120.76000213623047,120.76000213623047
2015-01-30,123.44999694824219,123.44999694824219
2015-02-02,122.41999816894531,122.41999816894531
2015-02-03,121.05000305175781,121.05000305175781
2015-02-04,121.58000183105469,121.58000183105469
2015-02-05,121.79000091552734,121.79000091552734
2015-02-06,118.63999938964844,118.63999938964844
2015-02-09,119.16999816894531,119.16999816894531
2015-02-10,118.47000122070312,118.47000122070312
2015-02-11,117.06999969482422,117.06999969482422
2015-02-12,117.33999633789062,117.33999633789062
2015-02-13,117.9800033569336,117.9800033569336
2015-02-17,116.01000213623047,116.01000213623047
2015-02-18,116.33999633789062,116.33999633789062
2015-02-19,115.94000244140625,115.94000244140625
2015-02-20,115.27999877929688,115.27999877929688
2015-02-23,115.43000030517578,115.43000030517578
2015-02-24,115.26000213623047,115.26000213623047
2015-02-25,115.69999694824219,115.69999694824219
2015-02-26,116.06999969482422,116.06999969482422
2015-02-27,116.16000366210938,116.16000366210938
2015-03-02,115.68000030517578,115.68000030517578
2015-03-03,115.47000122070312,115.47000122070312
2015-03-04,115.11000061035156,115.11000061035156
2015-03-05,115.0,115.0
2015-03-06,111.86000061035156,111.86000061035156
2015-03-09,111.97000122070312,111.97000122070312
2015-03-10,111.41999816894531,111.41999816894531
2015-03-11,110.75,110.75
2015-03-12,110.72000122070312,110.72000122070312
2015-03-13,110.87999725341797,110.87999725341797
2015-03-16,110.80999755859375,110.80999755859375
2015-03-17,110.20999908447266,110.20999908447266
2015-03-18,112.37000274658203,112.37000274658203
2015-03-19,112.29000091552734,112.29000091552734
2015-03-20,113.56999969482422,113.56999969482422
2015-03-23,114.29000091552734,114.29000091552734
2015-03-24,114.56999969482422,114.56999969482422
2015-03-25,114.7300033569336,114.7300033569336
2015-03-26,115.4800033569336,115.4800033569336
2015-03-27,115.05999755859375,115.05999755859375
2015-03-30,113.75,113.75
2015-03-31,113.66000366210938,113.66000366210938
2015-04-01,115.5999984741211,115.5999984741211
2015-04-02,115.27999877929688,115.27999877929688
2015-04-06,116.69000244140625,116.69000244140625
2015-04-07,116.11000061035156,116.11000061035156
2015-04-08,115.47000122070312,115.47000122070312
2015-04-09,114.66999816894531,114.66999816894531
2015-04-10,115.97000122070312,115.97000122070312
2015-04-13,115.13999938964844,115.13999938964844
2015-04-14,114.44000244140625,114.44000244140625
2015-04-15,115.43000030517578,115.43000030517578
2015-04-16,115.02999877929688,115.02999877929688
2015-04-17,115.5999984741211,115.5999984741211
2015-04-20,114.72000122070312,114.72000122070312
2015-04-21,115.37999725341797,115.37999725341797
2015-04-22,113.83000183105469,113.83000183105469
2015-04-23,114.66000366210938,114.66000366210938
2015-04-24,113.05000305175781,113.05000305175781
2015-04-27,115.33000183105469,115.33000183105469
2015-04-28,116.33000183105469,116.33000183105469
2015-04-29,115.51000213623047,115.51000213623047
2015-04-30,113.47000122070312,113.47000122070312
2015-05-01,113.08000183105469,113.08000183105469
2015-05-04,114.0999984741211,114.0999984741211
2015-05-05,114.41999816894531,114.41999816894531
2015-05-06,114.36000061035156,114.36000061035156
2015-05-07,113.41999816894531,113.41999816894531
2015-05-08,113.97000122070312,113.97000122070312
2015-05-11,113.52999877929688,113.52999877929688
2015-05-12,114.5,114.5
2015-05-13,116.55000305175781,116.55000305175781
2015-05-14,117.18000030517578,117.18000030517578
2015-05-15,117.52999877929688,117.52999877929688
2015-05-18,117.5199966430664,117.5199966430664
2015-05-19,115.88999938964844,115.88999938964844
2015-05-20,116.08000183105469,116.08000183105469
2015-05-21,115.69000244140625,115.69000244140625
2015-05-22,115.5999984741211,115.5999984741211
2015-05-26,113.91000366210938,113.91000366210938
2015-05-27,113.88999938964844,113.88999938964844
2015-05-28,114.0199966430664,114.0199966430664
2015-05-29,114.0999984741211,114.0999984741211
2015-06-01,114.0,114.0
2015-06-02,114.45999908447266,114.45999908447266
2015-06-03,113.63999938964844,113.63999938964844
2015-06-04,112.83999633789062,112.83999633789062
2015-06-05,112.23999786376953,112.23999786376953
2015-06-08,112.56999969482422,112.56999969482422
2015-06-09,112.81999969482422,112.81999969482422
2015-06-10,113.77999877929688,113.77999877929688
2015-06-11,113.26000213623047,113.26000213623047
2015-06-12,113.2300033569336,113.2300033569336
2015-06-15,113.7300033569336,113.7300033569336
2015-06-16,113.31999969482422,113.31999969482422
2015-06-17,113.8499984741211,113.8499984741211
2015-06-18,115.31999969482422,115.31999969482422
2015-06-19,115.12000274658203,115.12000274658203
2015-06-22,113.63999938964844,113.63999938964844
2015-06-23,112.88999938964844,112.88999938964844
2015-06-24,112.58999633789062,112.58999633789062
2015-06-25,112.44000244140625,112.44000244140625
2015-06-26,112.55999755859375,112.55999755859375
2015-06-29,113.06999969482422,113.06999969482422
2015-06-30,112.37000274658203,112.37000274658203
2015-07-01,111.9800033569336,111.9800033569336
2015-07-02,111.76000213623047,111.76000213623047
2015-07-06,112.05999755859375,112.05999755859375
2015-07-07,110.76000213623047,110.76000213623047
2015-07-08,111.08999633789062,111.08999633789062
2015-07-09,111.36000061035156,111.36000061035156
2015-07-10,111.48999786376953,111.48999786376953
2015-07-13,110.98999786376953,110.98999786376953
2015-07-14,110.73999786376953,110.73999786376953
2015-07-15,110.16000366210938,110.16000366210938
2015-07-16,109.76000213623047,109.76000213623047
2015-07-17,108.6500015258789,108.6500015258789
2015-07-20,105.69999694824219,105.69999694824219
2015-07-21,105.37000274658203,105.37000274658203
2015-07-22,104.80000305175781,104.80000305175781
2015-07-23,104.33000183105469,104.33000183105469
2015-07-24,105.3499984741211,105.3499984741211
2015-07-27,104.86000061035156,104.86000061035156
2015-07-28,105.0199966430664,105.0199966430664
2015-07-29,105.16999816894531,105.16999816894531
2015-07-30,104.2699966430664,104.2699966430664
2015-07-31,104.93000030517578,104.93000030517578
2015-08-03,104.0999984741211,104.0999984741211
2015-08-04,104.30999755859375,104.30999755859375
2015-08-05,103.93000030517578,103.93000030517578
2015-08-06,104.38999938964844,104.38999938964844
2015-08-07,104.6500015258789,104.6500015258789
2015-08-10,105.72000122070312,105.72000122070312
2015-08-11,106.26000213623047,106.26000213623047
2015-08-12,107.75,107.75
2015-08-13,106.86000061035156,106.86000061035156
2015-08-14,106.8499984741211,106.8499984741211
2015-08-17,107.12999725341797,107.12999725341797
2015-08-18,107.11000061035156,107.11000061035156
2015-08-19,108.55000305175781,108.55000305175781
2015-08-20,110.44000244140625,110.44000244140625
2015-08-21,111.12999725341797,111.12999725341797
2015-08-24,110.52999877929688,110.52999877929688
2015-08-25,109.16000366210938,109.16000366210938
2015-08-26,107.66999816894531,107.66999816894531
2015-08-27,107.7300033569336,107.7300033569336
2015-08-28,108.69999694824219,108.69999694824219
2015-08-31,108.81999969482422,108.81999969482422
2015-09-01,109.19999694824219,109.19999694824219
2015-09-02,108.62000274658203,108.62000274658203
2015-09-03,107.83999633789062,107.83999633789062
2015-09-04,107.48999786376953,107.48999786376953
2015-09-08,107.5199966430664,107.5199966430664
2015-09-09,106.12999725341797,106.12999725341797
2015-09-10,106.37999725341797,106.37999725341797
2015-09-11,106.16000366210938,106.16000366210938
2015-09-14,106.22000122070312,106.22000122070312
2015-09-15,105.9000015258789,105.9000015258789
2015-09-16,107.30999755859375,107.30999755859375
2015-09-17,108.41000366210938,108.41000366210938
2015-09-18,109.20999908447266,109.20999908447266
2015-09-21,108.52999877929688,108.52999877929688
2015-09-22,107.79000091552734,107.79000091552734
2015-09-23,108.22000122070312,108.22000122070312
2015-09-24,110.48999786376953,110.48999786376953
2015-09-25,109.80999755859375,109.80999755859375
2015-09-28,108.41999816894531,108.41999816894531
2015-09-29,107.9800033569336,107.9800033569336
2015-09-30,106.86000061035156,106.86000061035156
2015-10-01,106.7300033569336,106.7300033569336
2015-10-02,108.98999786376953,108.98999786376953
2015-10-05,108.7699966430664,108.7699966430664
2015-10-06,109.86000061035156,109.86000061035156
2015-10-07,109.69999694824219,109.69999694824219
2015-10-08,109.13999938964844,109.13999938964844
2015-10-09,110.87000274658203,110.87000274658203
2015-10-12,111.30999755859375,111.30999755859375
2015-10-13,111.86000061035156,111.86000061035156
2015-10-14,113.80999755859375,113.80999755859375
2015-10-15,113.29000091552734,113.29000091552734
2015-10-16,112.48999786376953,112.48999786376953
2015-10-19,112.0199966430664,112.0199966430664
2015-10-20,112.7300033569336,112.7300033569336
2015-10-21,111.7300033569336,111.7300033569336
2015-10-22,111.69000244140625,111.69000244140625
2015-10-23,111.5,111.5
2015-10-26,111.43000030517578,111.43000030517578
2015-10-27,111.68000030517578,111.68000030517578
2015-10-28,110.77999877929688,110.77999877929688
2015-10-29,109.72000122070312,109.72000122070312
2015-10-30,109.30000305175781,109.30000305175781
2015-11-02,108.58999633789062,108.58999633789062
2015-11-03,106.9800033569336,106.9800033569336
2015-11-04,105.97000122070312,105.97000122070312
2015-11-05,105.63999938964844,105.63999938964844
2015-11-06,104.0999984741211,104.0999984741211
2015-11-09,104.4000015258789,104.4000015258789
2015-11-10,104.18000030517578,104.18000030517578
2015-11-11,103.83000183105469,103.83000183105469
2015-11-12,103.8499984741211,103.8499984741211
2015-11-13,103.55999755859375,103.55999755859375
2015-11-16,103.70999908447266,103.70999908447266
2015-11-17,102.33999633789062,102.33999633789062
2015-11-18,102.43000030517578,102.43000030517578
2015-11-19,103.55999755859375,103.55999755859375
2015-11-20,103.08999633789062,103.08999633789062
2015-11-23,102.26000213623047,102.26000213623047
2015-11-24,102.94000244140625,102.94000244140625
2015-11-25,102.45999908447266,102.45999908447266
2015-11-27,101.25,101.25
2015-11-30,101.91999816894531,101.91999816894531
2015-12-01,102.27999877929688,102.27999877929688
2015-12-02,100.69000244140625,100.69000244140625
2015-12-03,101.76000213623047,101.76000213623047
2015-12-04,104.0199966430664,104.0199966430664
2015-12-07,102.66999816894531,102.66999816894531
2015-12-08,102.83999633789062,102.83999633789062
2015-12-09,102.63999938964844,102.63999938964844
2015-12-10,102.55000305175781,102.55000305175781
2015-12-11,103.11000061035156,103.11000061035156
2015-12-14,101.79000091552734,101.79000091552734
2015-12-15,101.5199966430664,101.5199966430664
2015-12-16,102.75,102.75
2015-12-17,100.5,100.5
2015-12-18,102.04000091552734,102.04000091552734
2015-12-21,103.1500015258789,103.1500015258789
2015-12-22,102.61000061035156,102.61000061035156
2015-12-23,102.30999755859375,102.30999755859375
2015-12-24,103.05000305175781,103.05000305175781
2015-12-28,102.2699966430664,102.2699966430664
2015-12-29,102.19999694824219,102.19999694824219
2015-12-30,101.41999816894531,101.41999816894531
2015-12-31,101.45999908447266,101.45999908447266
2016-01-04,102.88999938964844,102.88999938964844
2016-01-05,103.18000030517578,103.18000030517578
2016-01-06,104.66999816894531,104.66999816894531
2016-01-07,106.1500015258789,106.1500015258789
2016-01-08,105.68000030517578,105.68000030517578
2016-01-11,104.73999786376953,104.73999786376953
2016-01-12,104.20999908447266,104.20999908447266
2016-01-13,104.72000122070312,104.72000122070312
2016-01-14,103.0199966430664,103.0199966430664
2016-01-15,104.08000183105469,104.08000183105469
2016-01-19,103.9800033569336,103.9800033569336
2016-01-20,105.37000274658203,105.37000274658203
2016-01-21,105.48999786376953,105.48999786376953
2016-01-22,105.0,105.0
2016-01-25,106.08000183105469,106.08000183105469
2016-01-26,107.29000091552734,107.29000091552734
2016-01-27,107.69000244140625,107.69000244140625
2016-01-28,106.54000091552734,106.54000091552734
2016-01-29,106.94999694824219,106.94999694824219
2016-02-01,108.05000305175781,108.05000305175781
2016-02-02,108.08999633789062,108.08999633789062
2016-02-03,109.25,109.25
2016-02-04,110.56999969482422,110.56999969482422
2016-02-05,112.31999969482422,112.31999969482422
2016-02-08,113.83000183105469,113.83000183105469
2016-02-09,113.58000183105469,113.58000183105469
2016-02-10,114.45999908447266,114.45999908447266
2016-02-11,119.05999755859375,119.05999755859375
2016-02-12,118.36000061035156,118.36000061035156
2016-02-16,114.7699966430664,114.7699966430664
2016-02-17,115.4800033569336,115.4800033569336
2016-02-18,118.29000091552734,118.29000091552734
2016-02-19,117.58000183105469,117.58000183105469
2016-02-22,115.48999786376953,115.48999786376953
2016-02-23,117.22000122070312,117.22000122070312
2016-02-24,117.61000061035156,117.61000061035156
2016-02-25,117.91999816894531,117.91999816894531
2016-02-26,117.11000061035156,117.11000061035156
2016-02-29,118.63999938964844,118.63999938964844
2016-03-01,117.7699966430664,117.7699966430664
2016-03-02,118.68000030517578,118.68000030517578
2016-03-03,120.7300033569336,120.7300033569336
2016-03-04,120.54000091552734,120.54000091552734
2016-03-07,121.13999938964844,121.13999938964844
2016-03-08,120.58000183105469,120.58000183105469
2016-03-09,119.58000183105469,119.58000183105469
2016-03-10,121.5,121.5
2016-03-11,119.41000366210938,119.41000366210938
2016-03-14,117.87000274658203,117.87000274658203
2016-03-15,117.95999908447266,117.95999908447266
2016-03-16,120.58999633789062,120.58999633789062
2016-03-17,120.12999725341797,120.12999725341797
2016-03-18,119.80000305175781,119.80000305175781
2016-03-21,118.95999908447266,118.95999908447266
2016-03-22,119.30999755859375,119.30999755859375
2016-03-23,116.61000061035156,116.61000061035156
2016-03-24,116.33000183105469,116.33000183105469
2016-03-28,116.5999984741211,116.5999984741211
2016-03-29,118.76000213623047,118.76000213623047
2016-03-30,117.0999984741211,117.0999984741211
2016-03-31,117.63999938964844,117.63999938964844
2016-04-01,116.93000030517578,116.93000030517578
2016-04-04,116.1500015258789,116.1500015258789
2016-04-05,117.66000366210938,117.66000366210938
2016-04-06,116.94000244140625,116.94000244140625
2016-04-07,118.61000061035156,118.61000061035156
2016-04-08,118.43000030517578,118.43000030517578
2016-04-11,120.02999877929688,120.02999877929688
2016-04-12,120.05000305175781,120.05000305175781
2016-04-13,118.7699966430664,118.7699966430664
2016-04-14,117.11000061035156,117.11000061035156
2016-04-15,117.91999816894531,117.91999816894531
2016-04-18,117.73999786376953,117.73999786376953
2016-04-19,119.58000183105469,119.58000183105469
2016-04-20,118.97000122070312,118.97000122070312
2016-04-21,119.41999816894531,119.41999816894531
2016-04-22,117.88999938964844,117.88999938964844
2016-04-25,118.2300033569336,118.2300033569336
2016-04-26,118.69999694824219,118.69999694824219
2016-04-27,119.04000091552734,119.04000091552734
2016-04-28,121.29000091552734,121.29000091552734
2016-04-29,123.6500015258789,123.6500015258789
2016-05-02,123.23999786376953,123.23999786376953
2016-05-03,122.95999908447266,122.95999908447266
2016-05-04,122.20999908447266,122.20999908447266
2016-05-05,122.06999969482422,122.06999969482422
2016-05-06,123.18000030517578,123.18000030517578
2016-05-09,120.6500015258789,120.6500015258789
2016-05-10,120.9800033569336,120.9800033569336
2016-05-11,122.12000274658203,122.12000274658203
2016-05-12,121.16000366210938,121.16000366210938
2016-05-13,121.70999908447266,121.70999908447266
2016-05-16,121.80000305175781,121.80000305175781
2016-05-17,122.22000122070312,122.22000122070312
2016-05-18,120.0999984741211,120.0999984741211
2016-05-19,119.87000274658203,119.87000274658203
2016-05-20,119.70999908447266,119.70999908447266
2016-05-23,119.37000274658203,119.37000274658203
2016-05-24,117.30000305175781,117.30000305175781
2016-05-25,116.9800033569336,116.9800033569336
2016-05-26,116.58000183105469,116.58000183105469
2016-05-27,115.62000274658203,115.62000274658203
2016-05-31,116.05999755859375,116.05999755859375
2016-06-01,115.94000244140625,115.94000244140625
2016-06-02,115.66999816894531,115.66999816894531
2016-06-03,118.87999725341797,118.87999725341797
2016-06-06,118.91999816894531,118.91999816894531
2016-06-07,118.81999969482422,118.81999969482422
2016-06-08,120.58000183105469,120.58000183105469
2016-06-09,121.25,121.25
2016-06-10,121.73999786376953,121.73999786376953
2016-06-13,122.63999938964844,122.63999938964844
2016-06-14,122.7699966430664,122.7699966430664
2016-06-15,123.68000030517578,123.68000030517578
2016-06-16,122.37999725341797,122.37999725341797
2016-06-17,123.94999694824219,123.94999694824219
2016-06-20,123.20999908447266,123.20999908447266
2016-06-21,120.83999633789062,120.83999633789062
2016-06-22,120.9000015258789,120.9000015258789
2016-06-23,120.11000061035156,120.11000061035156
2016-06-24,126.0,126.0
2016-06-27,126.68000030517578,126.68000030517578
2016-06-28,125.31999969482422,125.31999969482422
2016-06-29,125.83999633789062,125.83999633789062
2016-06-30,126.47000122070312,126.47000122070312
2016-07-01,128.41000366210938,128.41000366210938
2016-07-05,129.47000122070312,129.47000122070312
2016-07-06,130.22999572753906,130.22999572753906
2016-07-07,129.74000549316406,129.74000549316406
2016-07-08,130.52000427246094,130.52000427246094
2016-07-11,129.2899932861328,129.2899932861328
2016-07-12,127.1500015258789,127.1500015258789
2016-07-13,128.32000732421875,128.32000732421875
2016-07-14,127.33000183105469,127.33000183105469
2016-07-15,126.83999633789062,126.83999633789062
2016-07-18,127.04000091552734,127.04000091552734
2016-07-19,127.20999908447266,127.20999908447266
2016-07-20,125.38999938964844,125.38999938964844
2016-07-21,127.30000305175781,127.30000305175781
2016-07-22,126.3499984741211,126.3499984741211
2016-07-25,125.47000122070312,125.47000122070312
2016-07-26,126.0,126.0
2016-07-27,128.02999877929688,128.02999877929688
2016-07-28,127.66000366210938,127.66000366210938
2016-07-29,128.97999572753906,128.97999572753906
2016-08-01,129.22000122070312,129.22000122070312
2016-08-02,130.27000427246094,130.27000427246094
2016-08-03,129.64999389648438,129.64999389648438
2016-08-04,129.8699951171875,129.8699951171875
2016-08-05,127.55000305175781,127.55000305175781
2016-08-08,127.44000244140625,127.44000244140625
2016-08-09,127.95999908447266,127.95999908447266
2016-08-10,128.55999755859375,128.55999755859375
2016-08-11,127.66999816894531,127.66999816894531
2016-08-12,127.4000015258789,127.4000015258789
2016-08-15,127.83999633789062,127.83999633789062
2016-08-16,128.47000122070312,128.47000122070312
2016-08-17,128.5,128.5
2016-08-18,129.11000061035156,129.11000061035156
2016-08-19,127.97000122070312,127.97000122070312
2016-08-22,127.77999877929688,127.77999877929688
2016-08-23,127.76000213623047,127.76000213623047
2016-08-24,126.33999633789062,126.33999633789062
2016-08-25,126.2300033569336,126.2300033569336
2016-08-26,126.05000305175781,126.05000305175781
2016-08-29,126.30000305175781,126.30000305175781
2016-08-30,125.02999877929688,125.02999877929688
2016-08-31,124.77999877929688,124.77999877929688
2016-09-01,125.29000091552734,125.29000091552734
2016-09-02,126.56999969482422,126.56999969482422
2016-09-06,128.7100067138672,128.7100067138672
2016-09-07,128.27000427246094,128.27000427246094
2016-09-08,127.58999633789062,127.58999633789062
2016-09-09,126.75,126.75
2016-09-12,126.58999633789062,126.58999633789062
2016-09-13,125.75,125.75
2016-09-14,126.18000030517578,126.18000030517578
2016-09-15,125.37000274658203,125.37000274658203
2016-09-16,125.05999755859375,125.05999755859375
2016-09-19,125.31999969482422,125.31999969482422
2016-09-20,125.44000244140625,125.44000244140625
2016-09-21,127.2699966430664,127.2699966430664
2016-09-22,127.56999969482422,127.56999969482422
2016-09-23,127.6500015258789,127.6500015258789
2016-09-26,127.55000305175781,127.55000305175781
2016-09-27,126.62000274658203,126.62000274658203
2016-09-28,126.22000122070312,126.22000122070312
2016-09-29,126.06999969482422,126.06999969482422
2016-09-30,125.63999938964844,125.63999938964844
2016-10-03,125.31999969482422,125.31999969482422
2016-10-04,120.97000122070312,120.97000122070312
2016-10-05,120.77999877929688,120.77999877929688
2016-10-06,119.66000366210938,119.66000366210938
2016-10-07,119.73999786376953,119.73999786376953
2016-10-10,120.16000366210938,120.16000366210938
2016-10-11,119.55000305175781,119.55000305175781
2016-10-12,119.73999786376953,119.73999786376953
2016-10-13,120.02999877929688,120.02999877929688
2016-10-14,119.36000061035156,119.36000061035156
2016-10-17,119.68000030517578,119.68000030517578
2016-10-18,120.41999816894531,120.41999816894531
2016-10-19,121.11000061035156,121.11000061035156
2016-10-20,120.73999786376953,120.73999786376953
2016-10-21,120.83000183105469,120.83000183105469
2016-10-24,120.55999755859375,120.55999755859375
2016-10-25,121.47000122070312,121.47000122070312
2016-10-26,120.79000091552734,120.79000091552734
2016-10-27,121.01000213623047,121.01000213623047
2016-10-28,121.58000183105469,121.58000183105469
2016-10-31,121.94000244140625,121.94000244140625
2016-11-01,122.7300033569336,122.7300033569336
2016-11-02,123.63999938964844,123.63999938964844
2016-11-03,124.30000305175781,124.30000305175781
2016-11-04,124.38999938964844,124.38999938964844
2016-11-07,122.1500015258789,122.1500015258789
2016-11-08,121.63999938964844,121.63999938964844
2016-11-09,121.55999755859375,121.55999755859375
2016-11-10,119.75,119.75
2016-11-11,117.0999984741211,117.0999984741211
2016-11-14,116.11000061035156,116.11000061035156
2016-11-15,117.12000274658203,117.12000274658203
2016-11-16,116.7699966430664,116.7699966430664
2016-11-17,116.16999816894531,116.16999816894531
2016-11-18,115.1500015258789,115.1500015258789
2016-11-21,115.58000183105469,115.58000183105469
2016-11-22,115.54000091552734,115.54000091552734
2016-11-23,113.25,113.25
2016-11-25,112.61000061035156,112.61000061035156
2016-11-28,113.80000305175781,113.80000305175781
2016-11-29,113.2699966430664,113.2699966430664
2016-11-30,111.75,111.75
2016-12-01,111.54000091552734,111.54000091552734
2016-12-02,112.13999938964844,112.13999938964844
2016-12-05,111.54000091552734,111.54000091552734
2016-12-06,111.43000030517578,111.43000030517578
2016-12-07,111.83000183105469,111.83000183105469
2016-12-08,111.56999969482422,111.56999969482422
2016-12-09,110.4000015258789,110.4000015258789
2016-12-12,110.81999969482422,110.81999969482422
2016-12-13,110.44999694824219,110.44999694824219
2016-12-14,108.83000183105469,108.83000183105469
2016-12-15,107.33999633789062,107.33999633789062
2016-12-16,108.05000305175781,108.05000305175781
2016-12-19,108.58999633789062,108.58999633789062
2016-12-20,107.79000091552734,107.79000091552734
2016-12-21,107.8499984741211,107.8499984741211
2016-12-22,107.58999633789062,107.58999633789062
2016-12-23,107.93000030517578,107.93000030517578
2016-12-27,108.55999755859375,108.55999755859375
2016-12-28,108.86000061035156,108.86000061035156
2016-12-29,110.29000091552734,110.29000091552734
2016-12-30,109.61000061035156,109.61000061035156
2017-01-03,110.47000122070312,110.47000122070312
2017-01-04,110.86000061035156,110.86000061035156
2017-01-05,112.58000183105469,112.58000183105469
2017-01-06,111.75,111.75
2017-01-09,112.66999816894531,112.66999816894531
2017-01-10,113.1500015258789,113.1500015258789
2017-01-11,113.5,113.5
2017-01-12,113.91000366210938,113.91000366210938
2017-01-13,114.20999908447266,114.20999908447266
2017-01-17,115.8499984741211,115.8499984741211
2017-01-18,114.87000274658203,114.87000274658203
2017-01-19,114.7699966430664,114.7699966430664
2017-01-20,115.05000305175781,115.05000305175781
2017-01-23,115.79000091552734,115.79000091552734
2017-01-24,115.2699966430664,115.2699966430664
2017-01-25,114.31999969482422,114.31999969482422
2017-01-26,113.26000213623047,113.26000213623047
2017-01-27,113.48999786376953,113.48999786376953
2017-01-30,113.97000122070312,113.97000122070312
2017-01-31,115.55000305175781,115.55000305175781
2017-02-01,115.19999694824219,115.19999694824219
2017-02-02,115.83999633789062,115.83999633789062
2017-02-03,116.12999725341797,116.12999725341797
2017-02-06,117.69999694824219,117.69999694824219
2017-02-07,117.45999908447266,117.45999908447266
2017-02-08,118.19000244140625,118.19000244140625
2017-02-09,117.29000091552734,117.29000091552734
2017-02-10,117.5999984741211,117.5999984741211
2017-02-13,116.80000305175781,116.80000305175781
2017-02-14,116.93000030517578,116.93000030517578
2017-02-15,117.44999694824219,117.44999694824219
2017-02-16,118.08000183105469,118.08000183105469
2017-02-17,117.68000030517578,117.68000030517578
2017-02-21,117.75,117.75
2017-02-22,117.91000366210938,117.91000366210938
2017-02-23,118.94000244140625,118.94000244140625
2017-02-24,119.69999694824219,119.69999694824219
2017-02-27,119.12000274658203,119.12000274658203
2017-02-28,119.2300033569336,119.2300033569336
2017-03-01,119.05999755859375,119.05999755859375
2017-03-02,117.58000183105469,117.58000183105469
2017-03-03,117.51000213623047,117.51000213623047
2017-03-06,116.72000122070312,116.72000122070312
2017-03-07,115.77999877929688,115.77999877929688
2017-03-08,115.05999755859375,115.05999755859375
2017-03-09,114.47000122070312,114.47000122070312
2017-03-10,114.72000122070312,114.72000122070312
2017-03-13,114.73999786376953,114.73999786376953
2017-03-14,114.12000274658203,114.12000274658203
2017-03-15,116.25,116.25
2017-03-16,116.7300033569336,116.7300033569336
2017-03-17,116.98999786376953,116.98999786376953
2017-03-20,117.51000213623047,117.51000213623047
2017-03-21,118.54000091552734,118.54000091552734
2017-03-22,118.83000183105469,118.83000183105469
2017-03-23,118.66999816894531,118.66999816894531
2017-03-24,118.86000061035156,118.86000061035156
2017-03-27,119.52999877929688,119.52999877929688
2017-03-28,119.04000091552734,119.04000091552734
2017-03-29,119.33000183105469,119.33000183105469
2017-03-30,118.47000122070312,118.47000122070312
2017-03-31,118.72000122070312,118.72000122070312
2017-04-03,119.3499984741211,119.3499984741211
2017-04-04,119.62000274658203,119.62000274658203
2017-04-05,119.62000274658203,119.62000274658203
2017-04-06,119.18000030517578,119.18000030517578
2017-04-07,119.45999908447266,119.45999908447266
2017-04-10,119.45999908447266,119.45999908447266
2017-04-11,121.19000244140625,121.19000244140625
2017-04-12,122.0199966430664,122.0199966430664
2017-04-13,122.5999984741211,122.5999984741211
2017-04-17,122.23999786376953,122.23999786376953
2017-04-18,122.81999969482422,122.81999969482422
2017-04-19,121.7300033569336,121.7300033569336
2017-04-20,121.95999908447266,121.95999908447266
2017-04-21,122.30999755859375,122.30999755859375
2017-04-24,121.4800033569336,121.4800033569336
2017-04-25,120.25,120.25
2017-04-26,120.83999633789062,120.83999633789062
2017-04-27,120.38999938964844,120.38999938964844
2017-04-28,120.7699966430664,120.7699966430664
2017-05-01,119.66999816894531,119.66999816894531
2017-05-02,119.6500015258789,119.6500015258789
2017-05-03,117.9800033569336,117.9800033569336
2017-05-04,116.79000091552734,116.79000091552734
2017-05-05,117.01000213623047,117.01000213623047
2017-05-08,116.75,116.75
2017-05-09,116.05000305175781,116.05000305175781
2017-05-10,116.04000091552734,116.04000091552734
2017-05-11,116.5,116.5
2017-05-12,116.83000183105469,116.83000183105469
2017-05-15,117.13999938964844,117.13999938964844
2017-05-16,117.6500015258789,117.6500015258789
2017-05-17,119.79000091552734,119.79000091552734
2017-05-18,118.80999755859375,118.80999755859375
2017-05-19,119.4000015258789,119.4000015258789
2017-05-22,119.9000015258789,119.9000015258789
2017-05-23,119.13999938964844,119.13999938964844
2017-05-24,119.61000061035156,119.61000061035156
2017-05-25,119.4800033569336,119.4800033569336
2017-05-26,120.54000091552734,120.54000091552734
2017-05-30,120.13999938964844,120.13999938964844
2017-05-31,120.62000274658203,120.62000274658203
2017-06-01,120.72000122070312,120.72000122070312
2017-06-02,121.61000061035156,121.61000061035156
2017-06-05,121.7300033569336,121.7300033569336
2017-06-06,123.0999984741211,123.0999984741211
2017-06-07,122.44999694824219,122.44999694824219
2017-06-08,121.6500015258789,121.6500015258789
2017-06-09,120.54000091552734,120.54000091552734
2017-06-12,120.36000061035156,120.36000061035156
2017-06-13,120.4800033569336,120.4800033569336
2017-06-14,119.81999969482422,119.81999969482422
2017-06-15,119.31999969482422,119.31999969482422
2017-06-16,119.33999633789062,119.33999633789062
2017-06-19,118.43000030517578,118.43000030517578
2017-06-20,118.18000030517578,118.18000030517578
2017-06-21,118.5199966430664,118.5199966430664
2017-06-22,118.91999816894531,118.91999816894531
2017-06-23,119.43000030517578,119.43000030517578
2017-06-26,118.36000061035156,118.36000061035156
2017-06-27,118.80999755859375,118.80999755859375
2017-06-28,118.9000015258789,118.9000015258789
2017-06-29,118.31999969482422,118.31999969482422
2017-06-30,118.0199966430664,118.0199966430664
2017-07-03,116.08999633789062,116.08999633789062
2017-07-05,116.5199966430664,116.5199966430664
2017-07-06,116.47000122070312,116.47000122070312
2017-07-07,115.27999877929688,115.27999877929688
2017-07-10,115.47000122070312,115.47000122070312
2017-07-11,115.62000274658203,115.62000274658203
2017-07-12,116.02999877929688,116.02999877929688
2017-07-13,115.81999969482422,115.81999969482422
2017-07-14,116.7699966430664,116.7699966430664
2017-07-17,117.29000091552734,117.29000091552734
2017-07-18,118.11000061035156,118.11000061035156
2017-07-19,118.08000183105469,118.08000183105469
2017-07-20,118.23999786376953,118.23999786376953
2017-07-21,119.26000213623047,119.26000213623047
2017-07-24,119.30999755859375,119.30999755859375
2017-07-25,118.91999816894531,118.91999816894531
2017-07-26,119.87999725341797,119.87999725341797
2017-07-27,119.79000091552734,119.79000091552734
2017-07-28,120.69000244140625,120.69000244140625
2017-07-31,120.75,120.75
2017-08-01,120.6500015258789,120.6500015258789
2017-08-02,120.4000015258789,120.4000015258789
2017-08-03,120.58999633789062,120.58999633789062
2017-08-04,119.6500015258789,119.6500015258789
2017-08-07,119.51000213623047,119.51000213623047
2017-08-08,119.86000061035156,119.86000061035156
2017-08-09,121.30999755859375,121.30999755859375
2017-08-10,122.20999908447266,122.20999908447266
2017-08-11,122.79000091552734,122.79000091552734
2017-08-14,121.91999816894531,121.91999816894531
2017-08-15,120.9800033569336,120.9800033569336
2017-08-16,121.87000274658203,121.87000274658203
2017-08-17,122.48999786376953,122.48999786376953
2017-08-18,122.30000305175781,122.30000305175781
2017-08-21,122.76000213623047,122.76000213623047
2017-08-22,122.20999908447266,122.20999908447266
2017-08-23,122.66999816894531,122.66999816894531
2017-08-24,122.29000091552734,122.29000091552734
2017-08-25,122.73999786376953,122.73999786376953
2017-08-28,124.69000244140625,124.69000244140625
2017-08-29,124.41999816894531,124.41999816894531
2017-08-30,124.36000061035156,124.36000061035156
2017-08-31,125.81999969482422,125.81999969482422
2017-09-01,126.05999755859375,126.05999755859375
2017-09-05,127.45999908447266,127.45999908447266
2017-09-06,126.80999755859375,126.80999755859375
2017-09-07,128.1300048828125,128.1300048828125
2017-09-08,127.97000122070312,127.97000122070312
2017-09-11,126.19000244140625,126.19000244140625
2017-09-12,126.55999755859375,126.55999755859375
2017-09-13,125.61000061035156,125.61000061035156
2017-09-14,126.16000366210938,126.16000366210938
2017-09-15,125.52999877929688,125.52999877929688
2017-09-18,124.36000061035156,124.36000061035156
2017-09-19,124.62000274658203,124.62000274658203
2017-09-20,123.62000274658203,123.62000274658203
2017-09-21,122.68000030517578,122.68000030517578
2017-09-22,123.23999786376953,123.23999786376953
2017-09-25,124.52999877929688,124.52999877929688
2017-09-26,123.13999938964844,123.13999938964844
2017-09-27,121.9800033569336,121.9800033569336
2017-09-28,122.20999908447266,122.20999908447266
2017-09-29,121.58000183105469,121.58000183105469
2017-10-02,120.7699966430664,120.7699966430664
2017-10-03,120.83000183105469,120.83000183105469
2017-10-04,121.16999816894531,121.16999816894531
2017-10-05,120.5199966430664,120.5199966430664
2017-10-06,121.08999633789062,121.08999633789062
2017-10-09,122.08000183105469,122.08000183105469
2017-10-10,122.4000015258789,122.4000015258789
2017-10-11,122.79000091552734,122.79000091552734
2017-10-12,122.88999938964844,122.88999938964844
2017-10-13,123.81999969482422,123.81999969482422
2017-10-16,122.97000122070312,122.97000122070312
2017-10-17,122.12999725341797,122.12999725341797
2017-10-18,121.66999816894531,121.66999816894531
2017-10-19,122.38999938964844,122.38999938964844
2017-10-20,121.61000061035156,121.61000061035156
2017-10-23,121.80000305175781,121.80000305175781
2017-10-24,121.33000183105469,121.33000183105469
2017-10-25,121.3499984741211,121.3499984741211
2017-10-26,120.33000183105469,120.33000183105469
2017-10-27,120.9000015258789,120.9000015258789
2017-10-30,121.12999725341797,121.12999725341797
2017-10-31,120.66999816894531,120.66999816894531
2017-11-01,121.11000061035156,121.11000061035156
2017-11-02,121.19000244140625,121.19000244140625
2017-11-03,120.62000274658203,120.62000274658203
2017-11-06,121.6500015258789,121.6500015258789
2017-11-07,121.20999908447266,121.20999908447266
2017-11-08,121.62999725341797,121.62999725341797
2017-11-09,122.12999725341797,122.12999725341797
2017-11-10,121.12999725341797,121.12999725341797
2017-11-13,121.30999755859375,121.30999755859375
2017-11-14,121.55999755859375,121.55999755859375
2017-11-15,121.41000366210938,121.41000366210938
2017-11-16,121.4000015258789,121.4000015258789
2017-11-17,122.86000061035156,122.86000061035156
2017-11-20,121.30999755859375,121.30999755859375
2017-11-21,121.51000213623047,121.51000213623047
2017-11-22,122.62999725341797,122.62999725341797
2017-11-24,122.31999969482422,122.31999969482422
2017-11-27,122.83000183105469,122.83000183105469
2017-11-28,122.80999755859375,122.80999755859375
2017-11-29,122.04000091552734,122.04000091552734
2017-11-30,121.0999984741211,121.0999984741211
2017-12-01,121.58999633789062,121.58999633789062
2017-12-04,121.18000030517578,121.18000030517578
2017-12-05,120.31999969482422,120.31999969482422
2017-12-06,120.06999969482422,120.06999969482422
2017-12-07,118.48999786376953,118.48999786376953
2017-12-08,118.4800033569336,118.4800033569336
2017-12-11,118.01000213623047,118.01000213623047
2017-12-12,118.1500015258789,118.1500015258789
2017-12-13,119.16999816894531,119.16999816894531
2017-12-14,118.93000030517578,118.93000030517578
2017-12-15,119.18000030517578,119.18000030517578
2017-12-18,119.7300033569336,119.7300033569336
2017-12-19,119.81999969482422,119.81999969482422
2017-12-20,120.13999938964844,120.13999938964844
2017-12-21,120.30999755859375,120.30999755859375
2017-12-22,120.94000244140625,120.94000244140625
2017-12-26,121.7699966430664,121.7699966430664
2017-12-27,122.2300033569336,122.2300033569336
2017-12-28,122.8499984741211,122.8499984741211
2017-12-29,123.6500015258789,123.6500015258789
2018-01-02,125.1500015258789,125.1500015258789
2018-01-03,124.81999969482422,124.81999969482422
2018-01-04,125.45999908447266,125.45999908447266
2018-01-05,125.33000183105469,125.33000183105469
2018-01-08,125.30999755859375,125.30999755859375
2018-01-09,124.7300033569336,124.7300033569336
2018-01-10,125.02999877929688,125.02999877929688
2018-01-11,125.44000244140625,125.44000244140625
2018-01-12,126.95999908447266,126.95999908447266
2018-01-16,127.16999816894531,127.16999816894531
2018-01-17,126.13999938964844,126.13999938964844
2018-01-18,125.86000061035156,125.86000061035156
2018-01-19,126.41999816894531,126.41999816894531
2018-01-22,126.6500015258789,126.6500015258789
2018-01-23,127.27999877929688,127.27999877929688
2018-01-24,128.8300018310547,128.8300018310547
2018-01-25,127.97000122070312,127.97000122070312
2018-01-26,128.07000732421875,128.07000732421875
2018-01-29,127.3499984741211,127.3499984741211
2018-01-30,126.80000305175781,126.80000305175781
2018-01-31,127.6500015258789,127.6500015258789
2018-02-01,128.07000732421875,128.07000732421875
2018-02-02,126.38999938964844,126.38999938964844
2018-02-05,126.70999908447266,126.70999908447266
2018-02-06,125.37999725341797,125.37999725341797
2018-02-07,124.79000091552734,124.79000091552734
2018-02-08,124.9800033569336,124.9800033569336
2018-02-09,124.7699966430664,124.7699966430664
2018-02-12,125.37000274658203,125.37000274658203
2018-02-13,126.08000183105469,126.08000183105469
2018-02-14,128.22999572753906,128.22999572753906
2018-02-15,128.3800048828125,128.3800048828125
2018-02-16,127.95999908447266,127.95999908447266
2018-02-20,126.23999786376953,126.23999786376953
2018-02-21,125.66000366210938,125.66000366210938
2018-02-22,126.30000305175781,126.30000305175781
2018-02-23,126.13999938964844,126.13999938964844
2018-02-26,126.44999694824219,126.44999694824219
2018-02-27,125.12999725341797,125.12999725341797
2018-02-28,125.0,125.0
2018-03-01,124.72000122070312,124.72000122070312
2018-03-02,125.38999938964844,125.38999938964844
2018-03-05,125.18000030517578,125.18000030517578
2018-03-06,126.52999877929688,126.52999877929688
2018-03-07,125.72000122070312,125.72000122070312
2018-03-08,125.41999816894531,125.41999816894531
2018-03-09,125.54000091552734,125.54000091552734
2018-03-12,125.54000091552734,125.54000091552734
2018-03-13,125.77999877929688,125.77999877929688
2018-03-14,125.69999694824219,125.69999694824219
2018-03-15,124.9000015258789,124.9000015258789
2018-03-16,124.5999984741211,124.5999984741211
2018-03-19,124.87000274658203,124.87000274658203
2018-03-20,124.30999755859375,124.30999755859375
2018-03-21,126.4800033569336,126.4800033569336
2018-03-22,125.9800033569336,125.9800033569336
2018-03-23,127.61000061035156,127.61000061035156
2018-03-26,128.27999877929688,128.27999877929688
2018-03-27,127.48999786376953,127.48999786376953
2018-03-28,125.7300033569336,125.7300033569336
2018-03-29,125.79000091552734,125.79000091552734
2018-04-02,127.26000213623047,127.26000213623047
2018-04-03,126.30000305175781,126.30000305175781
2018-04-04,126.44999694824219,126.44999694824219
2018-04-05,125.80000305175781,125.80000305175781
2018-04-06,126.38999938964844,126.38999938964844
2018-04-09,126.81999969482422,126.81999969482422
2018-04-10,127.12000274658203,127.12000274658203
2018-04-11,128.11000061035156,128.11000061035156
2018-04-12,126.62000274658203,126.62000274658203
2018-04-13,127.44999694824219,127.44999694824219
2018-04-16,127.62999725341797,127.62999725341797
2018-04-17,127.75,127.75
2018-04-18,127.8499984741211,127.8499984741211
2018-04-19,127.5999984741211,127.5999984741211
2018-04-20,126.62999725341797,126.62999725341797
2018-04-23,125.62000274658203,125.62000274658203
2018-04-24,126.2300033569336,126.2300033569336
2018-04-25,125.41000366210938,125.41000366210938
2018-04-26,124.97000122070312,124.97000122070312
2018-04-27,125.5,125.5
2018-04-30,124.58999633789062,124.58999633789062
2018-05-01,123.70999908447266,123.70999908447266
2018-05-02,123.6500015258789,123.6500015258789
2018-05-03,124.27999877929688,124.27999877929688
2018-05-04,124.54000091552734,124.54000091552734
2018-05-07,124.56999969482422,124.56999969482422
2018-05-08,124.58999633789062,124.58999633789062
2018-05-09,124.33000183105469,124.33000183105469
2018-05-10,125.18000030517578,125.18000030517578
2018-05-11,125.0,125.0
2018-05-14,124.48999786376953,124.48999786376953
2018-05-15,122.4800033569336,122.4800033569336
2018-05-16,122.29000091552734,122.29000091552734
2018-05-17,122.36000061035156,122.36000061035156
2018-05-18,122.41000366210938,122.41000366210938
2018-05-21,122.4800033569336,122.4800033569336
2018-05-22,122.41000366210938,122.41000366210938
2018-05-23,122.54000091552734,122.54000091552734
2018-05-24,123.58999633789062,123.58999633789062
2018-05-25,123.20999908447266,123.20999908447266
2018-05-29,123.19000244140625,123.19000244140625
2018-05-30,123.37000274658203,123.37000274658203
2018-05-31,123.0999984741211,123.0999984741211
2018-06-01,122.48999786376953,122.48999786376953
2018-06-04,122.37000274658203,122.37000274658203
2018-06-05,122.8499984741211,122.8499984741211
2018-06-06,122.91999816894531,122.91999816894531
2018-06-07,122.86000061035156,122.86000061035156
2018-06-08,123.01000213623047,123.01000213623047
2018-06-11,123.2300033569336,123.2300033569336
2018-06-12,122.81999969482422,122.81999969482422
2018-06-13,123.19000244140625,123.19000244140625
2018-06-14,123.37999725341797,123.37999725341797
2018-06-15,121.33999633789062,121.33999633789062
2018-06-18,121.11000061035156,121.11000061035156
2018-06-19,120.80000305175781,120.80000305175781
2018-06-20,120.26000213623047,120.26000213623047
2018-06-21,120.05000305175781,120.05000305175781
2018-06-22,120.33999633789062,120.33999633789062
2018-06-25,119.88999938964844,119.88999938964844
2018-06-26,119.26000213623047,119.26000213623047
2018-06-27,118.58000183105469,118.58000183105469
2018-06-28,118.22000122070312,118.22000122070312
2018-06-29,118.6500015258789,118.6500015258789
2018-07-02,117.45999908447266,117.45999908447266
2018-07-03,118.6500015258789,118.6500015258789
2018-07-05,119.05000305175781,119.05000305175781
2018-07-06,118.86000061035156,118.86000061035156
2018-07-09,119.1500015258789,119.1500015258789
2018-07-10,118.93000030517578,118.93000030517578
2018-07-11,117.63999938964844,117.63999938964844
2018-07-12,118.12999725341797,118.12999725341797
2018-07-13,117.61000061035156,117.61000061035156
2018-07-16,117.55000305175781,117.55000305175781
2018-07-17,116.27999877929688,116.27999877929688
2018-07-18,116.30999755859375,116.30999755859375
2018-07-19,115.80999755859375,115.80999755859375
2018-07-20,116.55999755859375,116.55999755859375
2018-07-23,116.0,116.0
2018-07-24,116.04000091552734,116.04000091552734
2018-07-25,116.68000030517578,116.68000030517578
2018-07-26,115.7699966430664,115.7699966430664
2018-07-27,115.83000183105469,115.83000183105469
2018-07-30,115.6500015258789,115.6500015258789
2018-07-31,115.98999786376953,115.98999786376953
2018-08-01,115.13999938964844,115.13999938964844
2018-08-02,114.5199966430664,114.5199966430664
2018-08-03,114.91999816894531,114.91999816894531
2018-08-06,114.33000183105469,114.33000183105469
2018-08-07,114.58999633789062,114.58999633789062
2018-08-08,114.91000366210938,114.91000366210938
2018-08-09,114.73999786376953,114.73999786376953
2018-08-10,114.69000244140625,114.69000244140625
2018-08-13,112.95999908447266,112.95999908447266
2018-08-14,113.06999969482422,113.06999969482422
2018-08-15,111.19000244140625,111.19000244140625
2018-08-16,111.0999984741211,111.0999984741211
2018-08-17,112.12999725341797,112.12999725341797
2018-08-20,112.69000244140625,112.69000244140625
2018-08-21,113.0199966430664,113.0199966430664
2018-08-22,113.2699966430664,113.2699966430664
2018-08-23,112.19999694824219,112.19999694824219
2018-08-24,114.16000366210938,114.16000366210938
2018-08-27,114.58999633789062,114.58999633789062
2018-08-28,113.68000030517578,113.68000030517578
2018-08-29,114.19999694824219,114.19999694824219
2018-08-30,113.63999938964844,113.63999938964844
2018-08-31,113.51000213623047,113.51000213623047
2018-09-04,112.93000030517578,112.93000030517578
2018-09-05,113.31999969482422,113.31999969482422
2018-09-06,113.54000091552734,113.54000091552734
2018-09-07,113.2300033569336,113.2300033569336
2018-09-10,113.1500015258789,113.1500015258789
2018-09-11,113.22000122070312,113.22000122070312
2018-09-12,114.16999816894531,114.16999816894531
2018-09-13,113.76000213623047,113.76000213623047
2018-09-14,113.0199966430664,113.0199966430664
2018-09-17,113.61000061035156,113.61000061035156
2018-09-18,113.44000244140625,113.44000244140625
2018-09-19,113.87999725341797,113.87999725341797
2018-09-20,114.2699966430664,114.2699966430664
2018-09-21,113.48999786376953,113.48999786376953
2018-09-24,113.47000122070312,113.47000122070312
2018-09-25,113.6500015258789,113.6500015258789
2018-09-26,113.05000305175781,113.05000305175781
2018-09-27,112.05000305175781,112.05000305175781
2018-09-28,112.76000213623047,112.76000213623047
2018-10-01,112.56999969482422,112.56999969482422
2018-10-02,113.87000274658203,113.87000274658203
2018-10-03,113.41999816894531,113.41999816894531
2018-10-04,113.4800033569336,113.4800033569336
2018-10-05,113.80000305175781,113.80000305175781
2018-10-08,112.54000091552734,112.54000091552734
2018-10-09,112.5999984741211,112.5999984741211
2018-10-10,112.87999725341797,112.87999725341797
2018-10-11,115.77999877929688,115.77999877929688
2018-10-12,115.2300033569336,115.2300033569336
2018-10-15,116.0,116.0
2018-10-16,115.80000305175781,115.80000305175781
2018-10-17,115.79000091552734,115.79000091552734
2018-10-18,115.91999816894531,115.91999816894531
2018-10-19,116.01000213623047,116.01000213623047
2018-10-22,115.70999908447266,115.70999908447266
2018-10-23,116.38999938964844,116.38999938964844
2018-10-24,116.66000366210938,116.66000366210938
2018-10-25,116.4000015258789,116.4000015258789
2018-10-26,116.7699966430664,116.7699966430664
2018-10-29,116.30999755859375,116.30999755859375
2018-10-30,115.80000305175781,115.80000305175781
2018-10-31,115.1500015258789,115.1500015258789
2018-11-01,116.62999725341797,116.62999725341797
2018-11-02,116.6500015258789,116.6500015258789
2018-11-05,116.37000274658203,116.37000274658203
2018-11-06,116.04000091552734,116.04000091552734
2018-11-07,116.02999877929688,116.02999877929688
2018-11-08,115.77999877929688,115.77999877929688
2018-11-09,114.4800033569336,114.4800033569336
2018-11-12,113.66000366210938,113.66000366210938
2018-11-13,113.69999694824219,113.69999694824219
2018-11-14,114.63999938964844,114.63999938964844
2018-11-15,114.7699966430664,114.7699966430664
2018-11-16,115.62000274658203,115.62000274658203
2018-11-19,115.66999816894531,115.66999816894531
2018-11-20,115.66999816894531,115.66999816894531
2018-11-21,115.86000061035156,115.86000061035156
2018-11-23,115.7699966430664,115.7699966430664
2018-11-26,115.63999938964844,115.63999938964844
2018-11-27,114.94999694824219,114.94999694824219
2018-11-28,115.37999725341797,115.37999725341797
2018-11-29,115.73999786376953,115.73999786376953
2018-11-30,115.54000091552734,115.54000091552734
2018-12-03,116.41000366210938,116.41000366210938
2018-12-04,117.12000274658203,117.12000274658203
2018-12-06,117.13999938964844,117.13999938964844
2018-12-07,118.08999633789062,118.08999633789062
2018-12-10,117.68000030517578,117.68000030517578
2018-12-11,117.54000091552734,117.54000091552734
2018-12-12,117.79000091552734,117.79000091552734
2018-12-13,117.52999877929688,117.52999877929688
2018-12-14,117.05999755859375,117.05999755859375
2018-12-17,117.87000274658203,117.87000274658203
2018-12-18,118.1500015258789,118.1500015258789
2018-12-19,117.43000030517578,117.43000030517578
2018-12-20,119.23999786376953,119.23999786376953
2018-12-21,118.72000122070312,118.72000122070312
2018-12-24,120.0199966430664,120.0199966430664
2018-12-26,119.66000366210938,119.66000366210938
2018-12-27,120.56999969482422,120.56999969482422
2018-12-28,121.05999755859375,121.05999755859375
2018-12-31,121.25,121.25
2019-01-02,121.33000183105469,121.33000183105469
2019-01-03,122.43000030517578,122.43000030517578
2019-01-04,121.44000244140625,121.44000244140625
2019-01-07,121.86000061035156,121.86000061035156
2019-01-08,121.52999877929688,121.52999877929688
2019-01-09,122.30999755859375,122.30999755859375
2019-01-10,121.58999633789062,121.58999633789062
2019-01-11,121.80000305175781,121.80000305175781
2019-01-14,122.08999633789062,122.08999633789062
2019-01-15,121.87999725341797,121.87999725341797
2019-01-16,122.2699966430664,122.2699966430664
2019-01-17,122.11000061035156,122.11000061035156
2019-01-18,121.0199966430664,121.0199966430664
2019-01-22,121.44999694824219,121.44999694824219
2019-01-23,121.27999877929688,121.27999877929688
2019-01-24,121.08999633789062,121.08999633789062
2019-01-25,122.86000061035156,122.86000061035156
2019-01-28,123.29000091552734,123.29000091552734
2019-01-29,123.9800033569336,123.9800033569336
2019-01-30,124.69000244140625,124.69000244140625
2019-01-31,124.75,124.75
2019-02-01,124.5,124.5
2019-02-04,123.95999908447266,123.95999908447266
2019-02-05,124.27999877929688,124.27999877929688
2019-02-06,123.44000244140625,123.44000244140625
2019-02-07,123.73999786376953,123.73999786376953
2019-02-08,124.20999908447266,124.20999908447266
2019-02-11,123.5999984741211,123.5999984741211
2019-02-12,123.86000061035156,123.86000061035156
2019-02-13,123.37000274658203,123.37000274658203
2019-02-14,124.05999755859375,124.05999755859375
2019-02-15,124.80000305175781,124.80000305175781
2019-02-19,126.69999694824219,126.69999694824219
2019-02-20,126.4800033569336,126.4800033569336
2019-02-21,125.05000305175781,125.05000305175781
2019-02-22,125.5,125.5
2019-02-25,125.37000274658203,125.37000274658203
2019-02-26,125.58000183105469,125.58000183105469
2019-02-27,124.69000244140625,124.69000244140625
2019-02-28,123.98999786376953,123.98999786376953
2019-03-01,121.87999725341797,121.87999725341797
2019-03-04,121.55999755859375,121.55999755859375
2019-03-05,121.72000122070312,121.72000122070312
2019-03-06,121.61000061035156,121.61000061035156
2019-03-07,121.51000213623047,121.51000213623047
2019-03-08,122.83999633789062,122.83999633789062
2019-03-11,122.23999786376953,122.23999786376953
2019-03-12,122.9800033569336,122.9800033569336
2019-03-13,123.83999633789062,123.83999633789062
2019-03-14,122.41000366210938,122.41000366210938
2019-03-15,122.97000122070312,122.97000122070312
2019-03-18,123.04000091552734,123.04000091552734
2019-03-19,123.37999725341797,123.37999725341797
2019-03-20,124.18000030517578,124.18000030517578
2019-03-21,123.68000030517578,123.68000030517578
2019-03-22,123.97000122070312,123.97000122070312
2019-03-25,124.91999816894531,124.91999816894531
2019-03-26,124.30000305175781,124.30000305175781
2019-03-27,123.6500015258789,123.6500015258789
2019-03-28,121.9000015258789,121.9000015258789
2019-03-29,122.01000213623047,122.01000213623047
2019-04-01,121.52999877929688,121.52999877929688
2019-04-02,121.9800033569336,121.9800033569336
2019-04-03,121.80000305175781,121.80000305175781
2019-04-04,122.11000061035156,122.11000061035156
2019-04-05,121.9800033569336,121.9800033569336
2019-04-08,122.51000213623047,122.51000213623047
2019-04-09,123.1500015258789,123.1500015258789
2019-04-10,123.52999877929688,123.52999877929688
2019-04-11,121.94999694824219,121.94999694824219
2019-04-12,121.83000183105469,121.83000183105469
2019-04-15,121.5999984741211,121.5999984741211
2019-04-16,120.51000213623047,120.51000213623047
2019-04-17,120.27999877929688,120.27999877929688
2019-04-18,120.37000274658203,120.37000274658203
2019-04-22,120.37000274658203,120.37000274658203
2019-04-23,120.12000274658203,120.12000274658203
2019-04-24,120.47000122070312,120.47000122070312
2019-04-25,120.56999969482422,120.56999969482422
2019-04-26,121.37000274658203,121.37000274658203
2019-04-29,120.83000183105469,120.83000183105469
2019-04-30,121.19999694824219,121.19999694824219
2019-05-01,120.4000015258789,120.4000015258789
2019-05-02,119.94000244140625,119.94000244140625
2019-05-03,120.6500015258789,120.6500015258789
2019-05-06,120.80999755859375,120.80999755859375
2019-05-07,121.20999908447266,121.20999908447266
2019-05-08,120.91000366210938,120.91000366210938
2019-05-09,121.19999694824219,121.19999694824219
2019-05-10,121.43000030517578,121.43000030517578
2019-05-13,122.66999816894531,122.66999816894531
2019-05-14,122.45999908447266,122.45999908447266
2019-05-15,122.38999938964844,122.38999938964844
2019-05-16,121.51000213623047,121.51000213623047
2019-05-17,120.6500015258789,120.6500015258789
2019-05-20,120.63999938964844,120.63999938964844
2019-05-21,120.36000061035156,120.36000061035156
2019-05-22,120.23999786376953,120.23999786376953
2019-05-23,121.16999816894531,121.16999816894531
2019-05-24,121.30000305175781,121.30000305175781
2019-05-28,120.83000183105469,120.83000183105469
2019-05-29,120.87000274658203,120.87000274658203
2019-05-30,121.69000244140625,121.69000244140625
2019-05-31,123.33000183105469,123.33000183105469
2019-06-03,125.11000061035156,125.11000061035156
2019-06-04,125.1500015258789,125.1500015258789
2019-06-05,125.47000122070312,125.47000122070312
2019-06-06,125.87999725341797,125.87999725341797
2019-06-07,126.58999633789062,126.58999633789062
2019-06-10,125.33000183105469,125.33000183105469
2019-06-11,125.18000030517578,125.18000030517578
2019-06-12,125.83000183105469,125.83000183105469
2019-06-13,126.5999984741211,126.5999984741211
2019-06-14,126.55999755859375,126.55999755859375
2019-06-17,126.4800033569336,126.4800033569336
2019-06-18,127.12000274658203,127.12000274658203
2019-06-19,127.88999938964844,127.88999938964844
2019-06-20,131.11000061035156,131.11000061035156
2019-06-21,131.97999572753906,131.97999572753906
2019-06-24,133.94000244140625,133.94000244140625
2019-06-25,134.1999969482422,134.1999969482422
2019-06-26,132.97000122070312,132.97000122070312
2019-06-27,132.83999633789062,132.83999633789062
2019-06-28,133.1999969482422,133.1999969482422
2019-07-01,130.6199951171875,130.6199951171875
2019-07-02,133.41000366210938,133.41000366210938
2019-07-03,133.6300048828125,133.6300048828125
2019-07-05,132.13999938964844,132.13999938964844
2019-07-08,131.2899932861328,131.2899932861328
2019-07-09,131.75,131.75
2019-07-10,133.8300018310547,133.8300018310547
2019-07-11,132.6999969482422,132.6999969482422
2019-07-12,133.52999877929688,133.52999877929688
2019-07-15,133.52999877929688,133.52999877929688
2019-07-16,132.39999389648438,132.39999389648438
2019-07-17,134.5800018310547,134.5800018310547
2019-07-18,136.47999572753906,136.47999572753906
2019-07-19,134.47000122070312,134.47000122070312
2019-07-22,134.4499969482422,134.4499969482422
2019-07-23,133.69000244140625,133.69000244140625
2019-07-24,134.3699951171875,134.3699951171875
2019-07-25,133.4199981689453,133.4199981689453
2019-07-26,133.63999938964844,133.63999938964844
2019-07-29,134.52999877929688,134.52999877929688
2019-07-30,134.97999572753906,134.97999572753906
2019-07-31,133.2100067138672,133.2100067138672
2019-08-01,136.41000366210938,136.41000366210938
2019-08-02,135.88999938964844,135.88999938964844
2019-08-05,137.7899932861328,137.7899932861328
2019-08-06,138.91000366210938,138.91000366210938
2019-08-07,141.02000427246094,141.02000427246094
2019-08-08,141.72999572753906,141.72999572753906
2019-08-09,141.25999450683594,141.25999450683594
2019-08-12,142.6300048828125,142.6300048828125
2019-08-13,141.77999877929688,141.77999877929688
2019-08-14,142.75,142.75
2019-08-15,143.6999969482422,143.6999969482422
2019-08-16,142.77999877929688,142.77999877929688
2019-08-19,141.11000061035156,141.11000061035156
2019-08-20,142.2100067138672,142.2100067138672
2019-08-21,141.75999450683594,141.75999450683594
2019-08-22,141.39999389648438,141.39999389648438
2019-08-23,144.1699981689453,144.1699981689453
2019-08-26,144.19000244140625,144.19000244140625
2019-08-27,145.57000732421875,145.57000732421875
2019-08-28,145.16000366210938,145.16000366210938
2019-08-29,144.1199951171875,144.1199951171875
2019-08-30,143.75,143.75
2019-09-03,145.75,145.75
2019-09-04,146.66000366210938,146.66000366210938
2019-09-05,143.13999938964844,143.13999938964844
2019-09-06,141.9199981689453,141.9199981689453
2019-09-09,141.38999938964844,141.38999938964844
2019-09-10,140.17999267578125,140.17999267578125
2019-09-11,141.02999877929688,141.02999877929688
2019-09-12,141.32000732421875,141.32000732421875
2019-09-13,140.14999389648438,140.14999389648438
2019-09-16,141.32000732421875,141.32000732421875
2019-09-17,141.60000610351562,141.60000610351562
2019-09-18,140.7100067138672,140.7100067138672
2019-09-19,141.27999877929688,141.27999877929688
2019-09-20,142.9499969482422,142.9499969482422
2019-09-23,143.75,143.75
2019-09-24,144.50999450683594,144.50999450683594
2019-09-25,141.8300018310547,141.8300018310547
2019-09-26,141.7899932861328,141.7899932861328
2019-09-27,141.05999755859375,141.05999755859375
2019-09-30,138.8699951171875,138.8699951171875
2019-10-01,139.6300048828125,139.6300048828125
2019-10-02,141.25999450683594,141.25999450683594
2019-10-03,141.89999389648438,141.89999389648438
2019-10-04,141.89999389648438,141.89999389648438
2019-10-07,140.69000244140625,140.69000244140625
2019-10-08,141.9199981689453,141.9199981689453
2019-10-09,142.0500030517578,142.0500030517578
2019-10-10,140.80999755859375,140.80999755859375
2019-10-11,140.02999877929688,140.02999877929688
2019-10-14,140.58999633789062,140.58999633789062
2019-10-15,139.61000061035156,139.61000061035156
2019-10-16,140.41000366210938,140.41000366210938
2019-10-17,140.61000061035156,140.61000061035156
2019-10-18,140.4600067138672,140.4600067138672
2019-10-21,139.7899932861328,139.7899932861328
2019-10-22,140.1999969482422,140.1999969482422
2019-10-23,140.52999877929688,140.52999877929688
2019-10-24,141.52999877929688,141.52999877929688
2019-10-25,141.86000061035156,141.86000061035156
2019-10-28,140.63999938964844,140.63999938964844
2019-10-29,140.25,140.25
2019-10-30,141.02000427246094,141.02000427246094
2019-10-31,142.42999267578125,142.42999267578125
2019-11-01,142.55999755859375,142.55999755859375
2019-11-04,142.14999389648438,142.14999389648438
2019-11-05,139.85000610351562,139.85000610351562
2019-11-06,140.4499969482422,140.4499969482422
2019-11-07,138.27000427246094,138.27000427246094
2019-11-08,137.38999938964844,137.38999938964844
2019-11-11,137.05999755859375,137.05999755859375
2019-11-12,137.42999267578125,137.42999267578125
2019-11-13,137.97999572753906,137.97999572753906
2019-11-14,138.55999755859375,138.55999755859375
2019-11-15,138.2100067138672,138.2100067138672
2019-11-18,138.6199951171875,138.6199951171875
2019-11-19,138.69000244140625,138.69000244140625
2019-11-20,138.75999450683594,138.75999450683594
2019-11-21,138.0,138.0
2019-11-22,137.74000549316406,137.74000549316406
2019-11-25,137.0800018310547,137.0800018310547
2019-11-26,137.74000549316406,137.74000549316406
2019-11-27,137.00999450683594,137.00999450683594
2019-11-29,137.86000061035156,137.86000061035156
2019-12-02,137.7899932861328,137.7899932861328
2019-12-03,139.11000061035156,139.11000061035156
2019-12-04,138.9199981689453,138.9199981689453
2019-12-05,139.0,139.0
2019-12-06,137.6199951171875,137.6199951171875
2019-12-09,137.5800018310547,137.5800018310547
2019-12-10,137.97000122070312,137.97000122070312
2019-12-11,138.9199981689453,138.9199981689453
2019-12-12,138.42999267578125,138.42999267578125
2019-12-13,139.0500030517578,139.0500030517578
2019-12-16,139.0399932861328,139.0399932861328
2019-12-17,139.00999450683594,139.00999450683594
2019-12-18,139.02000427246094,139.02000427246094
2019-12-19,139.3800048828125,139.3800048828125
2019-12-20,139.52000427246094,139.52000427246094
2019-12-23,139.9499969482422,139.9499969482422
2019-12-24,141.27000427246094,141.27000427246094
2019-12-26,142.3800048828125,142.3800048828125
2019-12-27,142.3300018310547,142.3300018310547
2019-12-30,142.6300048828125,142.6300048828125
2019-12-31,142.89999389648438,142.89999389648438
2020-01-02,143.9499969482422,143.9499969482422
2020-01-03,145.86000061035156,145.86000061035156
2020-01-06,147.38999938964844,147.38999938964844
2020-01-07,147.97000122070312,147.97000122070312
2020-01-08,146.86000061035156,146.86000061035156
2020-01-09,146.02999877929688,146.02999877929688
2020-01-10,146.91000366210938,146.91000366210938
2020-01-13,145.82000732421875,145.82000732421875
2020-01-14,145.69000244140625,145.69000244140625
2020-01-15,146.5399932861328,146.5399932861328
2020-01-16,146.30999755859375,146.30999755859375
2020-01-17,146.5800018310547,146.5800018310547
2020-01-21,146.74000549316406,146.74000549316406
2020-01-22,146.7899932861328,146.7899932861328
2020-01-23,147.1199951171875,147.1199951171875
2020-01-24,147.97999572753906,147.97999572753906
2020-01-27,148.99000549316406,148.99000549316406
2020-01-28,147.66000366210938,147.66000366210938
2020-01-29,148.4600067138672,148.4600067138672
2020-01-30,148.47000122070312,148.47000122070312
2020-01-31,149.3300018310547,149.3300018310547
2020-02-03,148.36000061035156,148.36000061035156
2020-02-04,146.42999267578125,146.42999267578125
2020-02-05,146.61000061035156,146.61000061035156
2020-02-06,147.39999389648438,147.39999389648438
2020-02-07,147.7899932861328,147.7899932861328
2020-02-10,148.1699981689453,148.1699981689453
2020-02-11,147.66000366210938,147.66000366210938
2020-02-12,147.5399932861328,147.5399932861328
2020-02-13,148.3800048828125,148.3800048828125
2020-02-14,149.0,149.0
2020-02-18,150.91000366210938,150.91000366210938
2020-02-19,151.7899932861328,151.7899932861328
2020-02-20,152.41000366210938,152.41000366210938
2020-02-21,154.6999969482422,154.6999969482422
2020-02-24,156.08999633789062,156.08999633789062
2020-02-25,153.3000030517578,153.3000030517578
2020-02-26,153.97000122070312,153.97000122070312
2020-02-27,154.0,154.0
2020-02-28,148.3800048828125,148.3800048828125
2020-03-02,149.1999969482422,149.1999969482422
2020-03-03,153.88999938964844,153.88999938964844
2020-03-04,154.16000366210938,154.16000366210938
2020-03-05,157.49000549316406,157.49000549316406
2020-03-06,157.5500030517578,157.5500030517578
2020-03-09,157.80999755859375,157.80999755859375
2020-03-10,154.47999572753906,154.47999572753906
2020-03-11,153.92999267578125,153.92999267578125
2020-03-12,147.7899932861328,147.7899932861328
2020-03-13,143.27999877929688,143.27999877929688
2020-03-16,141.63999938964844,141.63999938964844
2020-03-17,143.55999755859375,143.55999755859375
2020-03-18,140.6999969482422,140.6999969482422
2020-03-19,138.0399932861328,138.0399932861328
2020-03-20,140.11000061035156,140.11000061035156
2020-03-23,146.3000030517578,146.3000030517578
2020-03-24,153.39999389648438,153.39999389648438
2020-03-25,151.3000030517578,151.3000030517578
2020-03-26,153.24000549316406,153.24000549316406
2020-03-27,152.25,152.25
2020-03-30,152.9199981689453,152.9199981689453
2020-03-31,148.0500030517578,148.0500030517578
2020-04-01,149.4499969482422,149.4499969482422
2020-04-02,151.89999389648438,151.89999389648438
2020-04-03,152.64999389648438,152.64999389648438
2020-04-06,156.8800048828125,156.8800048828125
2020-04-07,156.0399932861328,156.0399932861328
2020-04-08,154.64999389648438,154.64999389648438
2020-04-09,158.69000244140625,158.69000244140625
2020-04-13,161.41000366210938,161.41000366210938
2020-04-14,162.67999267578125,162.67999267578125
2020-04-15,161.85000610351562,161.85000610351562
2020-04-16,161.7100067138672,161.7100067138672
2020-04-17,158.57000732421875,158.57000732421875
2020-04-20,159.6999969482422,159.6999969482422
2020-04-21,158.61000061035156,158.61000061035156
2020-04-22,161.72999572753906,161.72999572753906
2020-04-23,163.33999633789062,163.33999633789062
2020-04-24,162.63999938964844,162.63999938964844
2020-04-27,161.55999755859375,161.55999755859375
2020-04-28,160.83999633789062,160.83999633789062
2020-04-29,161.72999572753906,161.72999572753906
2020-04-30,158.8000030517578,158.8000030517578
2020-05-01,159.77999877929688,159.77999877929688
2020-05-04,160.33999633789062,160.33999633789062
2020-05-05,161.02000427246094,161.02000427246094
2020-05-06,158.9499969482422,158.9499969482422
2020-05-07,161.38999938964844,161.38999938964844
2020-05-08,160.4199981689453,160.4199981689453
2020-05-11,159.4199981689453,159.4199981689453
2020-05-12,160.0399932861328,160.0399932861328
2020-05-13,161.5800018310547,161.5800018310547
2020-05-14,163.00999450683594,163.00999450683594
2020-05-15,163.92999267578125,163.92999267578125
2020-05-18,162.69000244140625,162.69000244140625
2020-05-19,164.25999450683594,164.25999450683594
2020-05-20,164.64999389648438,164.64999389648438
2020-05-21,162.25,162.25
2020-05-22,163.2100067138672,163.2100067138672
2020-05-26,160.88999938964844,160.88999938964844
2020-05-27,161.17999267578125,161.17999267578125
2020-05-28,161.72000122070312,161.72000122070312
2020-05-29,162.91000366210938,162.91000366210938
2020-06-01,163.66000366210938,163.66000366210938
2020-06-02,162.60000610351562,162.60000610351562
2020-06-03,159.60000610351562,159.60000610351562
2020-06-04,161.27999877929688,161.27999877929688
2020-06-05,158.00999450683594,158.00999450683594
2020-06-08,159.72000122070312,159.72000122070312
2020-06-09,161.25999450683594,161.25999450683594
2020-06-10,163.57000732421875,163.57000732421875
2020-06-11,162.38999938964844,162.38999938964844
2020-06-12,162.6199951171875,162.6199951171875
2020-06-15,162.3300018310547,162.3300018310547
2020-06-16,162.25,162.25
2020-06-17,162.55999755859375,162.55999755859375
2020-06-18,162.24000549316406,162.24000549316406
2020-06-19,164.02999877929688,164.02999877929688
2020-06-22,165.08999633789062,165.08999633789062
2020-06-23,166.47999572753906,166.47999572753906
2020-06-24,165.89999389648438,165.89999389648438
2020-06-25,165.8000030517578,165.8000030517578
2020-06-26,166.5399932861328,166.5399932861328
2020-06-29,166.6300048828125,166.6300048828125
2020-06-30,167.3699951171875,167.3699951171875
2020-07-01,166.6199951171875,166.6199951171875
2020-07-02,166.97999572753906,166.97999572753906
2020-07-06,167.97999572753906,167.97999572753906
2020-07-07,169.0399932861328,169.0399932861328
2020-07-08,170.08999633789062,170.08999633789062
2020-07-09,169.6300048828125,169.6300048828125
2020-07-10,169.19000244140625,169.19000244140625
2020-07-13,169.39999389648438,169.39999389648438
2020-07-14,170.19000244140625,170.19000244140625
2020-07-15,170.33999633789062,170.33999633789062
2020-07-16,168.72999572753906,168.72999572753906
2020-07-17,170.1199951171875,170.1199951171875
2020-07-20,170.94000244140625,170.94000244140625
2020-07-21,173.0,173.0
2020-07-22,175.6300048828125,175.6300048828125
2020-07-23,177.17999267578125,177.17999267578125
2020-07-24,178.6999969482422,178.6999969482422
2020-07-27,182.22999572753906,182.22999572753906
2020-07-28,183.75,183.75
2020-07-29,185.1300048828125,185.1300048828125
2020-07-30,183.75999450683594,183.75999450683594
2020-07-31,185.42999267578125,185.42999267578125
2020-08-03,185.63999938964844,185.63999938964844
2020-08-04,189.58999633789062,189.58999633789062
2020-08-05,191.35000610351562,191.35000610351562
2020-08-06,193.88999938964844,193.88999938964844
2020-08-07,190.80999755859375,190.80999755859375
2020-08-10,190.14999389648438,190.14999389648438
2020-08-11,179.94000244140625,179.94000244140625
2020-08-12,179.10000610351562,179.10000610351562
2020-08-13,183.3300018310547,183.3300018310547
2020-08-14,182.5399932861328,182.5399932861328
2020-08-17,186.5,186.5
2020-08-18,188.17999267578125,188.17999267578125
2020-08-19,182.24000549316406,182.24000549316406
2020-08-20,183.5,183.5
2020-08-21,182.02999877929688,182.02999877929688
2020-08-24,181.0,181.0
2020-08-25,181.22000122070312,181.22000122070312
2020-08-26,183.36000061035156,183.36000061035156
2020-08-27,181.24000549316406,181.24000549316406
2020-08-28,184.38999938964844,184.38999938964844
2020-08-31,184.8300018310547,184.8300018310547
2020-09-01,185.0500030517578,185.0500030517578
2020-09-02,182.6199951171875,182.6199951171875
2020-09-03,181.13999938964844,181.13999938964844
2020-09-04,181.63999938964844,181.63999938964844
2020-09-08,181.2899932861328,181.2899932861328
2020-09-09,183.0500030517578,183.0500030517578
2020-09-10,182.4600067138672,182.4600067138672
2020-09-11,182.4499969482422,182.4499969482422
2020-09-14,183.88999938964844,183.88999938964844
2020-09-15,183.4499969482422,183.4499969482422
2020-09-16,183.97000122070312,183.97000122070312
2020-09-17,182.9600067138672,182.9600067138672
2020-09-18,183.1999969482422,183.1999969482422
2020-09-21,179.52000427246094,179.52000427246094
2020-09-22,178.64999389648438,178.64999389648438
2020-09-23,174.7899932861328,174.7899932861328
2020-09-24,175.44000244140625,175.44000244140625
2020-09-25,174.94000244140625,174.94000244140625
2020-09-28,176.6999969482422,176.6999969482422
2020-09-29,178.19000244140625,178.19000244140625
2020-09-30,177.1199951171875,177.1199951171875
2020-10-01,178.6999969482422,178.6999969482422
2020-10-02,178.5399932861328,178.5399932861328
2020-10-05,179.41000366210938,179.41000366210938
2020-10-06,177.3000030517578,177.3000030517578
2020-10-07,177.22000122070312,177.22000122070312
2020-10-08,177.85000610351562,177.85000610351562
2020-10-09,181.0800018310547,181.0800018310547
2020-10-12,180.55999755859375,180.55999755859375
2020-10-13,177.72000122070312,177.72000122070312
2020-10-14,178.27000427246094,178.27000427246094
2020-10-15,178.9199981689453,178.9199981689453
2020-10-16,178.3000030517578,178.3000030517578
2020-10-19,178.38999938964844,178.38999938964844
2020-10-20,179.25,179.25
2020-10-21,180.60000610351562,180.60000610351562
2020-10-22,178.8300018310547,178.8300018310547
2020-10-23,178.63999938964844,178.63999938964844
2020-10-26,178.5500030517578,178.5500030517578
2020-10-27,179.02000427246094,179.02000427246094
2020-10-28,176.1300048828125,176.1300048828125
2020-10-29,175.39999389648438,175.39999389648438
2020-10-30,176.1999969482422,176.1999969482422
2020-11-02,177.91000366210938,177.91000366210938
2020-11-03,178.9199981689453,178.9199981689453
2020-11-04,178.82000732421875,178.82000732421875
2020-11-05,182.92999267578125,182.92999267578125
2020-11-06,183.19000244140625,183.19000244140625
2020-11-09,175.0800018310547,175.0800018310547
2020-11-10,175.66000366210938,175.66000366210938
2020-11-11,174.89999389648438,174.89999389648438
2020-11-12,175.9600067138672,175.9600067138672
2020-11-13,177.16000366210938,177.16000366210938
2020-11-16,177.14999389648438,177.14999389648438
2020-11-17,176.5,176.5
2020-11-18,175.49000549316406,175.49000549316406
2020-11-19,175.16000366210938,175.16000366210938
2020-11-20,175.69000244140625,175.69000244140625
2020-11-23,172.22999572753906,172.22999572753906
2020-11-24,169.58999633789062,169.58999633789062
2020-11-25,169.50999450683594,169.50999450683594
2020-11-27,167.7899932861328,167.7899932861328
2020-11-30,166.6699981689453,166.6699981689453
2020-12-01,170.17999267578125,170.17999267578125
2020-12-02,171.4600067138672,171.4600067138672
2020-12-03,172.80999755859375,172.80999755859375
2020-12-04,172.32000732421875,172.32000732421875
2020-12-07,174.88999938964844,174.88999938964844
2020-12-08,175.5,175.5
2020-12-09,172.5,172.5
2020-12-10,172.1699981689453,172.1699981689453
2020-12-11,172.49000549316406,172.49000549316406
2020-12-14,171.5399932861328,171.5399932861328
2020-12-15,173.94000244140625,173.94000244140625
2020-12-16,174.89999389648438,174.89999389648438
2020-12-17,176.74000549316406,176.74000549316406
2020-12-18,176.44000244140625,176.44000244140625
2020-12-21,175.8800048828125,175.8800048828125
2020-12-22,174.49000549316406,174.49000549316406
2020-12-23,175.64999389648438,175.64999389648438
2020-12-24,176.35000610351562,176.35000610351562
2020-12-28,175.7100067138672,175.7100067138672
2020-12-29,176.35000610351562,176.35000610351562
2020-12-30,177.6999969482422,177.6999969482422
2020-12-31,178.36000061035156,178.36000061035156
2021-01-04,182.3300018310547,182.3300018310547
2021-01-05,182.8699951171875,182.8699951171875
2021-01-06,179.89999389648438,179.89999389648438
2021-01-07,179.47999572753906,179.47999572753906
2021-01-08,173.33999633789062,173.33999633789062
2021-01-11,173.0,173.0
2021-01-12,174.1199951171875,174.1199951171875
2021-01-13,173.3699951171875,173.3699951171875
2021-01-14,173.27999877929688,173.27999877929688
2021-01-15,171.1300048828125,171.1300048828125
2021-01-19,172.5800018310547,172.5800018310547
2021-01-20,175.38999938964844,175.38999938964844
2021-01-21,175.27999877929688,175.27999877929688
2021-01-22,173.89999389648438,173.89999389648438
2021-01-25,174.0500030517578,174.0500030517578
2021-01-26,173.6199951171875,173.6199951171875
2021-01-27,172.52000427246094,172.52000427246094
2021-01-28,172.67999267578125,172.67999267578125
2021-01-29,172.61000061035156,172.61000061035156
2021-02-01,174.22999572753906,174.22999572753906
2021-02-02,172.11000061035156,172.11000061035156
2021-02-03,171.85000610351562,171.85000610351562
2021-02-04,168.14999389648438,168.14999389648438
2021-02-05,169.80999755859375,169.80999755859375
2021-02-08,171.52000427246094,171.52000427246094
2021-02-09,172.0800018310547,172.0800018310547
2021-02-10,172.7100067138672,172.7100067138672
2021-02-11,171.2100067138672,171.2100067138672
2021-02-12,170.69000244140625,170.69000244140625
2021-02-16,168.24000549316406,168.24000549316406
2021-02-17,166.3300018310547,166.3300018310547
2021-02-18,166.32000732421875,166.32000732421875
2021-02-19,167.00999450683594,167.00999450683594
2021-02-22,169.50999450683594,169.50999450683594
2021-02-23,169.1199951171875,169.1199951171875
2021-02-24,169.0,169.0
2021-02-25,165.82000732421875,165.82000732421875
2021-02-26,161.80999755859375,161.80999755859375
2021-03-01,161.52999877929688,161.52999877929688
2021-03-02,162.41000366210938,162.41000366210938
2021-03-03,160.6199951171875,160.6199951171875
2021-03-04,159.0399932861328,159.0399932861328
2021-03-05,159.13999938964844,159.13999938964844
2021-03-08,157.49000549316406,157.49000549316406
2021-03-09,160.83999633789062,160.83999633789062
2021-03-10,161.66000366210938,161.66000366210938
2021-03-11,161.52000427246094,161.52000427246094
2021-03-12,161.49000549316406,161.49000549316406
2021-03-15,162.1999969482422,162.1999969482422
2021-03-16,162.35000610351562,162.35000610351562
2021-03-17,163.50999450683594,163.50999450683594
2021-03-18,162.55999755859375,162.55999755859375
2021-03-19,163.24000549316406,163.24000549316406
2021-03-22,163.0,163.0
2021-03-23,161.80999755859375,161.80999755859375
2021-03-24,162.3699951171875,162.3699951171875
2021-03-25,161.77999877929688,161.77999877929688
2021-03-26,162.24000549316406,162.24000549316406
2021-03-29,160.30999755859375,160.30999755859375
2021-03-30,157.57000732421875,157.57000732421875
2021-03-31,159.9600067138672,159.9600067138672
2021-04-01,161.97999572753906,161.97999572753906
2021-04-05,161.9199981689453,161.9199981689453
2021-04-06,163.22000122070312,163.22000122070312
2021-04-07,162.75999450683594,162.75999450683594
2021-04-08,164.50999450683594,164.50999450683594
2021-04-09,163.27000427246094,163.27000427246094
2021-04-12,162.27999877929688,162.27999877929688
2021-04-13,163.42999267578125,163.42999267578125
2021-04-14,162.72000122070312,162.72000122070312
2021-04-15,165.35000610351562,165.35000610351562
2021-04-16,166.35000610351562,166.35000610351562
2021-04-19,165.88999938964844,165.88999938964844
2021-04-20,166.47999572753906,166.47999572753906
2021-04-21,168.1300048828125,168.1300048828125
2021-04-22,167.0399932861328,167.0399932861328
2021-04-23,166.39999389648438,166.39999389648438
2021-04-26,166.83999633789062,166.83999633789062
2021-04-27,166.4199981689453,166.4199981689453
2021-04-28,166.91000366210938,166.91000366210938
2021-04-29,166.22000122070312,166.22000122070312
2021-04-30,165.66000366210938,165.66000366210938
2021-05-03,167.80999755859375,167.80999755859375
2021-05-04,166.5800018310547,166.5800018310547
2021-05-05,167.27000427246094,167.27000427246094
2021-05-06,170.05999755859375,170.05999755859375
2021-05-07,171.58999633789062,171.58999633789062
2021-05-10,172.11000061035156,172.11000061035156
2021-05-11,172.13999938964844,172.13999938964844
2021-05-12,170.42999267578125,170.42999267578125
2021-05-13,171.1300048828125,171.1300048828125
2021-05-14,172.69000244140625,172.69000244140625
2021-05-17,174.6999969482422,174.6999969482422
2021-05-18,175.0399932861328,175.0399932861328
2021-05-19,175.16000366210938,175.16000366210938
2021-05-20,175.9600067138672,175.9600067138672
2021-05-21,176.0399932861328,176.0399932861328
2021-05-24,176.35000610351562,176.35000610351562
2021-05-25,177.9499969482422,177.9499969482422
2021-05-26,177.63999938964844,177.63999938964844
2021-05-27,177.7100067138672,177.7100067138672
2021-05-28,178.3800048828125,178.3800048828125
2021-06-01,177.89999389648438,177.89999389648438
2021-06-02,178.77000427246094,178.77000427246094
2021-06-03,175.27000427246094,175.27000427246094
2021-06-04,177.16000366210938,177.16000366210938
2021-06-07,177.8699951171875,177.8699951171875
2021-06-08,177.32000732421875,177.32000732421875
2021-06-09,176.97999572753906,176.97999572753906
2021-06-10,177.74000549316406,177.74000549316406
2021-06-11,175.74000549316406,175.74000549316406
2021-06-14,174.7100067138672,174.7100067138672
2021-06-15,174.0500030517578,174.0500030517578
2021-06-16,171.11000061035156,171.11000061035156
2021-06-17,165.85000610351562,165.85000610351562
2021-06-18,164.92999267578125,164.92999267578125
2021-06-21,166.9499969482422,166.9499969482422
2021-06-22,166.25,166.25
2021-06-23,166.13999938964844,166.13999938964844
2021-06-24,166.0399932861328,166.0399932861328
2021-06-25,166.58999633789062,166.58999633789062
2021-06-28,166.5800018310547,166.5800018310547
2021-06-29,164.8300018310547,164.8300018310547
2021-06-30,165.6300048828125,165.6300048828125
2021-07-01,166.1999969482422,166.1999969482422
2021-07-02,167.2899932861328,167.2899932861328
2021-07-06,168.1199951171875,168.1199951171875
2021-07-07,168.75999450683594,168.75999450683594
2021-07-08,168.64999389648438,168.64999389648438
2021-07-09,169.2100067138672,169.2100067138672
2021-07-12,169.0,169.0
2021-07-13,169.22000122070312,169.22000122070312
2021-07-14,171.0399932861328,171.0399932861328
2021-07-15,171.07000732421875,171.07000732421875
2021-07-16,169.41000366210938,169.41000366210938
2021-07-19,169.61000061035156,169.61000061035156
2021-07-20,169.38999938964844,169.38999938964844
2021-07-21,168.75999450683594,168.75999450683594
2021-07-22,169.08999633789062,169.08999633789062
2021-07-23,168.55999755859375,168.55999755859375
2021-07-26,168.16000366210938,168.16000366210938
2021-07-27,168.44000244140625,168.44000244140625
2021-07-28,169.2899932861328,169.2899932861328
2021-07-29,171.1699981689453,171.1699981689453
2021-07-30,169.82000732421875,169.82000732421875
2021-08-02,169.61000061035156,169.61000061035156
2021-08-03,169.49000549316406,169.49000549316406
2021-08-04,169.52999877929688,169.52999877929688
2021-08-05,168.86000061035156,168.86000061035156
2021-08-06,164.63999938964844,164.63999938964844
2021-08-09,161.72000122070312,161.72000122070312
2021-08-10,161.77000427246094,161.77000427246094
2021-08-11,164.0,164.0
2021-08-12,164.0399932861328,164.0399932861328
2021-08-13,166.38999938964844,166.38999938964844
2021-08-16,167.22000122070312,167.22000122070312
2021-08-17,166.97000122070312,166.97000122070312
2021-08-18,167.10000610351562,167.10000610351562
2021-08-19,166.61000061035156,166.61000061035156
2021-08-20,166.6999969482422,166.6999969482422
2021-08-23,168.72999572753906,168.72999572753906
2021-08-24,168.64999389648438,168.64999389648438
2021-08-25,167.47999572753906,167.47999572753906
2021-08-26,167.6699981689453,167.6699981689453
2021-08-27,170.19000244140625,170.19000244140625
2021-08-30,169.35000610351562,169.35000610351562
2021-08-31,169.69000244140625,169.69000244140625
2021-09-01,169.6999969482422,169.6999969482422
2021-09-02,169.25,169.25
2021-09-03,171.05999755859375,171.05999755859375
2021-09-07,167.7100067138672,167.7100067138672
2021-09-08,167.2899932861328,167.2899932861328
2021-09-09,168.02999877929688,168.02999877929688
2021-09-10,167.17999267578125,167.17999267578125
2021-09-13,167.74000549316406,167.74000549316406
2021-09-14,168.82000732421875,168.82000732421875
2021-09-15,167.8300018310547,167.8300018310547
2021-09-16,164.02999877929688,164.02999877929688
2021-09-17,163.77000427246094,163.77000427246094
2021-09-20,164.94000244140625,164.94000244140625
2021-09-21,166.0399932861328,166.0399932861328
2021-09-22,165.4199981689453,165.4199981689453
2021-09-23,163.50999450683594,163.50999450683594
2021-09-24,163.3000030517578,163.3000030517578
2021-09-27,163.63999938964844,163.63999938964844
2021-09-28,162.0500030517578,162.0500030517578
2021-09-29,161.32000732421875,161.32000732421875
2021-09-30,164.22000122070312,164.22000122070312
2021-10-01,164.58999633789062,164.58999633789062
2021-10-04,165.36000061035156,165.36000061035156
2021-10-05,164.58999633789062,164.58999633789062
2021-10-06,165.02999877929688,165.02999877929688
2021-10-07,164.16000366210938,164.16000366210938
2021-10-08,164.22999572753906,164.22999572753906
2021-10-11,163.9199981689453,163.9199981689453
2021-10-12,164.66000366210938,164.66000366210938
2021-10-13,167.58999633789062,167.58999633789062
2021-10-14,168.0,168.0
2021-10-15,165.3300018310547,165.3300018310547
2021-10-18,164.9199981689453,164.9199981689453
2021-10-19,165.4499969482422,165.4499969482422
2021-10-20,166.89999389648438,166.89999389648438
2021-10-21,166.75,166.75
2021-10-22,167.77000427246094,167.77000427246094
2021-10-25,168.92999267578125,168.92999267578125
2021-10-26,167.67999267578125,167.67999267578125
2021-10-27,168.1199951171875,168.1199951171875
2021-10-28,168.0800018310547,168.0800018310547
2021-10-29,166.64999389648438,166.64999389648438
2021-11-01,167.52000427246094,167.52000427246094
2021-11-02,167.16000366210938,167.16000366210938
2021-11-03,165.77000427246094,165.77000427246094
2021-11-04,167.64999389648438,167.64999389648438
2021-11-05,169.83999633789062,169.83999633789062
2021-11-08,170.4499969482422,170.4499969482422
2021-11-09,171.2899932861328,171.2899932861328
2021-11-10,173.14999389648438,173.14999389648438
2021-11-11,174.1199951171875,174.1199951171875
2021-11-12,174.4499969482422,174.4499969482422
2021-11-15,174.17999267578125,174.17999267578125
2021-11-16,172.9199981689453,172.9199981689453
2021-11-17,174.5,174.5
2021-11-18,173.94000244140625,173.94000244140625
2021-11-19,172.61000061035156,172.61000061035156
2021-11-22,168.74000549316406,168.74000549316406
2021-11-23,167.27999877929688,167.27999877929688
2021-11-24,167.1199951171875,167.1199951171875
2021-11-26,166.85000610351562,166.85000610351562
2021-11-29,166.6199951171875,166.6199951171875
2021-11-30,165.5,165.5
2021-12-01,166.16000366210938,166.16000366210938
2021-12-02,165.24000549316406,165.24000549316406
2021-12-03,166.6300048828125,166.6300048828125
2021-12-06,166.22000122070312,166.22000122070312
2021-12-07,166.80999755859375,166.80999755859375
2021-12-08,166.89999389648438,166.89999389648438
2021-12-09,165.8800048828125,165.8800048828125
2021-12-10,166.5800018310547,166.5800018310547
2021-12-13,167.0,167.0
2021-12-14,165.44000244140625,165.44000244140625
2021-12-15,166.14999389648438,166.14999389648438
2021-12-16,168.16000366210938,168.16000366210938
2021-12-17,167.8000030517578,167.8000030517578
2021-12-20,167.08999633789062,167.08999633789062
2021-12-21,167.02000427246094,167.02000427246094
2021-12-22,168.58999633789062,168.58999633789062
2021-12-23,168.97000122070312,168.97000122070312
2021-12-27,169.3699951171875,169.3699951171875
2021-12-28,168.63999938964844,168.63999938964844
2021-12-29,168.58999633789062,168.58999633789062
2021-12-30,169.8000030517578,169.8000030517578
2021-12-31,170.9600067138672,170.9600067138672
2022-01-03,168.3300018310547,168.3300018310547
2022-01-04,169.57000732421875,169.57000732421875
2022-01-05,169.05999755859375,169.05999755859375
2022-01-06,166.99000549316406,166.99000549316406
2022-01-07,167.75,167.75
2022-01-10,168.25999450683594,168.25999450683594
2022-01-11,170.2899932861328,170.2899932861328
2022-01-12,170.74000549316406,170.74000549316406
2022-01-13,170.16000366210938,170.16000366210938
2022-01-14,169.6699981689453,169.6699981689453
2022-01-18,169.38999938964844,169.38999938964844
2022-01-19,172.0800018310547,172.0800018310547
2022-01-20,171.64999389648438,171.64999389648438
2022-01-21,171.08999633789062,171.08999633789062
2022-01-24,172.02999877929688,172.02999877929688
2022-01-25,172.5800018310547,172.5800018310547
2022-01-26,169.7899932861328,169.7899932861328
2022-01-27,167.60000610351562,167.60000610351562
2022-01-28,167.10000610351562,167.10000610351562
2022-01-31,168.08999633789062,168.08999633789062
2022-02-01,168.22999572753906,168.22999572753906
2022-02-02,168.83999633789062,168.83999633789062
2022-02-03,168.60000610351562,168.60000610351562
2022-02-04,168.86000061035156,168.86000061035156
2022-02-07,170.11000061035156,170.11000061035156
2022-02-08,170.6300048828125,170.6300048828125
2022-02-09,171.2100067138672,171.2100067138672
2022-02-10,170.55999755859375,170.55999755859375
2022-02-11,173.80999755859375,173.80999755859375
2022-02-14,174.74000549316406,174.74000549316406
2022-02-15,173.0800018310547,173.0800018310547
2022-02-16,174.86000061035156,174.86000061035156
2022-02-17,177.25,177.25
2022-02-18,177.1199951171875,177.1199951171875
2022-02-22,177.49000549316406,177.49000549316406
2022-02-23,178.2899932861328,178.2899932861328
2022-02-24,177.13999938964844,177.13999938964844
2022-02-25,176.5500030517578,176.5500030517578
2022-02-28,178.3800048828125,178.3800048828125
2022-03-01,181.6199951171875,181.6199951171875
2022-03-02,179.72999572753906,179.72999572753906
2022-03-03,180.8000030517578,180.8000030517578
2022-03-04,183.67999267578125,183.67999267578125
2022-03-07,186.41000366210938,186.41000366210938
2022-03-08,191.50999450683594,191.50999450683594
2022-03-09,185.82000732421875,185.82000732421875
2022-03-10,186.39999389648438,186.39999389648438
2022-03-11,185.08999633789062,185.08999633789062
2022-03-14,182.3000030517578,182.3000030517578
2022-03-15,178.88999938964844,178.88999938964844
2022-03-16,180.00999450683594,180.00999450683594
2022-03-17,180.88999938964844,180.88999938964844
2022-03-18,179.3000030517578,179.3000030517578
2022-03-21,180.6699981689453,180.6699981689453
2022-03-22,179.36000061035156,179.36000061035156
2022-03-23,181.80999755859375,181.80999755859375
2022-03-24,183.1300048828125,183.1300048828125
2022-03-25,182.3800048828125,182.3800048828125
2022-03-28,179.05999755859375,179.05999755859375
2022-03-29,179.13999938964844,179.13999938964844
2022-03-30,180.5800018310547,180.5800018310547
2022-03-31,180.64999389648438,180.64999389648438
2022-04-01,179.5,179.5
2022-04-04,180.3699951171875,180.3699951171875
2022-04-05,179.24000549316406,179.24000549316406
2022-04-06,179.66000366210938,179.66000366210938
2022-04-07,180.33999633789062,180.33999633789062
2022-04-08,181.47000122070312,181.47000122070312
2022-04-11,182.3699951171875,182.3699951171875
2022-04-12,183.77000427246094,183.77000427246094
2022-04-13,184.64999389648438,184.64999389648438
2022-04-14,184.0399932861328,184.0399932861328
2022-04-18,184.61000061035156,184.61000061035156
2022-04-19,181.82000732421875,181.82000732421875
2022-04-20,182.7100067138672,182.7100067138672
2022-04-21,182.05999755859375,182.05999755859375
2022-04-22,180.2899932861328,180.2899932861328
2022-04-25,177.0500030517578,177.0500030517578
2022-04-26,177.32000732421875,177.32000732421875
2022-04-27,175.97999572753906,175.97999572753906
2022-04-28,176.92999267578125,176.92999267578125
2022-04-29,176.91000366210938,176.91000366210938
2022-05-02,173.6300048828125,173.6300048828125
2022-05-03,174.08999633789062,174.08999633789062
2022-05-04,175.8000030517578,175.8000030517578
2022-05-05,175.1300048828125,175.1300048828125
2022-05-06,175.4199981689453,175.4199981689453
2022-05-09,172.8800048828125,172.8800048828125
2022-05-10,171.4199981689453,171.4199981689453
2022-05-11,172.82000732421875,172.82000732421875
2022-05-12,170.1699981689453,170.1699981689453
2022-05-13,168.7899932861328,168.7899932861328
2022-05-16,170.39999389648438,170.39999389648438
2022-05-17,169.3300018310547,169.3300018310547
2022-05-18,169.4199981689453,169.4199981689453
2022-05-19,171.91000366210938,171.91000366210938
2022-05-20,172.02999877929688,172.02999877929688
2022-05-23,172.8300018310547,172.8300018310547
2022-05-24,174.1300048828125,174.1300048828125
2022-05-25,173.0800018310547,173.0800018310547
2022-05-26,172.75999450683594,172.75999450683594
2022-05-27,172.85000610351562,172.85000610351562
2022-05-31,171.13999938964844,171.13999938964844
2022-06-01,172.22999572753906,172.22999572753906
2022-06-02,174.35000610351562,174.35000610351562
2022-06-03,172.5800018310547,172.5800018310547
2022-06-06,171.82000732421875,171.82000732421875
2022-06-07,172.94000244140625,172.94000244140625
2022-06-08,172.77999877929688,172.77999877929688
2022-06-09,172.22999572753906,172.22999572753906
2022-06-10,174.5399932861328,174.5399932861328
2022-06-13,169.92999267578125,169.92999267578125
2022-06-14,168.57000732421875,168.57000732421875
2022-06-15,170.77000427246094,170.77000427246094
2022-06-16,172.69000244140625,172.69000244140625
2022-06-17,171.27000427246094,171.27000427246094
2022-06-21,170.6300048828125,170.6300048828125
2022-06-22,171.30999755859375,171.30999755859375
2022-06-23,170.25999450683594,170.25999450683594
2022-06-24,170.08999633789062,170.08999633789062
2022-06-27,169.89999389648438,169.89999389648438
2022-06-28,169.6199951171875,169.6199951171875
2022-06-29,169.49000549316406,169.49000549316406
2022-06-30,168.4600067138672,168.4600067138672
2022-07-01,168.32000732421875,168.32000732421875
2022-07-05,164.75,164.75
2022-07-06,162.13999938964844,162.13999938964844
2022-07-07,162.22999572753906,162.22999572753906
2022-07-08,162.3000030517578,162.3000030517578
2022-07-11,161.42999267578125,161.42999267578125
2022-07-12,160.8300018310547,160.8300018310547
2022-07-13,161.60000610351562,161.60000610351562
2022-07-14,159.3300018310547,159.3300018310547
2022-07-15,159.00999450683594,159.00999450683594
2022-07-18,159.16000366210938,159.16000366210938
2022-07-19,159.5399932861328,159.5399932861328
2022-07-20,158.0399932861328,158.0399932861328
2022-07-21,160.27000427246094,160.27000427246094
2022-07-22,160.6699981689453,160.6699981689453
2022-07-25,160.22999572753906,160.22999572753906
2022-07-26,160.0399932861328,160.0399932861328
2022-07-27,161.6699981689453,161.6699981689453
2022-07-28,163.63999938964844,163.63999938964844
2022-07-29,164.10000610351562,164.10000610351562
2022-08-01,165.02999877929688,165.02999877929688
2022-08-02,164.0500030517578,164.0500030517578
2022-08-03,164.4499969482422,164.4499969482422
2022-08-04,167.1699981689453,167.1699981689453
2022-08-05,165.2899932861328,165.2899932861328
2022-08-08,166.69000244140625,166.69000244140625
2022-08-09,167.1999969482422,167.1999969482422
2022-08-10,166.77999877929688,166.77999877929688
2022-08-11,166.33999633789062,166.33999633789062
2022-08-12,167.8699951171875,167.8699951171875
2022-08-15,165.7100067138672,165.7100067138672
2022-08-16,165.4199981689453,165.4199981689453
2022-08-17,164.35000610351562,164.35000610351562
2022-08-18,163.9199981689453,163.9199981689453
2022-08-19,162.72000122070312,162.72000122070312
2022-08-22,161.63999938964844,161.63999938964844
2022-08-23,162.77000427246094,162.77000427246094
2022-08-24,163.25,163.25
2022-08-25,163.75,163.75
2022-08-26,161.75999450683594,161.75999450683594
2022-08-29,161.86000061035156,161.86000061035156
2022-08-30,160.50999450683594,160.50999450683594
2022-08-31,159.27000427246094,159.27000427246094
2022-09-01,157.8699951171875,157.8699951171875
2022-09-02,159.25999450683594,159.25999450683594
2022-09-06,158.3300018310547,158.3300018310547
2022-09-07,159.94000244140625,159.94000244140625
2022-09-08,158.97999572753906,158.97999572753906
2022-09-09,159.82000732421875,159.82000732421875
2022-09-12,160.6300048828125,160.6300048828125
2022-09-13,158.5399932861328,158.5399932861328
2022-09-14,157.92999267578125,157.92999267578125
2022-09-15,154.97999572753906,154.97999572753906
2022-09-16,155.83999633789062,155.83999633789062
2022-09-19,155.9600067138672,155.9600067138672
2022-09-20,155.07000732421875,155.07000732421875
2022-09-21,155.7899932861328,155.7899932861328
2022-09-22,155.6999969482422,155.6999969482422
2022-09-23,153.00999450683594,153.00999450683594
2022-09-26,151.22999572753906,151.22999572753906
2022-09-27,151.5399932861328,151.5399932861328
2022-09-28,154.69000244140625,154.69000244140625
2022-09-29,154.66000366210938,154.66000366210938
2022-09-30,154.6699981689453,154.6699981689453
2022-10-03,158.42999267578125,158.42999267578125
2022-10-04,160.6999969482422,160.6999969482422
2022-10-05,159.80999755859375,159.80999755859375
2022-10-06,159.6300048828125,159.6300048828125
2022-10-07,157.8800048828125,157.8800048828125
2022-10-10,155.47999572753906,155.47999572753906
2022-10-11,155.16000366210938,155.16000366210938
2022-10-12,155.99000549316406,155.99000549316406
2022-10-13,154.91000366210938,154.91000366210938
2022-10-14,152.97999572753906,152.97999572753906
2022-10-17,153.4199981689453,153.4199981689453
2022-10-18,153.75,153.75
2022-10-19,151.69000244140625,151.69000244140625
2022-10-20,151.4499969482422,151.4499969482422
2022-10-21,154.14999389648438,154.14999389648438
2022-10-24,153.64999389648438,153.64999389648438
2022-10-25,154.0,154.0
2022-10-26,154.97999572753906,154.97999572753906
2022-10-27,154.74000549316406,154.74000549316406
2022-10-28,153.16000366210938,153.16000366210938
2022-10-31,151.91000366210938,151.91000366210938
2022-11-01,153.4600067138672,153.4600067138672
2022-11-02,152.38999938964844,152.38999938964844
2022-11-03,151.80999755859375,151.80999755859375
2022-11-04,156.47000122070312,156.47000122070312
2022-11-07,155.85000610351562,155.85000610351562
2022-11-08,159.4499969482422,159.4499969482422
2022-11-09,158.64999389648438,158.64999389648438
2022-11-10,163.47999572753906,163.47999572753906
2022-11-11,164.55999755859375,164.55999755859375
2022-11-14,164.9199981689453,164.9199981689453
2022-11-15,165.5,165.5
2022-11-16,165.1199951171875,165.1199951171875
2022-11-17,163.9199981689453,163.9199981689453
2022-11-18,162.7899932861328,162.7899932861328
2022-11-21,161.8800048828125,161.8800048828125
2022-11-22,162.07000732421875,162.07000732421875
2022-11-23,163.0800018310547,163.0800018310547
2022-11-25,163.22000122070312,163.22000122070312
2022-11-28,161.92999267578125,161.92999267578125
2022-11-29,162.72999572753906,162.72999572753906
2022-11-30,164.80999755859375,164.80999755859375
2022-12-01,167.83999633789062,167.83999633789062
2022-12-02,167.25999450683594,167.25999450683594
2022-12-05,164.38999938964844,164.38999938964844
2022-12-06,164.83999633789062,164.83999633789062
2022-12-07,166.3300018310547,166.3300018310547
2022-12-08,166.47000122070312,166.47000122070312
2022-12-09,167.05999755859375,167.05999755859375
2022-12-12,165.67999267578125,165.67999267578125
2022-12-13,168.50999450683594,168.50999450683594
2022-12-14,168.10000610351562,168.10000610351562
2022-12-15,165.35000610351562,165.35000610351562
2022-12-16,166.7899932861328,166.7899932861328
2022-12-19,166.32000732421875,166.32000732421875
2022-12-20,169.0800018310547,169.0800018310547
2022-12-21,168.8000030517578,168.8000030517578
2022-12-22,166.75999450683594,166.75999450683594
2022-12-23,167.25999450683594,167.25999450683594
2022-12-27,168.6699981689453,168.6699981689453
2022-12-28,167.91000366210938,167.91000366210938
2022-12-29,168.85000610351562,168.85000610351562
2022-12-30,169.63999938964844,169.63999938964844
2023-01-03,171.05999755859375,171.05999755859375
2023-01-04,172.6699981689453,172.6699981689453
2023-01-05,170.52000427246094,170.52000427246094
2023-01-06,173.7100067138672,173.7100067138672
2023-01-09,174.10000610351562,174.10000610351562
2023-01-10,174.74000549316406,174.74000549316406
2023-01-11,174.6199951171875,174.6199951171875
2023-01-12,176.63999938964844,176.63999938964844
2023-01-13,178.75999450683594,178.75999450683594
2023-01-17,177.58999633789062,177.58999633789062
2023-01-18,177.0800018310547,177.0800018310547
2023-01-19,179.88999938964844,179.88999938964844
2023-01-20,179.2899932861328,179.2899932861328
2023-01-23,179.6300048828125,179.6300048828125
2023-01-24,180.27999877929688,180.27999877929688
2023-01-25,181.11000061035156,181.11000061035156
2023-01-26,179.47000122070312,179.47000122070312
2023-01-27,179.22000122070312,179.22000122070312
2023-01-30,178.75999450683594,178.75999450683594
2023-01-31,179.41000366210938,179.41000366210938
2023-02-01,181.6699981689453,181.6699981689453
2023-02-02,177.89999389648438,177.89999389648438
2023-02-03,173.4600067138672,173.4600067138672
2023-02-06,173.82000732421875,173.82000732421875
2023-02-07,173.97999572753906,173.97999572753906
2023-02-08,174.41000366210938,174.41000366210938
2023-02-09,173.02999877929688,173.02999877929688
2023-02-10,173.36000061035156,173.36000061035156
2023-02-13,172.47999572753906,172.47999572753906
2023-02-14,172.61000061035156,172.61000061035156
2023-02-15,170.88999938964844,170.88999938964844
2023-02-16,170.75,170.75
2023-02-17,171.25999450683594,171.25999450683594
2023-02-21,170.6199951171875,170.6199951171875
2023-02-22,169.66000366210938,169.66000366210938
2023-02-23,169.57000732421875,169.57000732421875
2023-02-24,168.35000610351562,168.35000610351562
2023-02-27,169.00999450683594,169.00999450683594
2023-02-28,169.77999877929688,169.77999877929688
2023-03-01,170.75999450683594,170.75999450683594
2023-03-02,170.66000366210938,170.66000366210938
2023-03-03,172.49000549316406,172.49000549316406
2023-03-06,171.6199951171875,171.6199951171875
2023-03-07,168.6199951171875,168.6199951171875
2023-03-08,168.5399932861328,168.5399932861328
2023-03-09,170.1999969482422,170.1999969482422
2023-03-10,173.8699951171875,173.8699951171875
2023-03-13,177.86000061035156,177.86000061035156
2023-03-14,176.8300018310547,176.8300018310547
2023-03-15,178.2100067138672,178.2100067138672
2023-03-16,178.57000732421875,178.57000732421875
2023-03-17,183.77000427246094,183.77000427246094
2023-03-20,183.83999633789062,183.83999633789062
2023-03-21,180.3699951171875,180.3699951171875
2023-03-22,183.44000244140625,183.44000244140625
2023-03-23,185.74000549316406,185.74000549316406
2023-03-24,183.64999389648438,183.64999389648438
2023-03-27,181.9499969482422,181.9499969482422
2023-03-28,183.44000244140625,183.44000244140625
2023-03-29,182.52999877929688,182.52999877929688
2023-03-30,184.17999267578125,184.17999267578125
2023-03-31,183.22000122070312,183.22000122070312
2023-04-03,184.5399932861328,184.5399932861328
2023-04-04,187.97999572753906,187.97999572753906
2023-04-05,187.8300018310547,187.8300018310547
2023-04-06,186.49000549316406,186.49000549316406
2023-04-10,185.11000061035156,185.11000061035156
2023-04-11,186.27999877929688,186.27999877929688
2023-04-12,187.19000244140625,187.19000244140625
2023-04-13,189.72000122070312,189.72000122070312
2023-04-14,186.36000061035156,186.36000061035156
2023-04-17,185.52999877929688,185.52999877929688
2023-04-18,186.25,186.25
2023-04-19,185.36000061035156,185.36000061035156
2023-04-20,186.08999633789062,186.08999633789062
2023-04-21,184.25,184.25
2023-04-24,184.80999755859375,184.80999755859375
2023-04-25,185.75,185.75
2023-04-26,184.74000549316406,184.74000549316406
2023-04-27,184.75,184.75
2023-04-28,184.8000030517578,184.8000030517578
2023-05-01,183.97000122070312,183.97000122070312
2023-05-02,187.52000427246094,187.52000427246094
2023-05-03,189.11000061035156,189.11000061035156
2023-05-04,190.44000244140625,190.44000244140625
2023-05-05,187.4600067138672,187.4600067138672
2023-05-08,187.69000244140625,187.69000244140625
2023-05-09,189.02000427246094,189.02000427246094
2023-05-10,188.75,188.75
2023-05-11,187.1300048828125,187.1300048828125
2023-05-12,186.80999755859375,186.80999755859375
2023-05-15,187.2100067138672,187.2100067138672
2023-05-16,184.8699951171875,184.8699951171875
2023-05-17,184.22999572753906,184.22999572753906
2023-05-18,181.83999633789062,181.83999633789062
2023-05-19,183.63999938964844,183.63999938964844
2023-05-22,183.2100067138672,183.2100067138672
2023-05-23,183.42999267578125,183.42999267578125
2023-05-24,181.9499969482422,181.9499969482422
2023-05-25,180.1999969482422,180.1999969482422
2023-05-26,180.9199981689453,180.9199981689453
2023-05-30,182.0399932861328,182.0399932861328
2023-05-31,182.32000732421875,182.32000732421875
2023-06-01,183.75999450683594,183.75999450683594
2023-06-02,181.0500030517578,181.0500030517578
2023-06-05,182.13999938964844,182.13999938964844
2023-06-06,182.33999633789062,182.33999633789062
2023-06-07,180.14999389648438,180.14999389648438
2023-06-08,182.52999877929688,182.52999877929688
2023-06-09,182.0399932861328,182.0399932861328
2023-06-12,181.8800048828125,181.8800048828125
2023-06-13,180.5399932861328,180.5399932861328
2023-06-14,180.63999938964844,180.63999938964844
2023-06-15,181.91000366210938,181.91000366210938
2023-06-16,181.6300048828125,181.6300048828125
2023-06-20,179.75,179.75
2023-06-21,179.49000549316406,179.49000549316406
2023-06-22,177.7100067138672,177.7100067138672
2023-06-23,178.1999969482422,178.1999969482422
2023-06-26,178.50999450683594,178.50999450683594
2023-06-27,177.69000244140625,177.69000244140625
2023-06-28,177.27999877929688,177.27999877929688
2023-06-29,177.08999633789062,177.08999633789062
2023-06-30,178.27000427246094,178.27000427246094
2023-07-03,178.47000122070312,178.47000122070312
2023-07-05,177.83999633789062,177.83999633789062
2023-07-06,177.30999755859375,177.30999755859375
2023-07-07,178.63999938964844,178.63999938964844
2023-07-10,178.77999877929688,178.77999877929688
2023-07-11,179.4499969482422,179.4499969482422
2023-07-12,181.8800048828125,181.8800048828125
2023-07-13,182.00999450683594,182.00999450683594
2023-07-14,181.42999267578125,181.42999267578125
2023-07-17,181.55999755859375,181.55999755859375
2023-07-18,183.63999938964844,183.63999938964844
2023-07-19,183.6699981689453,183.6699981689453
2023-07-20,182.74000549316406,182.74000549316406
2023-07-21,182.17999267578125,182.17999267578125
2023-07-24,181.39999389648438,181.39999389648438
2023-07-25,182.41000366210938,182.41000366210938
2023-07-26,183.3000030517578,183.3000030517578
2023-07-27,180.4199981689453,180.4199981689453
2023-07-28,181.86000061035156,181.86000061035156
2023-07-31,182.35000610351562,182.35000610351562
2023-08-01,180.4600067138672,180.4600067138672
2023-08-02,179.60000610351562,179.60000610351562
2023-08-03,179.5399932861328,179.5399932861328
2023-08-04,180.19000244140625,180.19000244140625
2023-08-07,179.77999877929688,179.77999877929688
2023-08-08,178.63999938964844,178.63999938964844
2023-08-09,177.7899932861328,177.7899932861328
2023-08-10,177.60000610351562,177.60000610351562
2023-08-11,177.60000610351562,177.60000610351562
2023-08-14,177.05999755859375,177.05999755859375
2023-08-15,176.58999633789062,176.58999633789062
2023-08-16,175.57000732421875,175.57000732421875
2023-08-17,175.3000030517578,175.3000030517578
2023-08-18,175.3300018310547,175.3300018310547
2023-08-21,175.80999755859375,175.80999755859375
2023-08-22,176.10000610351562,176.10000610351562
2023-08-23,177.88999938964844,177.88999938964844
2023-08-24,177.85000610351562,177.85000610351562
2023-08-25,177.6199951171875,177.6199951171875
2023-08-28,178.1300048828125,178.1300048828125
2023-08-29,179.8699951171875,179.8699951171875
2023-08-30,180.32000732421875,180.32000732421875
2023-08-31,180.02000427246094,180.02000427246094
2023-09-01,180.11000061035156,180.11000061035156
2023-09-05,178.63999938964844,178.63999938964844
2023-09-06,177.8300018310547,177.8300018310547
2023-09-07,178.02000427246094,178.02000427246094
2023-09-08,178.0800018310547,178.0800018310547
2023-09-11,178.41000366210938,178.41000366210938
2023-09-12,177.49000549316406,177.49000549316406
2023-09-13,177.0800018310547,177.0800018310547
2023-09-14,177.1699981689453,177.1699981689453
2023-09-15,178.33999633789062,178.33999633789062
2023-09-18,179.38999938964844,179.38999938964844
2023-09-19,179.22000122070312,179.22000122070312
2023-09-20,179.35000610351562,179.35000610351562
2023-09-21,178.0500030517578,178.0500030517578
2023-09-22,178.6199951171875,178.6199951171875
2023-09-25,177.6999969482422,177.6999969482422
2023-09-26,176.27999877929688,176.27999877929688
2023-09-27,174.10000610351562,174.10000610351562
2023-09-28,173.22999572753906,173.22999572753906
2023-09-29,171.4499969482422,171.4499969482422
2023-10-02,169.64999389648438,169.64999389648438
2023-10-03,169.16000366210938,169.16000366210938
2023-10-04,169.13999938964844,169.13999938964844
2023-10-05,168.8300018310547,168.8300018310547
2023-10-06,169.6999969482422,169.6999969482422
2023-10-09,172.82000732421875,172.82000732421875
2023-10-10,172.52999877929688,172.52999877929688
2023-10-11,173.7899932861328,173.7899932861328
2023-10-12,173.25999450683594,173.25999450683594
2023-10-13,178.8300018310547,178.8300018310547
2023-10-16,177.9600067138672,177.9600067138672
2023-10-17,178.2899932861328,178.2899932861328
2023-10-18,180.8699951171875,180.8699951171875
2023-10-19,183.08999633789062,183.08999633789062
2023-10-20,183.58999633789062,183.58999633789062
2023-10-23,182.97000122070312,182.97000122070312
2023-10-24,182.9499969482422,182.9499969482422
2023-10-25,183.72000122070312,183.72000122070312
2023-10-26,184.00999450683594,184.00999450683594
2023-10-27,186.14999389648438,186.14999389648438
2023-10-30,185.10000610351562,185.10000610351562
2023-10-31,184.08999633789062,184.08999633789062
2023-11-01,183.50999450683594,183.50999450683594
2023-11-02,184.1199951171875,184.1199951171875
2023-11-03,184.7899932861328,184.7899932861328
2023-11-06,183.35000610351562,183.35000610351562
2023-11-07,182.58999633789062,182.58999633789062
2023-11-08,180.77000427246094,180.77000427246094
2023-11-09,181.49000549316406,181.49000549316406
2023-11-10,179.50999450683594,179.50999450683594
2023-11-13,180.50999450683594,180.50999450683594
2023-11-14,182.1199951171875,182.1199951171875
2023-11-15,181.63999938964844,181.63999938964844
2023-11-16,183.69000244140625,183.69000244140625
2023-11-17,183.6699981689453,183.6699981689453
2023-11-20,183.3699951171875,183.3699951171875
2023-11-21,185.35000610351562,185.35000610351562
2023-11-22,184.55999755859375,184.55999755859375
2023-11-24,185.52000427246094,185.52000427246094
2023-11-27,186.77000427246094,186.77000427246094
2023-11-28,189.25999450683594,189.25999450683594
2023-11-29,189.5399932861328,189.5399932861328
2023-11-30,188.75,188.75
2023-12-01,192.00999450683594,192.00999450683594
2023-12-04,187.86000061035156,187.86000061035156
2023-12-05,187.14999389648438,187.14999389648438
2023-12-06,187.83999633789062,187.83999633789062
2023-12-07,188.14999389648438,188.14999389648438
2023-12-08,185.63999938964844,185.63999938964844
2023-12-11,183.58999633789062,183.58999633789062
2023-12-12,183.49000549316406,183.49000549316406
2023-12-13,187.6300048828125,187.6300048828125
2023-12-14,188.72999572753906,188.72999572753906
2023-12-15,187.0,187.0
2023-12-18,187.85000610351562,187.85000610351562
2023-12-19,189.1300048828125,189.1300048828125
2023-12-20,188.10000610351562,188.10000610351562
2023-12-21,189.42999267578125,189.42999267578125
2023-12-22,190.27000427246094,190.27000427246094
2023-12-26,191.72000122070312,191.72000122070312
2023-12-27,192.58999633789062,192.58999633789062
2023-12-28,191.47000122070312,191.47000122070312
2023-12-29,191.1699981689453,191.1699981689453
2024-01-02,190.72000122070312,190.72000122070312
2024-01-03,189.1300048828125,189.1300048828125
2024-01-04,189.32000732421875,189.32000732421875
2024-01-05,189.35000610351562,189.35000610351562
2024-01-08,187.8699951171875,187.8699951171875
2024-01-09,187.92999267578125,187.92999267578125
2024-01-10,187.5,187.5
2024-01-11,187.8699951171875,187.8699951171875
2024-01-12,189.7100067138672,189.7100067138672
2024-01-16,187.91000366210938,187.91000366210938
2024-01-17,185.83999633789062,185.83999633789062
2024-01-18,187.3699951171875,187.3699951171875
2024-01-19,187.92999267578125,187.92999267578125
2024-01-22,187.22000122070312,187.22000122070312
2024-01-23,187.9499969482422,187.9499969482422
2024-01-24,186.39999389648438,186.39999389648438
2024-01-25,187.13999938964844,187.13999938964844
2024-01-26,187.00999450683594,187.00999450683594
2024-01-29,188.3300018310547,188.3300018310547
2024-01-30,188.58999633789062,188.58999633789062
2024-01-31,188.4499969482422,188.4499969482422
2024-02-01,190.41000366210938,190.41000366210938
2024-02-02,188.61000061035156,188.61000061035156
2024-02-05,187.57000732421875,187.57000732421875
2024-02-06,188.5500030517578,188.5500030517578
2024-02-07,188.5,188.5
2024-02-08,188.3300018310547,188.3300018310547
2024-02-09,187.60000610351562,187.60000610351562
2024-02-12,187.11000061035156,187.11000061035156
2024-02-13,184.52999877929688,184.52999877929688
2024-02-14,184.4199981689453,184.4199981689453
2024-02-15,185.66000366210938,185.66000366210938
2024-02-16,186.33999633789062,186.33999633789062
2024-02-20,187.47000122070312,187.47000122070312
2024-02-21,187.47999572753906,187.47999572753906
2024-02-22,187.55999755859375,187.55999755859375
2024-02-23,188.6199951171875,188.6199951171875
2024-02-26,188.1999969482422,188.1999969482422
2024-02-27,188.0,188.0
2024-02-28,188.33999633789062,188.33999633789062
2024-02-29,189.30999755859375,189.30999755859375
2024-03-01,192.88999938964844,192.88999938964844
2024-03-04,196.00999450683594,196.00999450683594
2024-03-05,197.19000244140625,197.19000244140625
2024-03-06,198.80999755859375,198.80999755859375
2024-03-07,199.94000244140625,199.94000244140625
2024-03-08,201.6300048828125,201.6300048828125
2024-03-11,202.0,202.0
2024-03-12,199.7899932861328,199.7899932861328
2024-03-13,201.19000244140625,201.19000244140625
2024-03-14,200.35000610351562,200.35000610351562
2024-03-15,199.7100067138672,199.7100067138672
2024-03-18,200.02999877929688,200.02999877929688
2024-03-19,199.8000030517578,199.8000030517578
2024-03-20,202.17999267578125,202.17999267578125
2024-03-21,201.97000122070312,201.97000122070312
2024-03-22,200.35000610351562,200.35000610351562
2024-03-25,200.99000549316406,200.99000549316406
2024-03-26,201.63999938964844,201.63999938964844
2024-03-27,203.10000610351562,203.10000610351562
2024-03-28,205.72000122070312,205.72000122070312
2024-04-01,207.82000732421875,207.82000732421875
2024-04-02,210.88999938964844,210.88999938964844
2024-04-03,212.74000549316406,212.74000549316406
2024-04-04,211.52000427246094,211.52000427246094
2024-04-05,215.13999938964844,215.13999938964844
2024-04-08,216.47999572753906,216.47999572753906
2024-04-09,217.6699981689453,217.6699981689453
2024-04-10,215.61000061035156,215.61000061035156
2024-04-11,219.8000030517578,219.8000030517578
2024-04-12,216.88999938964844,216.88999938964844
2024-04-15,220.9499969482422,220.9499969482422
2024-04-16,221.22000122070312,221.22000122070312
2024-04-17,219.58999633789062,219.58999633789062
2024-04-18,220.33999633789062,220.33999633789062
2024-04-19,221.02999877929688,221.02999877929688
2024-04-22,215.57000732421875,215.57000732421875
2024-04-23,215.0399932861328,215.0399932861328
2024-04-24,214.63999938964844,214.63999938964844
2024-04-25,215.9199981689453,215.9199981689453
2024-04-26,216.6199951171875,216.6199951171875
2024-04-29,216.17999267578125,216.17999267578125
2024-04-30,211.8699951171875,211.8699951171875
2024-05-01,213.7899932861328,213.7899932861328
2024-05-02,213.1300048828125,213.1300048828125
2024-05-03,212.9600067138672,212.9600067138672
2024-05-06,215.1999969482422,215.1999969482422
2024-05-07,214.2100067138672,214.2100067138672
2024-05-08,213.5800018310547,213.5800018310547
2024-05-09,216.9499969482422,216.9499969482422
2024-05-10,218.7100067138672,218.7100067138672
2024-05-13,216.25999450683594,216.25999450683594
2024-05-14,218.08999633789062,218.08999633789062
2024-05-15,220.88999938964844,220.88999938964844
2024-05-16,220.02999877929688,220.02999877929688
2024-05-17,223.66000366210938,223.66000366210938
2024-05-20,224.55999755859375,224.55999755859375
2024-05-21,224.22999572753906,224.22999572753906
2024-05-22,220.11000061035156,220.11000061035156
2024-05-23,215.72000122070312,215.72000122070312
2024-05-24,215.9199981689453,215.9199981689453
2024-05-28,218.19000244140625,218.19000244140625
2024-05-29,216.16000366210938,216.16000366210938
2024-05-30,216.57000732421875,216.57000732421875
2024-05-31,215.3000030517578,215.3000030517578
2024-06-03,217.22000122070312,217.22000122070312
2024-06-04,215.27000427246094,215.27000427246094
2024-06-05,217.82000732421875,217.82000732421875
2024-06-06,219.42999267578125,219.42999267578125
2024-06-07,211.60000610351562,211.60000610351562
2024-06-10,213.5399932861328,213.5399932861328
2024-06-11,214.14999389648438,214.14999389648438
2024-06-12,214.72000122070312,214.72000122070312
2024-06-13,212.97000122070312,212.97000122070312
2024-06-14,215.72999572753906,215.72999572753906
2024-06-17,214.61000061035156,214.61000061035156
2024-06-18,215.47000122070312,215.47000122070312
2024-06-20,218.16000366210938,218.16000366210938
2024-06-21,214.77999877929688,214.77999877929688
2024-06-24,215.6300048828125,215.6300048828125
2024-06-25,214.55999755859375,214.55999755859375
2024-06-26,212.5800018310547,212.5800018310547
2024-06-27,214.99000549316406,214.99000549316406
2024-06-28,215.00999450683594,215.00999450683594
2024-07-01,215.57000732421875,215.57000732421875
2024-07-02,215.55999755859375,215.55999755859375
2024-07-03,217.99000549316406,217.99000549316406
2024-07-05,220.92999267578125,220.92999267578125
2024-07-08,218.19000244140625,218.19000244140625
2024-07-09,218.55999755859375,218.55999755859375
2024-07-10,219.36000061035156,219.36000061035156
2024-07-11,223.25,223.25
2024-07-12,223.11000061035156,223.11000061035156
2024-07-15,223.8300018310547,223.8300018310547
2024-07-16,228.2899932861328,228.2899932861328
2024-07-17,227.22999572753906,227.22999572753906
2024-07-18,225.77999877929688,225.77999877929688
2024-07-19,221.72999572753906,221.72999572753906
2024-07-22,221.8000030517578,221.8000030517578
2024-07-23,222.5800018310547,222.5800018310547
2024-07-24,221.8000030517578,221.8000030517578
2024-07-25,218.3300018310547,218.3300018310547
2024-07-26,220.6300048828125,220.6300048828125
2024-07-29,220.32000732421875,220.32000732421875
2024-07-30,222.52000427246094,222.52000427246094
2024-07-31,226.5500030517578,226.5500030517578
2024-08-01,225.77000427246094,225.77000427246094
2024-08-02,225.33999633789062,225.33999633789062
2024-08-05,222.47999572753906,222.47999572753906
2024-08-06,220.6999969482422,220.6999969482422
2024-08-07,220.5500030517578,220.5500030517578
2024-08-08,224.00999450683594,224.00999450683594
2024-08-09,224.55999755859375,224.55999755859375
2024-08-12,228.41000366210938,228.41000366210938
2024-08-13,228.05999755859375,228.05999755859375
2024-08-14,226.1999969482422,226.1999969482422
2024-08-15,226.91000366210938,226.91000366210938
2024-08-16,231.99000549316406,231.99000549316406
2024-08-19,231.61000061035156,231.61000061035156
2024-08-20,232.4600067138672,232.4600067138672
2024-08-21,232.14999389648438,232.14999389648438
2024-08-22,229.3699951171875,229.3699951171875
2024-08-23,232.02000427246094,232.02000427246094
2024-08-26,232.75999450683594,232.75999450683594
2024-08-27,233.38999938964844,233.38999938964844
2024-08-28,231.75,231.75
2024-08-29,232.9499969482422,232.9499969482422
2024-08-30,231.2899932861328,231.2899932861328
2024-09-03,230.2899932861328,230.2899932861328
2024-09-04,230.42999267578125,230.42999267578125
2024-09-05,232.35000610351562,232.35000610351562
2024-09-06,230.6300048828125,230.6300048828125
2024-09-09,231.60000610351562,231.60000610351562
2024-09-10,232.6199951171875,232.6199951171875
2024-09-11,232.25,232.25
2024-09-12,236.3300018310547,236.3300018310547
2024-09-13,238.67999267578125,238.67999267578125
2024-09-16,238.66000366210938,238.66000366210938
2024-09-17,237.33999633789062,237.33999633789062
2024-09-18,235.50999450683594,235.50999450683594
2024-09-19,239.1699981689453,239.1699981689453
2024-09-20,242.2100067138672,242.2100067138672
2024-09-23,242.67999267578125,242.67999267578125
2024-09-24,246.07000732421875,246.07000732421875
2024-09-25,245.72999572753906,245.72999572753906
2024-09-26,246.97999572753906,246.97999572753906
2024-09-27,245.02000427246094,245.02000427246094
2024-09-30,243.05999755859375,243.05999755859375
2024-10-01,245.61000061035156,245.61000061035156
2024-10-02,245.66000366210938,245.66000366210938
2024-10-03,245.49000549316406,245.49000549316406
2024-10-04,245.0,245.0
2024-10-07,244.1699981689453,244.1699981689453
2024-10-08,242.3699951171875,242.3699951171875
2024-10-09,241.0500030517578,241.0500030517578
2024-10-10,242.82000732421875,242.82000732421875
2024-10-11,245.47000122070312,245.47000122070312
2024-10-14,245.07000732421875,245.07000732421875
2024-10-15,245.9199981689453,245.9199981689453
2024-10-16,247.14999389648438,247.14999389648438
2024-10-17,248.6300048828125,248.6300048828125
2024-10-18,251.27000427246094,251.27000427246094
2024-10-21,251.22000122070312,251.22000122070312
2024-10-22,253.92999267578125,253.92999267578125
2024-10-23,250.8699951171875,250.8699951171875
2024-10-24,252.8000030517578,252.8000030517578
2024-10-25,253.32000732421875,253.32000732421875
2024-10-28,253.3300018310547,253.3300018310547
2024-10-29,256.0899963378906,256.0899963378906
2024-10-30,257.5,257.5
2024-10-31,253.50999450683594,253.50999450683594
2024-11-01,252.47000122070312,252.47000122070312
2024-11-04,252.8300018310547,252.8300018310547
2024-11-05,253.39999389648438,253.39999389648438
2024-11-06,245.6999969482422,245.6999969482422
2024-11-07,249.64999389648438,249.64999389648438
2024-11-08,247.9600067138672,247.9600067138672
2024-11-11,242.13999938964844,242.13999938964844
2024-11-12,240.0500030517578,240.0500030517578
2024-11-13,237.6300048828125,237.6300048828125
2024-11-14,237.00999450683594,237.00999450683594
2024-11-15,236.58999633789062,236.58999633789062
2024-11-18,241.08999633789062,241.08999633789062
2024-11-19,243.25,243.25
2024-11-20,244.6199951171875,244.6199951171875
2024-11-21,246.66000366210938,246.66000366210938
2024-11-22,249.83999633789062,249.83999633789062
2024-11-25,242.47999572753906,242.47999572753906
2024-11-26,242.9499969482422,242.9499969482422
2024-11-27,243.49000549316406,243.49000549316406
2024-11-29,245.58999633789062,245.58999633789062
2024-12-02,243.44000244140625,243.44000244140625
2024-12-03,243.92999267578125,243.92999267578125
2024-12-04,244.6699981689453,244.6699981689453
2024-12-05,242.86000061035156,242.86000061035156
2024-12-06,242.9499969482422,242.9499969482422
2024-12-09,245.36000061035156,245.36000061035156
2024-12-10,248.58999633789062,248.58999633789062
2024-12-11,250.9600067138672,250.9600067138672
2024-12-12,247.27999877929688,247.27999877929688
2024-12-13,244.2899932861328,244.2899932861328
2024-12-16,244.8800048828125,244.8800048828125
2024-12-17,243.94000244140625,243.94000244140625
2024-12-18,239.25999450683594,239.25999450683594
2024-12-19,239.60000610351562,239.60000610351562
2024-12-20,242.10000610351562,242.10000610351562
2024-12-23,240.9600067138672,240.9600067138672
2024-12-24,241.44000244140625,241.44000244140625
2024-12-26,243.07000732421875,243.07000732421875
2024-12-27,241.39999389648438,241.39999389648438
2024-12-30,240.6300048828125,240.6300048828125
2024-12-31,242.1300048828125,242.1300048828125
2025-01-02,245.4199981689453,245.4199981689453
2025-01-03,243.49000549316406,243.49000549316406
2025-01-06,243.19000244140625,243.19000244140625
2025-01-07,244.55999755859375,244.55999755859375
2025-01-08,245.86000061035156,245.86000061035156
2025-01-10,248.2100067138672,248.2100067138672
2025-01-13,245.74000549316406,245.74000549316406
2025-01-14,247.02999877929688,247.02999877929688
2025-01-15,248.8800048828125,248.8800048828125
2025-01-16,250.60000610351562,250.60000610351562
2025-01-17,249.27000427246094,249.27000427246094
2025-01-21,253.1300048828125,253.1300048828125
2025-01-22,254.42999267578125,254.42999267578125
2025-01-23,254.07000732421875,254.07000732421875
2025-01-24,255.64999389648438,255.64999389648438
2025-01-27,252.99000549316406,252.99000549316406
2025-01-28,255.17999267578125,255.17999267578125
2025-01-29,254.1999969482422,254.1999969482422
2025-01-30,258.04998779296875,258.04998779296875
2025-01-31,258.55999755859375,258.55999755859375
2025-02-03,259.94000244140625,259.94000244140625
2025-02-04,262.5,262.5
2025-02-05,264.1300048828125,264.1300048828125
2025-02-06,263.42999267578125,263.42999267578125
2025-02-07,263.8999938964844,263.8999938964844
2025-02-10,268.3699951171875,268.3699951171875
2025-02-11,267.3900146484375,267.3900146484375
2025-02-12,267.6700134277344,267.6700134277344
2025-02-13,270.30999755859375,270.30999755859375
2025-02-14,266.2900085449219,266.2900085449219
2025-02-18,270.70001220703125,270.70001220703125
2025-02-19,270.8500061035156,270.8500061035156
2025-02-20,270.989990234375,270.989990234375
2025-02-21,270.739990234375,270.739990234375
2025-02-24,272.2099914550781,272.2099914550781
2025-02-25,268.6199951171875,268.6199951171875
2025-02-26,269.0299987792969,269.0299987792969
2025-02-27,264.92999267578125,264.92999267578125
2025-02-28,263.2699890136719,263.2699890136719
2025-03-03,266.739990234375,266.739990234375
2025-03-04,269.05999755859375,269.05999755859375
2025-03-05,269.6199951171875,269.6199951171875
2025-03-06,268.25,268.25
2025-03-07,268.3900146484375,268.3900146484375
2025-03-10,266.0400085449219,266.0400085449219
2025-03-11,269.1600036621094,269.1600036621094
2025-03-12,270.3299865722656,270.3299865722656
2025-03-13,275.1300048828125,275.1300048828125
2025-03-14,275.239990234375,275.239990234375
2025-03-17,276.7300109863281,276.7300109863281
2025-03-18,279.9599914550781,279.9599914550781
2025-03-19,281.1099853515625,281.1099853515625
2025-03-20,280.75,280.75
2025-03-21,278.489990234375,278.489990234375
2025-03-24,277.25,277.25
2025-03-25,278.4700012207031,278.4700012207031
2025-03-26,278.239990234375,278.239990234375
2025-03-27,281.9700012207031,281.9700012207031
2025-03-28,284.05999755859375,284.05999755859375
2025-03-31,288.1400146484375,288.1400146484375
2025-04-01,287.57000732421875,287.57000732421875
2025-04-02,288.1600036621094,288.1600036621094
2025-04-03,286.4200134277344,286.4200134277344
2025-04-04,279.7200012207031,279.7200012207031
2025-04-07,273.7099914550781,273.7099914550781
2025-04-08,275.20001220703125,275.20001220703125
2025-04-09,285.3800048828125,285.3800048828125
2025-04-10,292.3500061035156,292.3500061035156
2025-04-11,297.92999267578125,297.92999267578125
2025-04-14,296.2300109863281,296.2300109863281
2025-04-15,297.7799987792969,297.7799987792969
2025-04-16,307.4700012207031,307.4700012207031
2025-04-17,306.1199951171875,306.1199951171875
2025-04-21,315.5899963378906,315.5899963378906
2025-04-22,311.1099853515625,311.1099853515625
2025-04-23,303.6499938964844,303.6499938964844
2025-04-24,308.07000732421875,308.07000732421875
2025-04-25,304.7300109863281,304.7300109863281
2025-04-28,309.07000732421875,309.07000732421875
2025-04-29,306.05999755859375,306.05999755859375
2025-04-30,303.7699890136719,303.7699890136719
2025-05-01,297.4599914550781,297.4599914550781
2025-05-02,297.9800109863281,297.9800109863281
2025-05-05,306.8800048828125,306.8800048828125
2025-05-06,315.4800109863281,315.4800109863281
2025-05-07,310.75,310.75
2025-05-08,304.6300048828125,304.6300048828125
2025-05-09,306.8399963378906,306.8399963378906
2025-05-12,298.19000244140625,298.19000244140625
2025-05-13,299.4599914550781,299.4599914550781
2025-05-14,293.1600036621094,293.1600036621094
2025-05-15,297.8399963378906,297.8399963378906
2025-05-16,294.239990234375,294.239990234375
2025-05-19,298.0299987792969,298.0299987792969
2025-05-20,303.5799865722656,303.5799865722656
2025-05-21,305.82000732421875,305.82000732421875
2025-05-22,303.1099853515625,303.1099853515625
2025-05-23,309.75,309.75
2025-05-27,304.5,304.5
2025-05-28,303.80999755859375,303.80999755859375
2025-05-29,305.6099853515625,305.6099853515625
2025-05-30,303.6000061035156,303.6000061035156
2025-06-02,311.6700134277344,311.6700134277344
2025-06-03,308.9100036621094,308.9100036621094
2025-06-04,310.8999938964844,310.8999938964844
2025-06-05,309.3299865722656,309.3299865722656
2025-06-06,305.17999267578125,305.17999267578125
2025-06-09,306.6199951171875,306.6199951171875
2025-06-10,306.7099914550781,306.7099914550781
2025-06-11,308.3699951171875,308.3699951171875
2025-06-12,312.20001220703125,312.20001220703125
2025-06-13,316.2900085449219,316.2900085449219
2025-06-16,311.7799987792969,311.7799987792969
2025-06-17,311.94000244140625,311.94000244140625
2025-06-18,310.260009765625,310.260009765625
2025-06-20,310.1300048828125,310.1300048828125
2025-06-23,311.0799865722656,311.0799865722656
2025-06-24,306.19000244140625,306.19000244140625
2025-06-25,307.1199951171875,307.1199951171875
2025-06-26,306.7799987792969,306.7799987792969
2025-06-27,301.2200012207031,301.2200012207031
2025-06-30,304.8299865722656,304.8299865722656
2025-07-01,307.54998779296875,307.54998779296875
2025-07-02,309.25,309.25
2025-07-03,307.1400146484375,307.1400146484375
2025-07-07,307.3699951171875,307.3699951171875
2025-07-08,304.1600036621094,304.1600036621094
2025-07-09,305.5199890136719,305.5199890136719
2025-07-10,306.20001220703125,306.20001220703125
2025-07-11,309.1400146484375,309.1400146484375
2025-07-14,308.010009765625,308.010009765625
2025-07-15,306.7300109863281,306.7300109863281
2025-07-16,308.260009765625,308.260009765625
2025-07-17,307.5899963378906,307.5899963378906
2025-07-18,308.3900146484375,308.3900146484375
2025-07-21,313.1300048828125,313.1300048828125
2025-07-22,316.1000061035156,316.1000061035156
2025-07-23,312.17999267578125,312.17999267578125
2025-07-24,310.2699890136719,310.2699890136719
2025-07-25,307.3999938964844,307.3999938964844
2025-07-28,305.4100036621094,305.4100036621094
2025-07-29,306.25,306.25
2025-07-30,300.9599914550781,300.9599914550781
2025-07-31,302.9599914550781,302.9599914550781
2025-08-01,309.1099853515625,309.1099853515625
2025-08-04,310.9100036621094,310.9100036621094
2025-08-05,311.1600036621094,311.1600036621094
2025-08-06,310.5,310.5
2025-08-07,313.1199951171875,313.1199951171875
2025-08-08,313.04998779296875,313.04998779296875
2025-08-11,308.54998779296875,308.54998779296875
2025-08-12,308.2699890136719,308.2699890136719
2025-08-13,309.2099914550781,309.2099914550781
2025-08-14,307.25,307.25
2025-08-15,307.42999267578125,307.42999267578125
2025-08-18,306.95001220703125,306.95001220703125
2025-08-19,305.2699890136719,305.2699890136719
2025-08-20,308.3599853515625,308.3599853515625
2025-08-21,307.2900085449219,307.2900085449219
2025-08-22,310.5799865722656,310.5799865722656
2025-08-25,309.8299865722656,309.8299865722656
2025-08-26,312.0799865722656,312.0799865722656
2025-08-27,312.7099914550781,312.7099914550781
2025-08-28,315.0299987792969,315.0299987792969
2025-08-29,318.07000732421875,318.07000732421875
2025-09-02,325.5899963378906,325.5899963378906
2025-09-03,328.1400146484375,328.1400146484375
2025-09-04,326.69000244140625,326.69000244140625
2025-09-05,331.04998779296875,331.04998779296875
2025-09-08,334.82000732421875,334.82000732421875
2025-09-09,334.05999755859375,334.05999755859375
2025-09-10,335.260009765625,335.260009765625
2025-09-11,334.760009765625,334.760009765625
2025-09-12,335.4200134277344,335.4200134277344
2025-09-15,338.9100036621094,338.9100036621094
2025-09-16,339.5899963378906,339.5899963378906
2025-09-17,336.9700012207031,336.9700012207031
2025-09-18,335.6199951171875,335.6199951171875
2025-09-19,339.17999267578125,339.17999267578125
2025-09-22,345.04998779296875,345.04998779296875
2025-09-23,346.4599914550781,346.4599914550781
2025-09-24,343.32000732421875,343.32000732421875
2025-09-25,344.75,344.75
2025-09-26,346.739990234375,346.739990234375
2025-09-29,352.4599914550781,352.4599914550781
2025-09-30,355.4700012207031,355.4700012207031
2025-10-01,356.0299987792969,356.0299987792969
2025-10-02,354.7900085449219,354.7900085449219
2025-10-03,357.6400146484375,357.6400146484375
2025-10-06,364.3800048828125,364.3800048828125
2025-10-07,366.260009765625,366.260009765625
2025-10-08,372.29998779296875,372.29998779296875
2025-10-09,365.42999267578125,365.42999267578125
2025-10-10,369.1199951171875,369.1199951171875
2025-10-13,378.0899963378906,378.0899963378906
2025-10-14,380.7900085449219,380.7900085449219
2025-10-15,387.3900146484375,387.3900146484375
2025-10-16,396.45001220703125,396.45001220703125
2025-10-17,388.989990234375,388.989990234375
2025-10-20,403.1499938964844,403.1499938964844
2025-10-21,377.239990234375,377.239990234375
2025-10-22,377.2799987792969,377.2799987792969
2025-10-23,378.7900085449219,378.7900085449219
2025-10-24,377.5199890136719,377.5199890136719
2025-10-27,367.010009765625,367.010009765625
2025-10-28,364.3800048828125,364.3800048828125
2025-10-29,363.0,363.0
2025-10-30,370.1300048828125,370.1300048828125
2025-10-31,368.1199951171875,368.1199951171875
2025-11-03,368.7799987792969,368.7799987792969
2025-11-04,362.32000732421875,362.32000732421875
2025-11-05,366.510009765625,366.510009765625
2025-11-06,366.07000732421875,366.07000732421875
2025-11-07,368.30999755859375,368.30999755859375
2025-11-10,378.3800048828125,378.3800048828125
2025-11-11,379.8699951171875,379.8699951171875
2025-11-12,385.989990234375,385.989990234375
2025-11-13,382.8699951171875,382.8699951171875
2025-11-14,375.9599914550781,375.9599914550781
2025-11-17,371.6499938964844,371.6499938964844
2025-11-18,374.3500061035156,374.3500061035156
2025-11-19,374.9599914550781,374.9599914550781
2025-11-20,374.8500061035156,374.8500061035156
2025-11-21,374.2699890136719,374.2699890136719
2025-11-24,380.20001220703125,380.20001220703125
2025-11-25,380.0799865722656,380.0799865722656
2025-11-26,383.1199951171875,383.1199951171875
2025-11-28,387.8800048828125,387.8800048828125
2025-12-01,389.75,389.75
2025-12-02,387.239990234375,387.239990234375
2025-12-03,386.8800048828125,386.8800048828125
2025-12-04,387.1300048828125,387.1300048828125
2025-12-05,386.44000244140625,386.44000244140625
2025-12-08,385.4200134277344,385.4200134277344
2025-12-09,387.3999938964844,387.3999938964844
2025-12-10,389.04998779296875,389.04998779296875
2025-12-11,393.239990234375,393.239990234375
2025-12-12,395.44000244140625,395.44000244140625
2025-12-15,395.79998779296875,395.79998779296875
2025-12-16,395.8900146484375,395.8900146484375
2025-12-17,399.2900085449219,399.2900085449219
2025-12-18,398.57000732421875,398.57000732421875
2025-12-19,399.0199890136719,399.0199890136719
2025-12-22,408.2300109863281,408.2300109863281
2025-12-23,413.6400146484375,413.6400146484375
2025-12-24,411.92999267578125,411.92999267578125
2025-12-26,416.739990234375,416.739990234375
2025-12-29,398.6000061035156,398.6000061035156
2025-12-30,398.8900146484375,398.8900146484375
2025-12-31,396.30999755859375,396.30999755859375
2026-01-02,398.2799987792969,398.2799987792969
2026-01-05,408.760009765625,408.760009765625
2026-01-06,413.17999267578125,413.17999267578125
2026-01-07,409.2300109863281,409.2300109863281
2026-01-08,411.489990234375,411.489990234375
2026-01-09,414.4700012207031,414.4700012207031
2026-01-12,422.2300109863281,422.2300109863281
2026-01-13,421.6300048828125,421.6300048828125
2026-01-14,425.94000244140625,425.94000244140625
2026-01-15,423.3299865722656,423.3299865722656
2026-01-16,421.2900085449219,421.2900085449219
2026-01-20,437.2300109863281,437.2300109863281
2026-01-21,443.6000061035156,443.6000061035156
2026-01-22,451.7900085449219,451.7900085449219
2026-01-23,458.0,458.0
2026-01-26,464.70001220703125,464.70001220703125
2026-01-27,476.1000061035156,476.1000061035156
2026-01-28,494.55999755859375,494.55999755859375
2026-01-29,495.8999938964844,495.8999938964844
2026-01-30,444.95001220703125,444.95001220703125
2026-02-02,427.1300048828125,427.1300048828125
2026-02-03,454.2900085449219,454.2900085449219
2026-02-04,453.9700012207031,453.9700012207031
2026-02-05,441.8800048828125,441.8800048828125
2026-02-06,455.4599914550781,455.4599914550781
2026-02-09,467.0299987792969,467.0299987792969
2026-02-10,462.3999938964844,462.3999938964844
2026-02-11,467.6300048828125,467.6300048828125
2026-02-12,451.3900146484375,451.3900146484375
2026-02-13,462.6199951171875,462.6199951171875
2026-02-17,448.20001220703125,448.20001220703125
2026-02-18,458.2799987792969,458.2799987792969
2026-02-19,459.55999755859375,459.55999755859375
2026-02-20,468.6199951171875,468.6199951171875
2026-02-23,481.2799987792969,481.2799987792969
2026-02-24,474.6099853515625,474.6099853515625
2026-02-25,473.4200134277344,473.4200134277344
2026-02-26,477.4800109863281,477.4800109863281
2026-02-27,483.75,483.75
2026-03-02,490.0,490.0
2026-03-03,468.1400146484375,468.1400146484375
2026-03-04,471.79998779296875,471.79998779296875
2026-03-05,466.1300048828125,466.1300048828125
2026-03-06,473.510009765625,473.510009765625
2026-03-09,472.5299987792969,472.5299987792969
2026-03-10,477.8599853515625,477.8599853515625
2026-03-11,476.239990234375,476.239990234375
2026-03-12,466.8800048828125,466.8800048828125
2026-03-13,460.8399963378906,460.8399963378906
2026-03-16,460.42999267578125,460.42999267578125
2026-03-17,459.2699890136719,459.2699890136719
2026-03-18,444.739990234375,444.739990234375
2026-03-19,426.4100036621094,426.4100036621094
2026-03-20,413.3800048828125,413.3800048828125
2026-03-23,404.0400085449219,404.0400085449219
2026-03-24,404.1300048828125,404.1300048828125
2026-03-25,416.2900085449219,416.2900085449219
2026-03-26,400.6400146484375,400.6400146484375
2026-03-27,414.70001220703125,414.70001220703125
2026-03-30,414.5799865722656,414.5799865722656
2026-03-31,430.2900085449219,430.2900085449219
2026-04-01,437.82000732421875,437.82000732421875
2026-04-02,429.4100036621094,429.4100036621094
2026-04-06,427.6499938964844,427.6499938964844
2026-04-07,431.80999755859375,431.80999755859375
2026-04-08,434.5299987792969,434.5299987792969
2026-04-09,437.9100036621094,437.9100036621094
2026-04-10,437.1300048828125,437.1300048828125
2026-04-13,435.3599853515625,435.3599853515625
2026-04-14,445.0899963378906,445.0899963378906
2026-04-15,440.4599914550781,440.4599914550781
2026-04-16,440.0799865722656,440.0799865722656
2026-04-17,445.92999267578125,445.92999267578125
2026-04-20,442.0899963378906,442.0899963378906
2026-04-21,429.57000732421875,429.57000732421875
2026-04-22,435.260009765625,435.260009765625
2026-04-23,431.0400085449219,431.0400085449219
2026-04-24,433.25,433.25
2026-04-27,429.8900146484375,429.8900146484375
2026-04-28,421.9100036621094,421.9100036621094
2026-04-29,417.4100036621094,417.4100036621094
2026-04-30,423.6600036621094,423.6600036621094
2026-05-01,423.17999267578125,423.17999267578125
2026-05-04,414.7099914550781,414.7099914550781
2026-05-05,418.2699890136719,418.2699890136719
2026-05-06,430.9599914550781,430.9599914550781
2026-05-07,431.67999267578125,431.67999267578125
2026-05-08,433.7699890136719,433.7699890136719
2026-05-11,434.6499938964844,434.6499938964844
2026-05-12,432.92999267578125,432.92999267578125
2026-05-13,430.5,430.5
2026-05-14,427.2099914550781,427.2099914550781
2026-05-15,417.2900085449219,417.2900085449219
2026-05-18,418.42999267578125,418.42999267578125
2026-05-19,411.5,411.5
2026-05-20,417.3999938964844,417.3999938964844
2026-05-21,416.989990234375,416.989990234375
2026-05-22,413.82000732421875,413.82000732421875
2026-05-26,414.0,414.0
2026-05-27,408.489990234375,408.489990234375
2026-05-28,412.7699890136719,412.7699890136719
2026-05-29,417.1199951171875,417.1199951171875
2026-06-01,411.260009765625,411.260009765625
2026-06-02,411.95001220703125,411.95001220703125
2026-06-03,407.8699951171875,407.8699951171875
2026-06-04,411.2699890136719,411.2699890136719
2026-06-05,396.239990234375,396.239990234375
2026-06-08,397.2699890136719,397.2699890136719
2026-06-09,390.7799987792969,390.7799987792969
2026-06-10,374.5799865722656,374.5799865722656
2026-06-11,386.32000732421875,386.32000732421875
2026-06-12,386.5400085449219,386.5400085449219
2026-06-15,396.54998779296875,396.54998779296875
2026-06-16,397.6300048828125,397.6300048828125
2026-06-17,388.6000061035156,388.6000061035156
2026-06-18,387.1199951171875,387.1199951171875
2026-06-22,384.5899963378906,384.5899963378906
2026-06-23,377.32000732421875,377.32000732421875
2026-06-24,365.9200134277344,365.9200134277344
2026-06-25,369.4599914550781,369.4599914550781
2026-06-26,373.6300048828125,373.6300048828125
2026-06-29,368.5799865722656,368.5799865722656
2026-06-30,368.3800048828125,368.3800048828125
2026-07-01,370.6000061035156,370.6000061035156
2026-07-02,378.1300048828125,378.1300048828125
2026-07-06,382.1300048828125,382.1300048828125
2026-07-07,377.489990234375,377.489990234375
2026-07-08,374.45001220703125,374.45001220703125
2026-07-09,378.17999267578125,378.17999267578125
2026-07-10,377.010009765625,377.010009765625
2026-07-13,367.1300048828125,367.1300048828125
2026-07-14,372.1499938964844,372.1499938964844
2026-07-15,372.3500061035156,372.3500061035156
2026-07-16,364.9599914550781,364.9599914550781
2026-07-17,368.4100036621094,368.4100036621094
2026-07-20,367.6000061035156,367.6000061035156
2026-07-21,374.80999755859375,374.80999755859375
2026-07-22,379.1199951171875,379.1199951171875
2026-07-23,371.3500061035156,371.3500061035156
