date,open,high,low,close
2004-11-18,44.43000030517578,44.4900016784668,44.06999969482422,44.380001068115234
2004-11-19,44.4900016784668,44.91999816894531,44.470001220703125,44.779998779296875
2004-11-22,44.75,44.970001220703125,44.7400016784668,44.95000076293945
2004-11-23,44.880001068115234,44.91999816894531,44.720001220703125,44.75
2004-11-24,44.93000030517578,45.04999923706055,44.790000915527344,45.04999923706055
2004-11-26,45.25,45.599998474121094,45.060001373291016,45.290000915527344
2004-11-29,45.099998474121094,45.5,45.08000183105469,45.400001525878906
2004-11-30,45.369998931884766,45.40999984741211,44.81999969482422,45.119998931884766
2004-12-01,45.279998779296875,45.59000015258789,45.2599983215332,45.380001068115234
2004-12-02,45.54999923706055,45.56999969482422,44.68000030517578,44.95000076293945
2004-12-03,45.040000915527344,46.0,44.79999923706055,45.599998474121094
2004-12-06,45.38999938964844,45.470001220703125,45.11000061035156,45.16999816894531
2004-12-07,45.29999923706055,45.31999969482422,45.06999969482422,45.11000061035156
2004-12-08,43.79999923706055,44.02000045776367,43.36000061035156,44.0099983215332
2004-12-09,43.75,43.900001525878906,43.20000076293945,43.779998779296875
2004-12-10,43.369998931884766,43.599998474121094,43.310001373291016,43.439998626708984
2004-12-13,43.61000061035156,44.0099983215332,43.5099983215332,43.90999984741211
2004-12-14,43.7599983215332,43.79999923706055,43.5099983215332,43.54999923706055
2004-12-15,44.099998474121094,44.16999816894531,43.91999816894531,43.9900016784668
2004-12-16,43.9900016784668,44.04999923706055,43.58000183105469,43.68000030517578
2004-12-17,43.93000030517578,44.220001220703125,43.779998779296875,44.189998626708984
2004-12-20,44.33000183105469,44.369998931884766,44.130001068115234,44.34000015258789
2004-12-21,44.130001068115234,44.2400016784668,44.04999923706055,44.220001220703125
2004-12-22,44.20000076293945,44.22999954223633,43.88999938964844,44.02000045776367
2004-12-23,44.16999816894531,44.349998474121094,44.04999923706055,44.27000045776367
2004-12-27,44.290000915527344,44.560001373291016,44.27000045776367,44.47999954223633
2004-12-28,44.41999816894531,44.470001220703125,44.290000915527344,44.369998931884766
2004-12-29,43.91999816894531,44.02000045776367,43.349998474121094,43.65999984741211
2004-12-30,43.5,43.880001068115234,43.4900016784668,43.83000183105469
2004-12-31,43.849998474121094,43.939998626708984,43.72999954223633,43.79999923706055
2005-01-03,42.97999954223633,43.16999816894531,42.7400016784668,43.02000045776367
2005-01-04,42.79999923706055,42.90999984741211,42.459999084472656,42.7400016784668
2005-01-05,42.75,42.880001068115234,42.599998474121094,42.66999816894531
2005-01-06,42.47999954223633,42.560001373291016,42.06999969482422,42.150001525878906
2005-01-07,42.09000015258789,42.38999938964844,41.70000076293945,41.84000015258789
2005-01-10,41.9900016784668,42.06999969482422,41.88999938964844,41.95000076293945
2005-01-11,42.209999084472656,42.279998779296875,42.119998931884766,42.209999084472656
2005-01-12,42.52000045776367,42.790000915527344,42.47999954223633,42.599998474121094
2005-01-13,42.38999938964844,42.599998474121094,42.34000015258789,42.599998474121094
2005-01-14,42.189998626708984,42.31999969482422,42.130001068115234,42.31999969482422
2005-01-18,42.220001220703125,42.380001068115234,42.150001525878906,42.31999969482422
2005-01-19,42.650001525878906,42.650001525878906,42.20000076293945,42.2599983215332
2005-01-20,42.119998931884766,42.31999969482422,42.11000061035156,42.25
2005-01-21,42.31999969482422,42.81999969482422,42.290000915527344,42.7400016784668
2005-01-24,42.7400016784668,42.81999969482422,42.66999816894531,42.77000045776367
2005-01-25,42.529998779296875,42.560001373291016,42.099998474121094,42.2400016784668
2005-01-26,42.59000015258789,42.779998779296875,42.560001373291016,42.689998626708984
2005-01-27,42.47999954223633,42.650001525878906,42.400001525878906,42.619998931884766
2005-01-28,42.709999084472656,42.72999954223633,42.43000030517578,42.689998626708984
2005-01-31,42.209999084472656,42.29999923706055,41.959999084472656,42.220001220703125
2005-02-01,42.09000015258789,42.13999938964844,41.95000076293945,42.099998474121094
2005-02-02,42.220001220703125,42.22999954223633,42.02000045776367,42.15999984741211
2005-02-03,41.560001373291016,41.7400016784668,41.5,41.68000030517578
2005-02-04,41.59000015258789,41.650001525878906,41.38999938964844,41.470001220703125
2005-02-07,41.54999923706055,41.54999923706055,41.209999084472656,41.27000045776367
2005-02-08,41.189998626708984,41.400001525878906,41.04999923706055,41.2599983215332
2005-02-09,41.029998779296875,41.36000061035156,41.02000045776367,41.310001373291016
2005-02-10,41.529998779296875,41.84000015258789,41.45000076293945,41.75
2005-02-11,41.88999938964844,42.15999984741211,41.83000183105469,42.08000183105469
2005-02-14,42.41999816894531,42.630001068115234,42.31999969482422,42.54999923706055
2005-02-15,42.400001525878906,42.599998474121094,42.34000015258789,42.58000183105469
2005-02-16,42.31999969482422,42.599998474121094,42.20000076293945,42.52000045776367
2005-02-17,42.52000045776367,42.810001373291016,42.5099983215332,42.72999954223633
2005-02-18,42.709999084472656,42.81999969482422,42.63999938964844,42.75
2005-02-22,43.38999938964844,43.630001068115234,43.20000076293945,43.56999969482422
2005-02-23,43.290000915527344,43.54999923706055,43.150001525878906,43.41999816894531
2005-02-24,43.47999954223633,43.47999954223633,43.20000076293945,43.33000183105469
2005-02-25,43.40999984741211,43.54999923706055,43.220001220703125,43.5
2005-02-28,43.68000030517578,43.7400016784668,43.52000045776367,43.529998779296875
2005-03-01,43.29999923706055,43.369998931884766,43.099998474121094,43.220001220703125
2005-03-02,43.15999984741211,43.349998474121094,43.08000183105469,43.25
2005-03-03,43.060001373291016,43.130001068115234,42.900001525878906,42.970001220703125
2005-03-04,43.310001373291016,43.52000045776367,43.310001373291016,43.380001068115234
2005-03-07,43.31999969482422,43.5099983215332,43.2599983215332,43.470001220703125
2005-03-08,43.709999084472656,44.08000183105469,43.59000015258789,44.029998779296875
2005-03-09,43.95000076293945,44.20000076293945,43.91999816894531,44.02000045776367
2005-03-10,44.150001525878906,44.25,44.0,44.20000076293945
2005-03-11,44.310001373291016,44.66999816894531,44.279998779296875,44.43000030517578
2005-03-14,44.2599983215332,44.2599983215332,43.95000076293945,44.029998779296875
2005-03-15,44.22999954223633,44.22999954223633,43.93000030517578,44.060001373291016
2005-03-16,44.290000915527344,44.349998474121094,44.20000076293945,44.310001373291016
2005-03-17,43.970001220703125,43.970001220703125,43.66999816894531,43.81999969482422
2005-03-18,43.61000061035156,43.95000076293945,43.599998474121094,43.88999938964844
2005-03-21,43.209999084472656,43.25,42.869998931884766,43.09000015258789
2005-03-22,43.209999084472656,43.220001220703125,42.54999923706055,42.650001525878906
2005-03-23,42.599998474121094,42.66999816894531,42.349998474121094,42.41999816894531
2005-03-24,42.5099983215332,42.540000915527344,42.369998931884766,42.38999938964844
2005-03-28,42.459999084472656,42.58000183105469,42.40999984741211,42.540000915527344
2005-03-29,42.61000061035156,42.630001068115234,42.540000915527344,42.560001373291016
2005-03-30,42.650001525878906,42.810001373291016,42.560001373291016,42.61000061035156
2005-03-31,42.869998931884766,42.869998931884766,42.70000076293945,42.81999969482422
2005-04-01,42.599998474121094,42.619998931884766,42.45000076293945,42.619998931884766
2005-04-04,42.43000030517578,42.43000030517578,42.22999954223633,42.400001525878906
2005-04-05,42.4900016784668,42.540000915527344,42.380001068115234,42.45000076293945
2005-04-06,42.4900016784668,42.720001220703125,42.4900016784668,42.630001068115234
2005-04-07,42.77000045776367,42.810001373291016,42.529998779296875,42.56999969482422
2005-04-08,42.47999954223633,42.709999084472656,42.459999084472656,42.689998626708984
2005-04-11,42.84000015258789,42.959999084472656,42.7400016784668,42.779998779296875
2005-04-12,42.70000076293945,42.84000015258789,42.61000061035156,42.84000015258789
2005-04-13,42.7599983215332,42.95000076293945,42.68000030517578,42.900001525878906
2005-04-14,42.45000076293945,42.47999954223633,42.15999984741211,42.310001373291016
2005-04-15,42.380001068115234,42.560001373291016,42.36000061035156,42.400001525878906
2005-04-18,42.54999923706055,42.779998779296875,42.52000045776367,42.689998626708984
2005-04-19,42.790000915527344,43.36000061035156,42.720001220703125,43.279998779296875
2005-04-20,43.209999084472656,43.52000045776367,43.189998626708984,43.400001525878906
2005-04-21,43.41999816894531,43.43000030517578,43.13999938964844,43.189998626708984
2005-04-22,43.459999084472656,43.5,43.310001373291016,43.38999938964844
2005-04-25,43.349998474121094,43.45000076293945,43.220001220703125,43.439998626708984
2005-04-26,43.689998626708984,43.70000076293945,43.5,43.63999938964844
2005-04-27,43.529998779296875,43.540000915527344,43.119998931884766,43.20000076293945
2005-04-28,43.15999984741211,43.27000045776367,42.9900016784668,43.0
2005-04-29,43.18000030517578,43.61000061035156,43.18000030517578,43.349998474121094
2005-05-02,43.130001068115234,43.16999816894531,42.810001373291016,42.880001068115234
2005-05-03,42.75,42.79999923706055,42.58000183105469,42.7599983215332
2005-05-04,42.869998931884766,42.91999816894531,42.72999954223633,42.900001525878906
2005-05-05,42.959999084472656,42.959999084472656,42.709999084472656,42.90999984741211
2005-05-06,42.43000030517578,42.630001068115234,42.34000015258789,42.52000045776367
2005-05-09,42.540000915527344,42.61000061035156,42.47999954223633,42.54999923706055
2005-05-10,42.709999084472656,42.790000915527344,42.58000183105469,42.63999938964844
2005-05-11,42.54999923706055,42.83000183105469,42.5099983215332,42.689998626708984
2005-05-12,42.40999984741211,42.47999954223633,41.970001220703125,42.15999984741211
2005-05-13,42.119998931884766,42.119998931884766,41.83000183105469,41.95000076293945
2005-05-16,41.77000045776367,41.900001525878906,41.77000045776367,41.880001068115234
2005-05-17,41.95000076293945,42.04999923706055,41.83000183105469,41.86000061035156
2005-05-18,41.9900016784668,42.11000061035156,41.83000183105469,42.04999923706055
2005-05-19,42.0,42.04999923706055,41.869998931884766,41.97999954223633
2005-05-20,41.7599983215332,41.83000183105469,41.61000061035156,41.650001525878906
2005-05-23,41.689998626708984,41.75,41.54999923706055,41.619998931884766
2005-05-24,41.83000183105469,41.83000183105469,41.650001525878906,41.72999954223633
2005-05-25,41.790000915527344,41.900001525878906,41.689998626708984,41.869998931884766
2005-05-26,41.72999954223633,41.810001373291016,41.650001525878906,41.689998626708984
2005-05-27,41.810001373291016,41.959999084472656,41.7400016784668,41.880001068115234
2005-05-31,41.34000015258789,41.689998626708984,41.33000183105469,41.650001525878906
2005-06-01,41.40999984741211,41.650001525878906,41.400001525878906,41.529998779296875
2005-06-02,41.91999816894531,42.279998779296875,41.90999984741211,42.099998474121094
2005-06-03,42.33000183105469,42.38999938964844,42.16999816894531,42.16999816894531
2005-06-06,42.560001373291016,42.650001525878906,42.45000076293945,42.47999954223633
2005-06-07,42.47999954223633,42.47999954223633,42.310001373291016,42.380001068115234
2005-06-08,42.45000076293945,42.560001373291016,42.2400016784668,42.34000015258789
2005-06-09,42.2400016784668,42.400001525878906,42.029998779296875,42.27000045776367
2005-06-10,42.25,42.720001220703125,42.119998931884766,42.619998931884766
2005-06-13,42.81999969482422,43.0099983215332,42.70000076293945,42.779998779296875
2005-06-14,42.65999984741211,42.70000076293945,42.58000183105469,42.599998474121094
2005-06-15,42.689998626708984,42.88999938964844,42.66999816894531,42.7400016784668
2005-06-16,43.29999923706055,43.54999923706055,43.16999816894531,43.459999084472656
2005-06-17,43.779998779296875,43.849998474121094,43.61000061035156,43.630001068115234
2005-06-20,43.939998626708984,43.939998626708984,43.65999984741211,43.65999984741211
2005-06-21,43.58000183105469,43.81999969482422,43.41999816894531,43.810001373291016
2005-06-22,43.65999984741211,43.7599983215332,43.529998779296875,43.720001220703125
2005-06-23,43.84000015258789,44.130001068115234,43.779998779296875,44.02000045776367
2005-06-24,43.959999084472656,44.060001373291016,43.68000030517578,43.900001525878906
2005-06-27,43.900001525878906,43.93000030517578,43.72999954223633,43.90999984741211
2005-06-28,43.63999938964844,43.63999938964844,43.369998931884766,43.45000076293945
2005-06-29,43.4900016784668,43.70000076293945,43.459999084472656,43.630001068115234
2005-06-30,43.630001068115234,43.77000045776367,43.36000061035156,43.439998626708984
2005-07-01,43.400001525878906,43.400001525878906,42.59000015258789,42.70000076293945
2005-07-05,42.34000015258789,42.34000015258789,42.060001373291016,42.279998779296875
2005-07-06,42.36000061035156,42.380001068115234,42.2400016784668,42.25
2005-07-07,42.470001220703125,42.560001373291016,42.04999923706055,42.36000061035156
2005-07-08,42.31999969482422,42.400001525878906,42.119998931884766,42.2599983215332
2005-07-11,42.33000183105469,42.56999969482422,42.279998779296875,42.540000915527344
2005-07-12,42.61000061035156,42.63999938964844,42.400001525878906,42.63999938964844
2005-07-13,42.349998474121094,42.380001068115234,42.25,42.349998474121094
2005-07-14,42.33000183105469,42.36000061035156,41.79999923706055,41.900001525878906
2005-07-15,41.7599983215332,42.06999969482422,41.70000076293945,42.04999923706055
2005-07-18,41.959999084472656,42.16999816894531,41.939998626708984,42.0099983215332
2005-07-19,41.880001068115234,42.0,41.810001373291016,41.88999938964844
2005-07-20,42.15999984741211,42.25,42.04999923706055,42.20000076293945
2005-07-21,42.43000030517578,42.5099983215332,42.33000183105469,42.459999084472656
2005-07-22,42.45000076293945,42.47999954223633,42.34000015258789,42.45000076293945
2005-07-25,42.459999084472656,42.560001373291016,42.43000030517578,42.5099983215332
2005-07-26,42.279998779296875,42.369998931884766,42.13999938964844,42.25
2005-07-27,42.29999923706055,42.5,42.29999923706055,42.439998626708984
2005-07-28,42.459999084472656,42.790000915527344,42.459999084472656,42.75
2005-07-29,42.83000183105469,42.959999084472656,42.790000915527344,42.81999969482422
2005-08-01,43.08000183105469,43.16999816894531,42.9900016784668,43.130001068115234
2005-08-02,43.06999969482422,43.150001525878906,42.9900016784668,43.13999938964844
2005-08-03,43.380001068115234,43.619998931884766,43.349998474121094,43.529998779296875
2005-08-04,43.68000030517578,43.81999969482422,43.630001068115234,43.68000030517578
2005-08-05,43.709999084472656,43.75,43.560001373291016,43.599998474121094
2005-08-08,43.52000045776367,43.54999923706055,43.27000045776367,43.349998474121094
2005-08-09,43.27000045776367,43.349998474121094,43.16999816894531,43.34000015258789
2005-08-10,43.5,43.65999984741211,43.45000076293945,43.650001525878906
2005-08-11,43.900001525878906,44.619998931884766,43.86000061035156,44.45000076293945
2005-08-12,44.4900016784668,44.720001220703125,44.43000030517578,44.4900016784668
2005-08-15,44.189998626708984,44.27000045776367,43.97999954223633,44.130001068115234
2005-08-16,44.060001373291016,44.56999969482422,44.04999923706055,44.54999923706055
2005-08-17,44.2599983215332,44.29999923706055,43.720001220703125,43.90999984741211
2005-08-18,43.939998626708984,44.13999938964844,43.81999969482422,43.83000183105469
2005-08-19,43.77000045776367,43.880001068115234,43.4900016784668,43.599998474121094
2005-08-22,43.84000015258789,43.95000076293945,43.65999984741211,43.70000076293945
2005-08-23,43.84000015258789,43.900001525878906,43.709999084472656,43.7599983215332
2005-08-24,43.939998626708984,43.959999084472656,43.40999984741211,43.59000015258789
2005-08-25,43.7599983215332,43.810001373291016,43.599998474121094,43.72999954223633
2005-08-26,43.779998779296875,43.900001525878906,43.5099983215332,43.61000061035156
2005-08-29,43.810001373291016,43.959999084472656,43.560001373291016,43.56999969482422
2005-08-30,42.959999084472656,43.06999969482422,42.810001373291016,43.0099983215332
2005-08-31,43.099998474121094,43.400001525878906,43.029998779296875,43.400001525878906
2005-09-01,43.93000030517578,44.400001525878906,43.849998474121094,44.220001220703125
2005-09-02,44.2400016784668,44.36000061035156,44.09000015258789,44.25
2005-09-06,44.41999816894531,44.41999816894531,44.189998626708984,44.27000045776367
2005-09-07,44.40999984741211,44.4900016784668,44.290000915527344,44.33000183105469
2005-09-08,44.720001220703125,44.779998779296875,44.470001220703125,44.599998474121094
2005-09-09,44.66999816894531,44.869998931884766,44.65999984741211,44.84000015258789
2005-09-12,44.68000030517578,44.88999938964844,44.619998931884766,44.88999938964844
2005-09-13,44.619998931884766,44.619998931884766,44.36000061035156,44.560001373291016
2005-09-14,44.81999969482422,44.959999084472656,44.65999984741211,44.959999084472656
2005-09-15,45.2400016784668,45.470001220703125,45.130001068115234,45.41999816894531
2005-09-16,45.79999923706055,45.880001068115234,45.54999923706055,45.81999969482422
2005-09-19,46.27000045776367,46.72999954223633,46.220001220703125,46.25
2005-09-20,46.52000045776367,46.52000045776367,46.220001220703125,46.22999954223633
2005-09-21,46.58000183105469,47.130001068115234,46.54999923706055,47.060001373291016
2005-09-22,46.84000015258789,46.84000015258789,46.220001220703125,46.36000061035156
2005-09-23,46.20000076293945,46.29999923706055,45.91999816894531,46.279998779296875
2005-09-26,45.84000015258789,46.61000061035156,45.84000015258789,46.56999969482422
2005-09-27,46.13999938964844,46.33000183105469,45.65999984741211,46.25
2005-09-28,46.29999923706055,46.88999938964844,46.15999984741211,46.79999923706055
2005-09-29,46.86000061035156,47.22999954223633,46.83000183105469,47.099998474121094
2005-09-30,47.09000015258789,47.20000076293945,46.650001525878906,46.70000076293945
2005-10-03,46.619998931884766,46.630001068115234,46.380001068115234,46.41999816894531
2005-10-04,46.66999816894531,46.72999954223633,46.29999923706055,46.45000076293945
2005-10-05,46.380001068115234,46.529998779296875,46.13999938964844,46.36000061035156
2005-10-06,46.619998931884766,47.2599983215332,46.619998931884766,47.209999084472656
2005-10-07,46.9900016784668,47.47999954223633,46.939998626708984,47.36000061035156
2005-10-10,47.310001373291016,47.439998626708984,47.09000015258789,47.369998931884766
2005-10-11,47.400001525878906,47.720001220703125,47.36000061035156,47.38999938964844
2005-10-12,47.529998779296875,47.63999938964844,46.81999969482422,46.849998474121094
2005-10-13,46.88999938964844,47.060001373291016,46.599998474121094,47.02000045776367
2005-10-14,46.4900016784668,46.83000183105469,46.40999984741211,46.79999923706055
2005-10-17,47.2599983215332,47.369998931884766,47.189998626708984,47.2599983215332
2005-10-18,47.09000015258789,47.18000030517578,46.93000030517578,47.0
2005-10-19,46.5099983215332,46.5099983215332,46.040000915527344,46.34000015258789
2005-10-20,46.33000183105469,46.34000015258789,45.83000183105469,45.97999954223633
2005-10-21,46.119998931884766,46.560001373291016,45.90999984741211,46.52000045776367
2005-10-24,46.38999938964844,46.72999954223633,46.310001373291016,46.38999938964844
2005-10-25,46.93000030517578,47.189998626708984,46.900001525878906,47.060001373291016
2005-10-26,47.09000015258789,47.209999084472656,46.88999938964844,46.93000030517578
2005-10-27,47.400001525878906,47.41999816894531,47.099998474121094,47.18000030517578
2005-10-28,46.869998931884766,47.2599983215332,46.81999969482422,47.220001220703125
2005-10-31,47.02000045776367,47.040000915527344,46.33000183105469,46.400001525878906
2005-11-01,46.06999969482422,46.06999969482422,45.650001525878906,45.72999954223633
2005-11-02,45.9900016784668,46.22999954223633,45.900001525878906,46.130001068115234
2005-11-03,46.060001373291016,46.08000183105469,45.75,45.959999084472656
2005-11-04,45.93000030517578,46.06999969482422,45.31999969482422,45.5099983215332
2005-11-07,45.66999816894531,45.81999969482422,45.459999084472656,45.77000045776367
2005-11-08,45.83000183105469,46.099998474121094,45.81999969482422,45.90999984741211
2005-11-09,46.119998931884766,46.650001525878906,46.029998779296875,46.560001373291016
2005-11-10,46.779998779296875,46.81999969482422,46.36000061035156,46.47999954223633
2005-11-11,46.54999923706055,46.79999923706055,46.439998626708984,46.79999923706055
2005-11-14,46.560001373291016,46.810001373291016,46.5099983215332,46.619998931884766
2005-11-15,46.79999923706055,46.83000183105469,46.529998779296875,46.65999984741211
2005-11-16,47.290000915527344,47.779998779296875,47.220001220703125,47.779998779296875
2005-11-17,48.22999954223633,48.58000183105469,48.16999816894531,48.47999954223633
2005-11-18,48.5,48.61000061035156,48.20000076293945,48.459999084472656
2005-11-21,48.689998626708984,49.02000045776367,48.5,48.9900016784668
2005-11-22,49.02000045776367,49.34000015258789,48.849998474121094,49.31999969482422
2005-11-23,48.79999923706055,49.25,48.2400016784668,49.150001525878906
2005-11-25,49.45000076293945,49.9900016784668,49.29999923706055,49.41999816894531
2005-11-28,49.29999923706055,49.75,49.2599983215332,49.7400016784668
2005-11-29,49.56999969482422,49.97999954223633,49.380001068115234,49.79999923706055
2005-11-30,49.36000061035156,49.5,49.060001373291016,49.099998474121094
2005-12-01,49.630001068115234,50.290000915527344,49.58000183105469,50.16999816894531
2005-12-02,49.93000030517578,50.34000015258789,49.88999938964844,50.31999969482422
2005-12-05,50.43000030517578,50.79999923706055,50.290000915527344,50.779998779296875
2005-12-06,50.380001068115234,50.95000076293945,50.209999084472656,50.88999938964844
2005-12-07,51.220001220703125,51.5,51.099998474121094,51.31999969482422
2005-12-08,51.34000015258789,51.95000076293945,51.2599983215332,51.900001525878906
2005-12-09,52.310001373291016,52.900001525878906,52.029998779296875,52.400001525878906
2005-12-12,53.09000015258789,53.7599983215332,52.25,52.560001373291016
2005-12-13,52.20000076293945,53.22999954223633,51.560001373291016,51.650001525878906
2005-12-14,50.95000076293945,51.20000076293945,50.25,50.349998474121094
2005-12-15,50.47999954223633,50.790000915527344,50.11000061035156,50.2400016784668
2005-12-16,50.31999969482422,50.59000015258789,49.93000030517578,50.09000015258789
2005-12-19,50.58000183105469,50.75,50.119998931884766,50.220001220703125
2005-12-20,50.349998474121094,50.400001525878906,49.0,49.040000915527344
2005-12-21,49.119998931884766,49.45000076293945,48.79999923706055,49.369998931884766
2005-12-22,49.5099983215332,50.29999923706055,49.470001220703125,50.13999938964844
2005-12-23,50.099998474121094,50.459999084472656,50.08000183105469,50.119998931884766
2005-12-27,50.650001525878906,50.70000076293945,50.5,50.63999938964844
2005-12-28,51.5099983215332,51.61000061035156,51.18000030517578,51.470001220703125
2005-12-29,51.47999954223633,51.58000183105469,50.91999816894531,51.470001220703125
2005-12-30,51.189998626708984,51.720001220703125,51.16999816894531,51.58000183105469
2006-01-03,52.290000915527344,53.18000030517578,52.22999954223633,53.119998931884766
2006-01-04,52.869998931884766,53.34000015258789,52.619998931884766,53.29999923706055
2006-01-05,52.560001373291016,52.720001220703125,52.099998474121094,52.34000015258789
2006-01-06,53.13999938964844,53.869998931884766,53.040000915527344,53.720001220703125
2006-01-09,53.459999084472656,54.9900016784668,53.310001373291016,54.599998474121094
2006-01-10,53.959999084472656,54.380001068115234,53.7599983215332,54.060001373291016
2006-01-11,54.2400016784668,54.77000045776367,54.06999969482422,54.529998779296875
2006-01-12,54.209999084472656,54.63999938964844,54.0099983215332,54.43000030517578
2006-01-13,54.54999923706055,55.560001373291016,54.5099983215332,55.439998626708984
2006-01-17,55.25,55.869998931884766,55.029998779296875,55.2599983215332
2006-01-18,54.63999938964844,54.72999954223633,54.0099983215332,54.06999969482422
2006-01-19,54.959999084472656,55.709999084472656,54.95000076293945,55.59000015258789
2006-01-20,56.119998931884766,56.599998474121094,55.02000045776367,55.20000076293945
2006-01-23,55.59000015258789,55.900001525878906,55.2599983215332,55.77000045776367
2006-01-24,55.5,55.72999954223633,55.27000045776367,55.72999954223633
2006-01-25,56.220001220703125,56.529998779296875,55.7400016784668,56.13999938964844
2006-01-26,55.529998779296875,55.90999984741211,55.27000045776367,55.880001068115234
2006-01-27,55.959999084472656,56.22999954223633,55.470001220703125,55.630001068115234
2006-01-30,55.970001220703125,56.70000076293945,55.95000076293945,56.68000030517578
2006-01-31,56.56999969482422,57.04999923706055,56.529998779296875,56.70000076293945
2006-02-01,56.790000915527344,56.900001525878906,56.08000183105469,56.70000076293945
2006-02-02,57.040000915527344,57.29999923706055,56.66999816894531,56.97999954223633
2006-02-03,57.06999969482422,57.20000076293945,56.25,56.5
2006-02-06,56.7599983215332,57.150001525878906,56.650001525878906,56.720001220703125
2006-02-07,55.880001068115234,55.91999816894531,54.33000183105469,54.599998474121094
2006-02-08,54.70000076293945,55.08000183105469,54.40999984741211,54.83000183105469
2006-02-09,55.720001220703125,56.45000076293945,55.54999923706055,56.18000030517578
2006-02-10,55.7400016784668,55.7400016784668,54.41999816894531,54.790000915527344
2006-02-13,54.63999938964844,54.900001525878906,53.54999923706055,53.720001220703125
2006-02-14,53.939998626708984,54.529998779296875,53.68000030517578,54.4900016784668
2006-02-15,54.29999923706055,54.29999923706055,53.33000183105469,53.7599983215332
2006-02-16,53.41999816894531,54.540000915527344,53.41999816894531,54.52000045776367
2006-02-17,54.66999816894531,55.20000076293945,54.599998474121094,54.959999084472656
2006-02-21,55.13999938964844,55.34000015258789,55.0,55.119998931884766
2006-02-22,54.970001220703125,55.349998474121094,54.86000061035156,55.34000015258789
2006-02-23,55.08000183105469,55.11000061035156,54.54999923706055,54.63999938964844
2006-02-24,55.209999084472656,55.709999084472656,55.029998779296875,55.63999938964844
2006-02-27,55.2599983215332,55.31999969482422,55.0099983215332,55.220001220703125
2006-02-28,55.43000030517578,56.06999969482422,55.29999923706055,56.06999969482422
2006-03-01,56.02000045776367,56.41999816894531,55.91999816894531,56.099998474121094
2006-03-02,56.150001525878906,56.81999969482422,55.9900016784668,56.7400016784668
2006-03-03,56.47999954223633,56.540000915527344,56.20000076293945,56.279998779296875
2006-03-06,56.40999984741211,56.45000076293945,54.959999084472656,55.22999954223633
2006-03-07,55.33000183105469,55.33000183105469,54.54999923706055,54.95000076293945
2006-03-08,54.209999084472656,54.27000045776367,53.560001373291016,53.970001220703125
2006-03-09,54.599998474121094,54.779998779296875,54.130001068115234,54.2400016784668
2006-03-10,53.220001220703125,53.970001220703125,53.150001525878906,53.83000183105469
2006-03-13,54.09000015258789,54.459999084472656,53.91999816894531,54.310001373291016
2006-03-14,54.22999954223633,55.0,54.20000076293945,54.869998931884766
2006-03-15,55.40999984741211,55.439998626708984,54.97999954223633,55.119998931884766
2006-03-16,55.150001525878906,55.34000015258789,54.4900016784668,55.34000015258789
2006-03-17,55.279998779296875,55.33000183105469,54.93000030517578,55.119998931884766
2006-03-20,55.0099983215332,55.400001525878906,54.97999954223633,55.16999816894531
2006-03-21,54.709999084472656,55.279998779296875,54.400001525878906,54.83000183105469
2006-03-22,54.75,54.93000030517578,54.599998474121094,54.75
2006-03-23,54.36000061035156,54.849998474121094,54.2400016784668,54.70000076293945
2006-03-24,55.150001525878906,55.83000183105469,55.099998474121094,55.709999084472656
2006-03-27,56.18000030517578,56.54999923706055,56.18000030517578,56.38999938964844
2006-03-28,56.560001373291016,56.630001068115234,55.91999816894531,56.060001373291016
2006-03-29,56.34000015258789,57.150001525878906,56.25,57.06999969482422
2006-03-30,57.97999954223633,58.70000076293945,57.810001373291016,58.599998474121094
2006-03-31,58.06999969482422,58.310001373291016,57.560001373291016,58.099998474121094
2006-04-03,58.619998931884766,58.93000030517578,58.400001525878906,58.470001220703125
2006-04-04,58.439998626708984,58.7599983215332,58.18000030517578,58.33000183105469
2006-04-05,58.63999938964844,58.709999084472656,58.0,58.65999984741211
2006-04-06,58.970001220703125,59.34000015258789,58.849998474121094,59.279998779296875
2006-04-07,58.66999816894531,58.81999969482422,58.220001220703125,58.59000015258789
2006-04-10,59.47999954223633,59.650001525878906,58.95000076293945,59.599998474121094
2006-04-11,59.52000045776367,59.849998474121094,59.0,59.0099983215332
2006-04-12,59.45000076293945,59.709999084472656,59.150001525878906,59.43000030517578
2006-04-13,59.130001068115234,59.599998474121094,58.869998931884766,59.5
2006-04-17,60.380001068115234,61.29999923706055,60.20000076293945,61.09000015258789
2006-04-18,61.25,61.93000030517578,61.060001373291016,61.849998474121094
2006-04-19,61.959999084472656,63.95000076293945,61.900001525878906,63.75
2006-04-20,63.38999938964844,63.45000076293945,60.439998626708984,60.959999084472656
2006-04-21,62.5099983215332,63.279998779296875,61.779998779296875,63.20000076293945
2006-04-24,62.349998474121094,62.529998779296875,61.599998474121094,61.650001525878906
2006-04-25,62.86000061035156,63.18000030517578,62.18000030517578,62.779998779296875
2006-04-26,63.040000915527344,63.790000915527344,63.040000915527344,63.650001525878906
2006-04-27,62.84000015258789,64.0,62.77000045776367,62.959999084472656
2006-04-28,63.900001525878906,65.2699966430664,63.83000183105469,65.08999633789062
2006-05-01,65.68000030517578,65.83000183105469,64.9800033569336,65.16000366210938
2006-05-02,65.5999984741211,66.56999969482422,65.55999755859375,66.55000305175781
2006-05-03,67.13999938964844,67.13999938964844,65.33000183105469,66.45999908447266
2006-05-04,66.76000213623047,67.66999816894531,66.22000122070312,67.4800033569336
2006-05-05,67.51000213623047,68.01000213623047,67.05999755859375,67.98999786376953
2006-05-08,67.19999694824219,67.61000061035156,66.75,67.55999755859375
2006-05-09,68.54000091552734,69.72000122070312,68.44999694824219,69.68000030517578
2006-05-10,69.2699966430664,70.48999786376953,69.2699966430664,70.37999725341797
2006-05-11,71.9800033569336,72.1500015258789,71.0,71.02999877929688
2006-05-12,71.83999633789062,72.26000213623047,70.19999694824219,71.12000274658203
2006-05-15,68.68000030517578,69.30000305175781,67.31999969482422,67.41000366210938
2006-05-16,68.31999969482422,68.86000061035156,67.87000274658203,68.61000061035156
2006-05-17,69.51000213623047,70.16999816894531,68.06999969482422,68.1500015258789
2006-05-18,68.69000244140625,69.0999984741211,67.36000061035156,67.45999908447266
2006-05-19,65.76000213623047,66.05000305175781,64.69999694824219,65.58000183105469
2006-05-22,64.41999816894531,65.41999816894531,63.79999923706055,65.30000305175781
2006-05-23,65.98999786376953,67.16000366210938,65.91000366210938,66.37999725341797
2006-05-24,64.83000183105469,65.16000366210938,63.220001220703125,64.05999755859375
2006-05-25,64.12000274658203,64.76000213623047,63.7599983215332,64.69999694824219
2006-05-26,65.01000213623047,65.0999984741211,63.75,65.0999984741211
2006-05-30,65.19999694824219,66.23999786376953,65.0,65.11000061035156
2006-05-31,65.52999877929688,65.58999633789062,63.58000183105469,64.2300033569336
2006-06-01,62.150001525878906,62.970001220703125,61.79999923706055,62.560001373291016
2006-06-02,63.099998474121094,63.59000015258789,62.529998779296875,63.5
2006-06-05,63.81999969482422,64.19000244140625,63.119998931884766,63.290000915527344
2006-06-06,62.58000183105469,62.66999816894531,62.15999984741211,62.54999923706055
2006-06-07,61.540000915527344,62.849998474121094,61.349998474121094,62.279998779296875
2006-06-08,61.5,61.529998779296875,60.43000030517578,60.90999984741211
2006-06-09,61.16999816894531,61.380001068115234,59.709999084472656,60.45000076293945
2006-06-12,60.779998779296875,60.84000015258789,59.97999954223633,60.029998779296875
2006-06-13,58.099998474121094,58.650001525878906,55.810001373291016,55.91999816894531
2006-06-14,56.650001525878906,56.90999984741211,55.04999923706055,55.619998931884766
2006-06-15,57.119998931884766,57.619998931884766,56.33000183105469,57.31999969482422
2006-06-16,57.29999923706055,57.93000030517578,56.43000030517578,57.68000030517578
2006-06-19,56.849998474121094,57.25,56.150001525878906,56.36000061035156
2006-06-20,56.63999938964844,57.47999954223633,56.15999984741211,57.29999923706055
2006-06-21,56.619998931884766,58.77000045776367,56.619998931884766,58.33000183105469
2006-06-22,58.16999816894531,58.61000061035156,57.65999984741211,57.72999954223633
2006-06-23,57.27000045776367,58.29999923706055,57.27000045776367,57.9900016784668
2006-06-26,58.25,58.33000183105469,57.41999816894531,58.279998779296875
2006-06-27,58.709999084472656,59.2599983215332,57.68000030517578,57.68000030517578
2006-06-28,58.150001525878906,58.189998626708984,57.349998474121094,57.540000915527344
2006-06-29,58.0,59.779998779296875,58.0,59.52000045776367
2006-06-30,60.869998931884766,61.349998474121094,60.68000030517578,61.22999954223633
2006-07-03,61.959999084472656,62.369998931884766,61.880001068115234,62.18000030517578
2006-07-05,62.47999954223633,62.630001068115234,61.439998626708984,62.5
2006-07-06,62.459999084472656,63.20000076293945,62.04999923706055,63.02000045776367
2006-07-07,62.84000015258789,63.04999923706055,62.459999084472656,62.630001068115234
2006-07-10,62.130001068115234,62.5,61.9900016784668,62.02000045776367
2006-07-11,62.83000183105469,63.97999954223633,62.70000076293945,63.810001373291016
2006-07-12,64.6500015258789,65.19000244140625,63.0099983215332,64.91999816894531
2006-07-13,65.08999633789062,65.68000030517578,64.11000061035156,65.55000305175781
2006-07-14,65.9000015258789,66.41999816894531,65.69999694824219,65.8499984741211
2006-07-17,64.79000091552734,65.22000122070312,63.66999816894531,63.95000076293945
2006-07-18,64.75,64.75,62.34000015258789,62.900001525878906
2006-07-19,62.56999969482422,64.23999786376953,62.47999954223633,64.02999877929688
2006-07-20,63.400001525878906,63.970001220703125,62.400001525878906,62.540000915527344
2006-07-21,63.189998626708984,63.25,61.209999084472656,61.709999084472656
2006-07-24,60.630001068115234,61.22999954223633,59.83000183105469,61.13999938964844
2006-07-25,61.34000015258789,61.599998474121094,60.560001373291016,61.54999923706055
2006-07-26,61.349998474121094,62.36000061035156,60.93000030517578,62.0
2006-07-27,63.529998779296875,63.61000061035156,62.54999923706055,62.900001525878906
2006-07-28,62.779998779296875,63.34000015258789,62.75,63.11000061035156
2006-07-31,63.119998931884766,63.349998474121094,62.439998626708984,63.15999984741211
2006-08-01,62.91999816894531,64.45999908447266,62.91999816894531,64.31999969482422
2006-08-02,64.73999786376953,65.22000122070312,64.4000015258789,64.75
2006-08-03,64.0,64.33000183105469,63.54999923706055,64.12000274658203
2006-08-04,64.87000274658203,64.9800033569336,64.0,64.27999877929688
2006-08-07,64.47000122070312,64.80999755859375,64.25,64.5
2006-08-08,63.97999954223633,64.56999969482422,63.849998474121094,63.970001220703125
2006-08-09,64.55999755859375,65.12999725341797,64.38999938964844,64.62999725341797
2006-08-10,64.0199966430664,64.37999725341797,62.970001220703125,63.25
2006-08-11,63.58000183105469,64.0999984741211,62.2400016784668,62.709999084472656
2006-08-14,62.38999938964844,62.900001525878906,62.02000045776367,62.25
2006-08-15,61.95000076293945,62.27000045776367,61.68000030517578,62.0099983215332
2006-08-16,62.630001068115234,62.88999938964844,62.2400016784668,62.4900016784668
2006-08-17,62.31999969482422,62.349998474121094,60.959999084472656,61.029998779296875
2006-08-18,61.4900016784668,61.5,60.29999923706055,61.040000915527344
2006-08-21,62.09000015258789,62.47999954223633,61.79999923706055,62.439998626708984
2006-08-22,62.04999923706055,62.20000076293945,61.61000061035156,62.04999923706055
2006-08-23,62.560001373291016,62.68000030517578,61.75,61.83000183105469
2006-08-24,61.97999954223633,62.060001373291016,61.45000076293945,61.75
2006-08-25,61.880001068115234,62.0,61.58000183105469,61.77000045776367
2006-08-28,61.79999923706055,61.79999923706055,60.83000183105469,61.0
2006-08-29,61.0,61.09000015258789,60.31999969482422,60.939998626708984
2006-08-30,61.4900016784668,61.65999984741211,61.09000015258789,61.41999816894531
2006-08-31,62.0,62.29999923706055,61.72999954223633,62.290000915527344
2006-09-01,61.95000076293945,62.290000915527344,61.47999954223633,62.13999938964844
2006-09-05,63.20000076293945,63.630001068115234,63.060001373291016,63.36000061035156
2006-09-06,63.220001220703125,63.52000045776367,62.83000183105469,62.86000061035156
2006-09-07,61.869998931884766,61.91999816894531,60.9900016784668,61.25
2006-09-08,60.52000045776367,60.77000045776367,60.279998779296875,60.63999938964844
2006-09-11,58.849998474121094,59.25,57.90999984741211,58.5
2006-09-12,58.650001525878906,59.09000015258789,58.18000030517578,58.31999969482422
2006-09-13,58.599998474121094,58.93000030517578,57.970001220703125,58.619998931884766
2006-09-14,58.59000015258789,58.720001220703125,57.08000183105469,57.189998626708984
2006-09-15,57.20000076293945,57.790000915527344,56.65999984741211,57.400001525878906
2006-09-18,57.470001220703125,58.38999938964844,57.41999816894531,58.22999954223633
2006-09-19,58.02000045776367,58.11000061035156,56.84000015258789,56.91999816894531
2006-09-20,57.810001373291016,58.2400016784668,57.20000076293945,57.2599983215332
2006-09-21,57.349998474121094,58.09000015258789,57.220001220703125,57.95000076293945
2006-09-22,58.70000076293945,58.75,57.9900016784668,58.5
2006-09-25,58.150001525878906,58.7599983215332,57.779998779296875,58.5
2006-09-26,58.5,58.970001220703125,58.25,58.7400016784668
2006-09-27,59.220001220703125,59.86000061035156,58.72999954223633,59.810001373291016
2006-09-28,59.880001068115234,60.27000045776367,59.56999969482422,59.790000915527344
2006-09-29,59.52000045776367,59.630001068115234,58.97999954223633,59.470001220703125
2006-10-02,59.79999923706055,59.880001068115234,59.029998779296875,59.150001525878906
2006-10-03,57.93000030517578,58.13999938964844,56.90999984741211,57.11000061035156
2006-10-04,57.470001220703125,57.52000045776367,55.54999923706055,56.369998931884766
2006-10-05,56.939998626708984,57.02000045776367,56.31999969482422,56.91999816894531
2006-10-06,56.279998779296875,57.02000045776367,55.630001068115234,56.9900016784668
2006-10-09,57.459999084472656,57.5,56.720001220703125,57.20000076293945
2006-10-10,56.54999923706055,57.279998779296875,56.47999954223633,57.0
2006-10-11,57.29999923706055,57.52000045776367,56.70000076293945,56.880001068115234
2006-10-12,56.7400016784668,57.4900016784668,56.650001525878906,57.4900016784668
2006-10-13,58.25,58.599998474121094,57.939998626708984,58.56999969482422
2006-10-16,58.93000030517578,59.18000030517578,58.720001220703125,59.16999816894531
2006-10-17,59.0,59.099998474121094,58.119998931884766,58.650001525878906
2006-10-18,58.81999969482422,59.029998779296875,58.2599983215332,58.59000015258789
2006-10-19,59.040000915527344,59.650001525878906,59.02000045776367,59.40999984741211
2006-10-20,59.45000076293945,59.47999954223633,58.650001525878906,58.779998779296875
2006-10-23,57.880001068115234,58.189998626708984,57.52000045776367,57.7599983215332
2006-10-24,57.20000076293945,58.2599983215332,56.869998931884766,58.16999816894531
2006-10-25,57.83000183105469,58.779998779296875,57.54999923706055,58.7599983215332
2006-10-26,59.029998779296875,59.45000076293945,58.97999954223633,59.290000915527344
2006-10-27,59.43000030517578,59.56999969482422,59.040000915527344,59.400001525878906
2006-10-30,60.04999923706055,60.650001525878906,59.880001068115234,59.900001525878906
2006-10-31,59.59000015258789,60.36000061035156,59.56999969482422,60.2400016784668
2006-11-01,61.029998779296875,61.54999923706055,60.68000030517578,61.36000061035156
2006-11-02,61.470001220703125,62.189998626708984,61.470001220703125,61.91999816894531
2006-11-03,61.810001373291016,62.5,61.650001525878906,62.29999923706055
2006-11-06,62.16999816894531,62.34000015258789,61.849998474121094,61.88999938964844
2006-11-07,62.349998474121094,62.47999954223633,61.970001220703125,62.040000915527344
2006-11-08,61.939998626708984,62.08000183105469,60.869998931884766,61.11000061035156
2006-11-09,62.119998931884766,63.130001068115234,61.939998626708984,62.95000076293945
2006-11-10,62.70000076293945,62.81999969482422,62.060001373291016,62.4900016784668
2006-11-13,61.93000030517578,62.25,61.77000045776367,62.189998626708984
2006-11-14,62.310001373291016,62.52000045776367,61.459999084472656,61.630001068115234
2006-11-15,61.34000015258789,62.06999969482422,61.25,61.84000015258789
2006-11-16,62.15999984741211,62.29999923706055,61.27000045776367,61.310001373291016
2006-11-17,61.400001525878906,61.779998779296875,61.34000015258789,61.779998779296875
2006-11-20,62.060001373291016,62.25,61.560001373291016,61.77000045776367
2006-11-21,62.25,62.52000045776367,62.029998779296875,62.27000045776367
2006-11-22,62.63999938964844,63.06999969482422,62.25,62.5
2006-11-24,63.47999954223633,63.68000030517578,63.310001373291016,63.5
2006-11-27,63.459999084472656,63.7400016784668,63.31999969482422,63.70000076293945
2006-11-28,63.599998474121094,63.709999084472656,62.81999969482422,63.56999969482422
2006-11-29,63.369998931884766,63.38999938964844,63.08000183105469,63.15999984741211
2006-11-30,64.06999969482422,64.43000030517578,63.900001525878906,64.38999938964844
2006-12-01,64.19999694824219,64.55000305175781,63.9900016784668,64.12000274658203
2006-12-04,64.02999877929688,64.13999938964844,63.560001373291016,64.12000274658203
2006-12-05,64.25,64.41999816894531,63.36000061035156,63.810001373291016
2006-12-06,63.08000183105469,63.45000076293945,62.290000915527344,62.689998626708984
2006-12-07,62.63999938964844,62.779998779296875,61.9900016784668,62.72999954223633
2006-12-08,63.08000183105469,63.34000015258789,61.869998931884766,62.04999923706055
2006-12-11,62.18000030517578,62.599998474121094,62.06999969482422,62.56999969482422
2006-12-12,62.40999984741211,62.560001373291016,62.16999816894531,62.52000045776367
2006-12-13,62.099998474121094,62.56999969482422,61.880001068115234,62.47999954223633
2006-12-14,62.290000915527344,62.470001220703125,62.040000915527344,62.119998931884766
2006-12-15,62.209999084472656,62.220001220703125,60.93000030517578,61.0
2006-12-18,60.849998474121094,61.11000061035156,60.650001525878906,61.040000915527344
2006-12-19,61.20000076293945,61.83000183105469,61.18000030517578,61.79999923706055
2006-12-20,61.63999938964844,61.79999923706055,61.45000076293945,61.619998931884766
2006-12-21,61.58000183105469,61.70000076293945,61.27000045776367,61.380001068115234
2006-12-22,61.45000076293945,61.79999923706055,61.31999969482422,61.650001525878906
2006-12-26,62.2400016784668,62.45000076293945,61.869998931884766,61.97999954223633
2006-12-27,62.29999923706055,62.459999084472656,62.16999816894531,62.220001220703125
2006-12-28,62.970001220703125,63.04999923706055,62.689998626708984,62.900001525878906
2006-12-29,62.90999984741211,63.25,62.880001068115234,63.209999084472656
2007-01-03,63.58000183105469,64.0199966430664,62.0,62.279998779296875
2007-01-04,62.06999969482422,62.5,61.52000045776367,61.650001525878906
2007-01-05,60.75,60.779998779296875,59.65999984741211,60.16999816894531
2007-01-08,60.380001068115234,60.540000915527344,59.849998474121094,60.47999954223633
2007-01-09,60.13999938964844,61.09000015258789,60.060001373291016,60.849998474121094
2007-01-10,60.459999084472656,60.81999969482422,60.060001373291016,60.59000015258789
2007-01-11,60.70000076293945,61.06999969482422,60.529998779296875,60.630001068115234
2007-01-12,61.0,62.279998779296875,60.900001525878906,62.16999816894531
2007-01-16,62.20000076293945,62.29999923706055,61.7400016784668,61.970001220703125
2007-01-17,61.970001220703125,62.900001525878906,61.970001220703125,62.63999938964844
2007-01-18,62.9900016784668,63.15999984741211,62.150001525878906,62.2599983215332
2007-01-19,62.52000045776367,63.130001068115234,62.27000045776367,63.0
2007-01-22,63.0099983215332,63.47999954223633,62.650001525878906,62.720001220703125
2007-01-23,63.68000030517578,64.29000091552734,63.66999816894531,64.2300033569336
2007-01-24,63.709999084472656,64.41000366210938,63.369998931884766,64.33000183105469
2007-01-25,64.80000305175781,64.87999725341797,63.97999954223633,64.05999755859375
2007-01-26,64.16000366210938,64.30999755859375,63.7599983215332,64.16999816894531
2007-01-29,63.849998474121094,64.29000091552734,63.65999984741211,63.77000045776367
2007-01-30,63.91999816894531,64.2300033569336,63.83000183105469,64.22000122070312
2007-01-31,63.9900016784668,64.9800033569336,63.95000076293945,64.83000183105469
2007-02-01,65.44999694824219,65.62999725341797,65.05999755859375,65.22000122070312
2007-02-02,64.76000213623047,64.80000305175781,63.79999923706055,64.27999877929688
2007-02-05,64.68000030517578,64.69000244140625,64.23999786376953,64.30999755859375
2007-02-06,65.05000305175781,65.0999984741211,64.52999877929688,64.79000091552734
2007-02-07,64.77999877929688,65.1500015258789,64.4800033569336,64.62999725341797
2007-02-08,64.91999816894531,65.61000061035156,64.83000183105469,65.5199966430664
2007-02-09,65.2699966430664,66.37999725341797,65.22000122070312,66.12000274658203
2007-02-12,66.0,66.11000061035156,65.41000366210938,65.66999816894531
2007-02-13,66.12999725341797,66.33999633789062,65.55000305175781,65.83999633789062
2007-02-14,66.2300033569336,66.66000366210938,65.97000122070312,66.37000274658203
2007-02-15,66.22000122070312,66.52999877929688,65.70999908447266,66.41000366210938
2007-02-16,65.94000244140625,66.38999938964844,65.76000213623047,66.36000061035156
2007-02-20,66.0999984741211,66.0999984741211,65.0,65.30999755859375
2007-02-21,65.30999755859375,67.70999908447266,65.19999694824219,67.3499984741211
2007-02-22,67.44000244140625,67.55999755859375,66.97000122070312,67.1500015258789
2007-02-23,67.3499984741211,68.29000091552734,67.3499984741211,67.72000122070312
2007-02-26,67.97000122070312,68.2300033569336,67.62999725341797,68.0999984741211
2007-02-27,67.33999633789062,68.33000183105469,65.06999969482422,65.41000366210938
2007-02-28,66.7300033569336,66.93000030517578,65.54000091552734,66.4800033569336
2007-03-01,66.2300033569336,66.75,65.58000183105469,65.81999969482422
2007-03-02,64.58999633789062,65.0,63.34000015258789,63.709999084472656
2007-03-05,63.119998931884766,63.779998779296875,62.619998931884766,62.93000030517578
2007-03-06,63.65999984741211,64.37000274658203,63.459999084472656,64.1500015258789
2007-03-07,64.13999938964844,64.63999938964844,63.54999923706055,64.30000305175781
2007-03-08,64.79000091552734,65.04000091552734,64.43000030517578,64.4800033569336
2007-03-09,64.81999969482422,65.22000122070312,64.1500015258789,64.25
2007-03-12,64.54000091552734,64.73999786376953,63.959999084472656,64.37000274658203
2007-03-13,64.29000091552734,64.69000244140625,63.56999969482422,63.720001220703125
2007-03-14,63.34000015258789,64.05999755859375,63.09000015258789,63.939998626708984
2007-03-15,64.02999877929688,64.45999908447266,63.880001068115234,63.97999954223633
2007-03-16,64.54000091552734,64.98999786376953,64.37999725341797,64.62000274658203
2007-03-19,64.87999725341797,64.94000244140625,64.62999725341797,64.73999786376953
2007-03-20,64.93000030517578,65.54000091552734,64.93000030517578,65.2699966430664
2007-03-21,65.54000091552734,65.9000015258789,65.12000274658203,65.81999969482422
2007-03-22,65.77999877929688,66.12999725341797,65.5999984741211,65.76000213623047
2007-03-23,65.79000091552734,65.9000015258789,64.9000015258789,65.1500015258789
2007-03-26,65.36000061035156,65.97000122070312,65.36000061035156,65.83999633789062
2007-03-27,65.87999725341797,65.97000122070312,65.5,65.69999694824219
2007-03-28,66.13999938964844,66.4800033569336,65.7699966430664,66.05000305175781
2007-03-29,65.97000122070312,66.0,64.93000030517578,65.6500015258789
2007-03-30,65.73999786376953,66.20999908447266,65.48999786376953,65.73999786376953
2007-04-02,65.73999786376953,66.13999938964844,65.02999877929688,65.8499984741211
2007-04-03,65.66999816894531,66.22000122070312,65.6500015258789,65.83000183105469
2007-04-04,66.08999633789062,66.9800033569336,66.0,66.80999755859375
2007-04-05,66.69999694824219,66.95999908447266,66.58999633789062,66.86000061035156
2007-04-09,66.87999725341797,67.19999694824219,66.45999908447266,66.52999877929688
2007-04-10,67.16000366210938,67.55000305175781,66.9800033569336,67.16000366210938
2007-04-11,67.26000213623047,67.5,66.80999755859375,67.08000183105469
2007-04-12,67.05999755859375,67.25,66.4800033569336,66.98999786376953
2007-04-13,67.48999786376953,67.97000122070312,67.19000244140625,67.83999633789062
2007-04-16,68.13999938964844,68.5,67.68000030517578,68.4000015258789
2007-04-17,68.30999755859375,68.4800033569336,67.9800033569336,68.0
2007-04-18,68.0999984741211,68.44999694824219,67.94999694824219,68.37999725341797
2007-04-19,68.0,68.04000091552734,67.25,67.52999877929688
2007-04-20,68.58000183105469,68.7300033569336,68.3499984741211,68.69999694824219
2007-04-23,68.41000366210938,68.6500015258789,68.04000091552734,68.26000213623047
2007-04-24,68.44999694824219,68.5,67.43000030517578,67.7300033569336
2007-04-25,67.8499984741211,68.05999755859375,67.66000366210938,67.88999938964844
2007-04-26,67.43000030517578,67.43000030517578,66.5,66.87000274658203
2007-04-27,66.83999633789062,67.56999969482422,66.83999633789062,67.55999755859375
2007-04-30,67.19999694824219,67.5199966430664,67.04000091552734,67.08999633789062
2007-05-01,66.9800033569336,67.0,66.54000091552734,66.69000244140625
2007-05-02,66.33999633789062,66.75,66.11000061035156,66.66000366210938
2007-05-03,66.87000274658203,67.62000274658203,66.68000030517578,67.48999786376953
2007-05-04,67.73999786376953,68.43000030517578,67.73999786376953,68.19000244140625
2007-05-07,68.41999816894531,68.45999908447266,68.0199966430664,68.25
2007-05-08,67.94999694824219,68.0199966430664,67.52999877929688,67.87999725341797
2007-05-09,67.80999755859375,67.83999633789062,66.91999816894531,67.44999694824219
2007-05-10,67.04000091552734,67.11000061035156,65.80000305175781,66.0
2007-05-11,66.12999725341797,66.66000366210938,66.12999725341797,66.44999694824219
2007-05-14,66.62999725341797,66.6500015258789,66.0,66.27999877929688
2007-05-15,65.88999938964844,66.7300033569336,65.87999725341797,66.54000091552734
2007-05-16,66.37000274658203,66.37000274658203,65.31999969482422,65.5999984741211
2007-05-17,65.44000244140625,65.5999984741211,64.72000122070312,65.05999755859375
2007-05-18,65.06999969482422,65.66999816894531,64.8499984741211,65.5199966430664
2007-05-21,65.29000091552734,65.76000213623047,65.05999755859375,65.66999816894531
2007-05-22,65.69999694824219,65.81999969482422,65.16000366210938,65.19999694824219
2007-05-23,65.5199966430664,65.88999938964844,65.44999694824219,65.54000091552734
2007-05-24,65.45999908447266,65.45999908447266,64.5199966430664,64.75
2007-05-25,64.95999908447266,65.08000183105469,64.7300033569336,64.94000244140625
2007-05-29,65.12000274658203,65.56999969482422,64.94000244140625,65.06999969482422
2007-05-30,64.86000061035156,64.86000061035156,64.5999984741211,64.72000122070312
2007-05-31,65.16000366210938,65.58000183105469,65.06999969482422,65.54000091552734
2007-06-01,65.69999694824219,66.54000091552734,65.69999694824219,66.44000244140625
2007-06-04,66.61000061035156,66.76000213623047,66.30000305175781,66.54000091552734
2007-06-05,66.69999694824219,66.69999694824219,66.2300033569336,66.37000274658203
2007-06-06,66.11000061035156,66.55000305175781,65.87999725341797,66.41000366210938
2007-06-07,66.2699966430664,66.4000015258789,65.16000366210938,65.26000213623047
2007-06-08,64.87999725341797,65.0199966430664,63.7400016784668,64.22000122070312
2007-06-11,64.33999633789062,64.87000274658203,64.33999633789062,64.69999694824219
2007-06-12,64.5199966430664,64.52999877929688,63.90999984741211,64.0999984741211
2007-06-13,63.95000076293945,64.6500015258789,63.900001525878906,64.52999877929688
2007-06-14,64.16000366210938,64.80000305175781,63.95000076293945,64.5999984741211
2007-06-15,64.43000030517578,64.94000244140625,64.4000015258789,64.8499984741211
2007-06-18,65.19000244140625,65.25,64.81999969482422,64.94999694824219
2007-06-19,64.79000091552734,65.55999755859375,64.75,65.4800033569336
2007-06-20,65.41999816894531,65.51000213623047,64.5999984741211,64.70999908447266
2007-06-21,64.7300033569336,65.0199966430664,64.12999725341797,64.55999755859375
2007-06-22,64.9000015258789,64.9800033569336,64.43000030517578,64.77999877929688
2007-06-25,64.4800033569336,64.73999786376953,64.22000122070312,64.43000030517578
2007-06-26,64.19999694824219,64.25,63.38999938964844,63.619998931884766
2007-06-27,63.540000915527344,63.88999938964844,63.43000030517578,63.66999816894531
2007-06-28,63.97999954223633,64.37999725341797,63.90999984741211,64.26000213623047
2007-06-29,64.29000091552734,64.63999938964844,64.1500015258789,64.2699966430664
2007-07-02,64.51000213623047,65.2300033569336,64.51000213623047,65.0199966430664
2007-07-03,65.05999755859375,65.05999755859375,64.58000183105469,64.73999786376953
2007-07-05,64.98999786376953,65.0,63.91999816894531,64.41999816894531
2007-07-06,64.18000030517578,64.97000122070312,63.880001068115234,64.95999908447266
2007-07-09,65.0,65.68000030517578,64.98999786376953,65.37999725341797
2007-07-10,65.69999694824219,65.86000061035156,65.36000061035156,65.61000061035156
2007-07-11,65.81999969482422,65.81999969482422,65.33999633789062,65.44000244140625
2007-07-12,65.88999938964844,66.29000091552734,65.44999694824219,66.0199966430664
2007-07-13,66.08000183105469,66.2300033569336,65.66999816894531,66.02999877929688
2007-07-16,66.19000244140625,66.19000244140625,65.66999816894531,65.81999969482422
2007-07-17,65.66000366210938,66.08000183105469,65.6500015258789,65.75
2007-07-18,66.11000061035156,66.80000305175781,65.9000015258789,66.62000274658203
2007-07-19,66.69999694824219,67.12000274658203,66.61000061035156,67.01000213623047
2007-07-20,67.12999725341797,68.0,67.12000274658203,67.58000183105469
2007-07-23,67.80000305175781,67.80000305175781,67.30999755859375,67.47000122070312
2007-07-24,67.72000122070312,68.0,67.30000305175781,67.47000122070312
2007-07-25,67.19000244140625,67.22000122070312,66.3499984741211,66.9000015258789
2007-07-26,66.45999908447266,66.80000305175781,64.7300033569336,65.6500015258789
2007-07-27,65.27999877929688,65.61000061035156,64.97000122070312,65.41000366210938
2007-07-30,65.37000274658203,65.91999816894531,65.06999969482422,65.7699966430664
2007-07-31,66.18000030517578,66.38999938964844,65.12000274658203,65.79000091552734
2007-08-01,65.5,66.05999755859375,65.37999725341797,65.93000030517578
2007-08-02,65.95999908447266,66.01000213623047,65.55000305175781,65.88999938964844
2007-08-03,65.8499984741211,66.91999816894531,65.8499984741211,66.69000244140625
2007-08-06,66.66000366210938,66.66999816894531,66.20999908447266,66.5199966430664
2007-08-07,66.08999633789062,66.58000183105469,65.91000366210938,66.4800033569336
2007-08-08,66.7300033569336,67.54000091552734,66.18000030517578,66.7699966430664
2007-08-09,65.94999694824219,65.94999694824219,65.23999786376953,65.45999908447266
2007-08-10,65.44000244140625,66.95999908447266,65.44000244140625,66.56999969482422
2007-08-13,66.44999694824219,66.5199966430664,66.18000030517578,66.26000213623047
2007-08-14,66.25,66.5,65.94999694824219,66.29000091552734
2007-08-15,65.77999877929688,66.43000030517578,65.56999969482422,66.12999725341797
2007-08-16,65.48999786376953,65.80999755859375,63.470001220703125,64.68000030517578
2007-08-17,64.55999755859375,65.7300033569336,64.55999755859375,65.01000213623047
2007-08-20,65.05999755859375,65.4000015258789,64.77999877929688,65.12000274658203
2007-08-21,65.18000030517578,65.30000305175781,64.7300033569336,65.06999969482422
2007-08-22,65.22000122070312,65.52999877929688,65.16999816894531,65.4000015258789
2007-08-23,65.63999938964844,65.80000305175781,65.12999725341797,65.30999755859375
2007-08-24,65.41999816894531,66.20999908447266,65.30999755859375,66.11000061035156
2007-08-27,66.01000213623047,66.05000305175781,65.86000061035156,65.9800033569336
2007-08-28,65.94999694824219,66.0999984741211,65.4800033569336,65.58999633789062
2007-08-29,65.88999938964844,66.19999694824219,65.7300033569336,66.06999969482422
2007-08-30,65.87000274658203,66.0999984741211,65.62999725341797,65.80000305175781
2007-08-31,66.61000061035156,66.7699966430664,66.45999908447266,66.5199966430664
2007-09-04,66.73999786376953,67.66000366210938,66.58999633789062,67.44000244140625
2007-09-05,67.3499984741211,67.62000274658203,67.18000030517578,67.55999755859375
2007-09-06,67.91999816894531,69.08000183105469,67.88999938964844,68.86000061035156
2007-09-07,69.26000213623047,70.0,69.0,69.38999938964844
2007-09-10,69.95999908447266,69.95999908447266,68.7300033569336,69.62000274658203
2007-09-11,69.86000061035156,70.69999694824219,69.5199966430664,70.5199966430664
2007-09-12,70.5,70.62999725341797,69.83000183105469,70.45999908447266
2007-09-13,70.06999969482422,70.26000213623047,69.61000061035156,70.08000183105469
2007-09-14,69.9000015258789,70.97000122070312,69.86000061035156,69.98999786376953
2007-09-17,70.4000015258789,71.23999786376953,70.3499984741211,70.97000122070312
2007-09-18,71.19999694824219,72.0,70.4000015258789,71.69999694824219
2007-09-19,71.73999786376953,71.80000305175781,71.25,71.43000030517578
2007-09-20,72.1500015258789,73.0999984741211,71.94999694824219,72.72000122070312
2007-09-21,72.6500015258789,73.0,71.47000122070312,72.33999633789062
2007-09-24,72.56999969482422,72.62999725341797,71.81999969482422,72.27999877929688
2007-09-25,71.81999969482422,72.58999633789062,71.63999938964844,72.33000183105469
2007-09-26,72.25,72.93000030517578,71.8499984741211,72.0
2007-09-27,72.6500015258789,72.80000305175781,72.16999816894531,72.69999694824219
2007-09-28,73.19000244140625,73.80000305175781,72.73999786376953,73.51000213623047
2007-10-01,73.48999786376953,73.9800033569336,73.29000091552734,73.9000015258789
2007-10-02,72.44999694824219,72.68000030517578,71.62999725341797,72.3499984741211
2007-10-03,72.25,72.6500015258789,71.3499984741211,71.9000015258789
2007-10-04,71.80000305175781,73.05999755859375,71.23999786376953,72.87000274658203
2007-10-05,72.80000305175781,73.63999938964844,71.87999725341797,73.4000015258789
2007-10-08,72.66000366210938,72.88999938964844,72.27999877929688,72.52999877929688
2007-10-09,72.29000091552734,73.30000305175781,72.0999984741211,73.08999633789062
2007-10-10,73.5999984741211,73.81999969482422,72.62999725341797,73.36000061035156
2007-10-11,73.9800033569336,74.58999633789062,73.27999877929688,73.91000366210938
2007-10-12,73.93000030517578,74.58999633789062,73.75,74.58999633789062
2007-10-15,74.98999786376953,75.19999694824219,74.48999786376953,75.13999938964844
2007-10-16,74.87000274658203,75.44999694824219,73.77999877929688,75.12000274658203
2007-10-17,75.30999755859375,75.66000366210938,74.30999755859375,74.5
2007-10-18,75.37999725341797,76.0,75.33000183105469,76.0
2007-10-19,76.08999633789062,76.29000091552734,74.54000091552734,75.69999694824219
2007-10-22,74.08999633789062,74.7699966430664,73.83999633789062,74.5999984741211
2007-10-23,75.11000061035156,75.26000213623047,74.62999725341797,75.2300033569336
2007-10-24,74.83999633789062,75.58999633789062,74.79000091552734,75.5199966430664
2007-10-25,75.94000244140625,76.16999816894531,75.66000366210938,76.02999877929688
2007-10-26,76.87000274658203,77.73999786376953,76.66999816894531,77.69000244140625
2007-10-29,78.2699966430664,78.31999969482422,77.6500015258789,78.12000274658203
2007-10-30,77.66000366210938,77.66000366210938,77.01000213623047,77.3499984741211
2007-10-31,77.77999877929688,78.94999694824219,76.88999938964844,78.62000274658203
2007-11-01,78.4000015258789,78.9000015258789,77.5,77.93000030517578
2007-11-02,78.55000305175781,79.9000015258789,77.4800033569336,79.83000183105469
2007-11-05,79.68000030517578,80.23999786376953,79.11000061035156,79.75
2007-11-06,81.02999877929688,81.5199966430664,80.69999694824219,81.43000030517578
2007-11-07,83.20999908447266,83.23999786376953,81.33000183105469,82.23999786376953
2007-11-08,82.43000030517578,83.62999725341797,81.7300033569336,82.2300033569336
2007-11-09,81.79000091552734,82.62999725341797,81.22000122070312,82.18000030517578
2007-11-12,80.41000366210938,80.44000244140625,78.25,78.30000305175781
2007-11-13,79.4000015258789,79.93000030517578,77.86000061035156,79.12000274658203
2007-11-14,80.20999908447266,80.68000030517578,79.91000366210938,80.27999877929688
2007-11-15,79.18000030517578,79.5,77.30000305175781,77.94999694824219
2007-11-16,78.33999633789062,78.8499984741211,77.16999816894531,77.75
2007-11-19,77.83999633789062,78.0,76.11000061035156,77.23999786376953
2007-11-20,78.02999877929688,80.04000091552734,77.30000305175781,79.47000122070312
2007-11-21,79.30000305175781,79.55000305175781,78.55999755859375,79.36000061035156
2007-11-23,80.04000091552734,81.61000061035156,80.0199966430664,81.25
2007-11-26,82.25,82.25,81.12999725341797,81.30000305175781
2007-11-27,80.69999694824219,80.88999938964844,79.80999755859375,80.0999984741211
2007-11-28,79.41999816894531,79.87000274658203,78.76000213623047,79.56999969482422
2007-11-29,79.27999877929688,79.33000183105469,78.27999877929688,78.27999877929688
2007-11-30,78.3499984741211,78.5999984741211,76.9800033569336,77.31999969482422
2007-12-03,77.38999938964844,78.30000305175781,77.30000305175781,78.27999877929688
2007-12-04,78.62999725341797,79.62000274658203,78.56999969482422,79.4000015258789
2007-12-05,79.25,79.25,78.19000244140625,78.62999725341797
2007-12-06,77.91999816894531,79.6500015258789,77.80000305175781,79.37000274658203
2007-12-07,79.01000213623047,79.5999984741211,78.19000244140625,78.5999984741211
2007-12-10,79.1500015258789,80.30000305175781,79.12999725341797,80.0
2007-12-11,79.75,80.45999908447266,78.68000030517578,78.83999633789062
2007-12-12,80.05000305175781,80.91999816894531,79.94000244140625,80.48999786376953
2007-12-13,79.58999633789062,79.62000274658203,78.30000305175781,78.5
2007-12-14,78.41000366210938,78.56999969482422,77.81999969482422,78.5199966430664
2007-12-17,78.12999725341797,78.79000091552734,77.80999755859375,78.12999725341797
2007-12-18,79.58999633789062,79.58999633789062,78.81999969482422,79.25
2007-12-19,79.2300033569336,79.56999969482422,78.9800033569336,79.23999786376953
2007-12-20,78.91000366210938,79.11000061035156,78.36000061035156,78.66999816894531
2007-12-21,80.16000366210938,80.31999969482422,79.91999816894531,80.0999984741211
2007-12-24,80.20999908447266,80.62999725341797,80.13999938964844,80.13999938964844
2007-12-26,81.05999755859375,81.66999816894531,81.0,81.5199966430664
2007-12-27,81.87999725341797,82.16999816894531,81.37000274658203,81.55999755859375
2007-12-28,82.37999725341797,83.0199966430664,82.3499984741211,83.0
2007-12-31,82.73999786376953,82.83000183105469,81.9800033569336,82.45999908447266
2008-01-02,83.55999755859375,85.13999938964844,83.44000244140625,84.86000061035156
2008-01-03,84.87000274658203,85.94000244140625,84.5999984741211,85.56999969482422
2008-01-04,85.33999633789062,85.55000305175781,84.43000030517578,85.12999725341797
2008-01-07,85.23999786376953,85.26000213623047,84.56999969482422,84.7699966430664
2008-01-08,86.27999877929688,87.12999725341797,86.16000366210938,86.77999877929688
2008-01-09,86.55999755859375,87.19999694824219,86.30000305175781,86.55000305175781
2008-01-10,86.41999816894531,88.45999908447266,86.41000366210938,88.25
2008-01-11,88.04000091552734,88.76000213623047,87.8499984741211,88.58000183105469
2008-01-14,89.44999694824219,89.94000244140625,89.0,89.54000091552734
2008-01-15,89.5999984741211,90.3499984741211,87.91000366210938,87.98999786376953
2008-01-16,88.16999816894531,88.66000366210938,86.31999969482422,86.69999694824219
2008-01-17,87.5,87.9800033569336,86.47000122070312,86.5
2008-01-18,87.16999816894531,87.45999908447266,86.51000213623047,87.41999816894531
2008-01-22,86.13999938964844,88.44000244140625,85.7699966430664,88.16999816894531
2008-01-23,87.16000366210938,88.66999816894531,86.7300033569336,87.88999938964844
2008-01-24,89.72000122070312,90.25,89.12999725341797,90.08000183105469
2008-01-25,90.93000030517578,91.08000183105469,89.5,90.30000305175781
2008-01-28,90.95999908447266,91.88999938964844,90.75,91.75
2008-01-29,91.36000061035156,91.72000122070312,90.80999755859375,91.1500015258789
2008-01-30,90.70999908447266,92.58000183105469,90.44999694824219,92.05999755859375
2008-01-31,90.91999816894531,91.66000366210938,90.73999786376953,91.4000015258789
2008-02-01,91.75,91.87000274658203,89.22000122070312,89.3499984741211
2008-02-04,88.51000213623047,89.5199966430664,88.05000305175781,89.0999984741211
2008-02-05,87.9000015258789,88.69000244140625,87.30000305175781,87.68000030517578
2008-02-06,89.0,89.6500015258789,88.75,88.94999694824219
2008-02-07,88.94999694824219,89.94000244140625,88.80999755859375,89.8499984741211
2008-02-08,90.0,91.0,89.98999786376953,91.0
2008-02-11,91.04000091552734,91.45999908447266,90.44000244140625,91.33000183105469
2008-02-12,90.83000183105469,91.4000015258789,89.0999984741211,89.33000183105469
2008-02-13,88.87999725341797,89.98999786376953,88.66999816894531,89.44000244140625
2008-02-14,89.37000274658203,90.11000061035156,89.3499984741211,89.70999908447266
2008-02-15,90.30000305175781,90.31999969482422,88.62999725341797,89.1500015258789
2008-02-19,91.2300033569336,91.94000244140625,90.9800033569336,91.58000183105469
2008-02-20,90.83999633789062,93.30999755859375,90.75,93.23999786376953
2008-02-21,93.44000244140625,94.22000122070312,93.0199966430664,93.25
2008-02-22,93.55999755859375,93.72000122070312,92.3499984741211,93.38999938964844
2008-02-25,93.70999908447266,93.70999908447266,92.11000061035156,92.73999786376953
2008-02-26,92.43000030517578,93.97000122070312,92.18000030517578,93.70999908447266
2008-02-27,94.55999755859375,94.94000244140625,93.97000122070312,94.77999877929688
2008-02-28,94.91999816894531,96.08000183105469,94.47000122070312,95.98999786376953
2008-02-29,95.81999969482422,96.23999786376953,95.22000122070312,96.18000030517578
2008-03-03,97.5199966430664,97.73999786376953,96.68000030517578,97.23999786376953
2008-03-04,97.27999877929688,97.44999694824219,94.38999938964844,95.18000030517578
2008-03-05,96.0999984741211,98.1500015258789,95.93000030517578,97.72000122070312
2008-03-06,96.9800033569336,97.29000091552734,95.26000213623047,96.5
2008-03-07,96.5999984741211,96.68000030517578,95.72000122070312,96.08999633789062
2008-03-10,95.0,96.33999633789062,94.87999725341797,95.87000274658203
2008-03-11,96.5199966430664,96.9800033569336,95.19000244140625,95.98999786376953
2008-03-12,96.58000183105469,97.37999725341797,96.23999786376953,97.01000213623047
2008-03-13,98.5,98.7300033569336,97.7300033569336,98.33999633789062
2008-03-14,98.02999877929688,99.52999877929688,98.01000213623047,98.70999908447266
2008-03-17,99.31999969482422,100.44000244140625,98.0,99.16999816894531
2008-03-18,99.3499984741211,99.51000213623047,96.3499984741211,96.5
2008-03-19,95.6500015258789,96.0,92.5,93.04000091552734
2008-03-20,90.7300033569336,91.6500015258789,89.80000305175781,89.91000366210938
2008-03-24,90.6500015258789,91.51000213623047,89.77999877929688,90.0999984741211
2008-03-25,91.91000366210938,92.79000091552734,91.27999877929688,92.7300033569336
2008-03-26,93.11000061035156,94.0,93.05999755859375,93.80000305175781
2008-03-27,93.51000213623047,94.08999633789062,92.94999694824219,93.45999908447266
2008-03-28,91.95999908447266,92.44999694824219,91.11000061035156,91.87999725341797
2008-03-31,92.55999755859375,92.6500015258789,89.95999908447266,90.41000366210938
2008-04-01,87.86000061035156,88.30999755859375,86.05000305175781,86.86000061035156
2008-04-02,87.27999877929688,89.76000213623047,87.22000122070312,89.2699966430664
2008-04-03,88.58999633789062,89.75,87.63999938964844,89.41999816894531
2008-04-04,89.4800033569336,90.33999633789062,89.30999755859375,90.25
2008-04-07,90.7300033569336,91.75,90.5999984741211,91.16999816894531
2008-04-08,90.04000091552734,90.48999786376953,89.72000122070312,90.3499984741211
2008-04-09,90.30000305175781,92.37000274658203,90.23999786376953,92.29000091552734
2008-04-10,92.31999969482422,92.55999755859375,90.97000122070312,91.7699966430664
2008-04-11,91.41000366210938,91.83000183105469,90.55000305175781,91.30000305175781
2008-04-14,91.31999969482422,91.9800033569336,91.05999755859375,91.11000061035156
2008-04-15,91.7300033569336,91.91000366210938,91.37999725341797,91.66000366210938
2008-04-16,93.19000244140625,93.70999908447266,93.01000213623047,93.2699966430664
2008-04-17,93.30999755859375,93.51000213623047,92.4800033569336,92.55999755859375
2008-04-18,89.72000122070312,90.69999694824219,88.95999908447266,90.62000274658203
2008-04-21,90.79000091552734,90.87000274658203,89.88999938964844,90.25
2008-04-22,90.41999816894531,91.3499984741211,90.12000274658203,90.2699966430664
2008-04-23,89.0,89.55000305175781,88.44000244140625,89.22000122070312
2008-04-24,88.26000213623047,89.91000366210938,87.0999984741211,87.22000122070312
2008-04-25,88.33000183105469,88.41999816894531,87.19000244140625,87.2699966430664
2008-04-28,87.87999725341797,88.4000015258789,87.66999816894531,87.69000244140625
2008-04-29,86.7300033569336,86.9000015258789,85.54000091552734,85.80999755859375
2008-04-30,86.0999984741211,86.79000091552734,85.11000061035156,86.6500015258789
2008-05-01,84.51000213623047,84.55999755859375,83.56999969482422,83.98999786376953
2008-05-02,83.95999908447266,84.79000091552734,83.95999908447266,84.58000183105469
2008-05-05,85.68000030517578,86.29000091552734,85.29000091552734,86.2699966430664
2008-05-06,86.33000183105469,87.1500015258789,86.33000183105469,86.62999725341797
2008-05-07,85.47000122070312,86.0999984741211,85.19999694824219,85.81999969482422
2008-05-08,86.76000213623047,87.4000015258789,86.41999816894531,87.23999786376953
2008-05-09,87.37000274658203,87.58999633789062,85.83999633789062,87.41999816894531
2008-05-12,86.91999816894531,87.63999938964844,86.79000091552734,86.98999786376953
2008-05-13,85.12000274658203,86.13999938964844,84.91999816894531,85.38999938964844
2008-05-14,85.7300033569336,85.80999755859375,85.0999984741211,85.19999694824219
2008-05-15,87.12999725341797,87.5999984741211,86.2300033569336,87.0
2008-05-16,88.5199966430664,89.30000305175781,88.0199966430664,89.0999984741211
2008-05-19,89.56999969482422,89.69999694824219,88.87000274658203,89.38999938964844
2008-05-20,89.61000061035156,91.16999816894531,89.55999755859375,90.9000015258789
2008-05-21,90.61000061035156,92.11000061035156,90.61000061035156,91.95999908447266
2008-05-22,91.19999694824219,91.62999725341797,90.5,90.9800033569336
2008-05-23,91.33000183105469,92.0,90.95999908447266,91.2300033569336
2008-05-27,89.83999633789062,89.87000274658203,89.16000366210938,89.36000061035156
2008-05-28,88.48999786376953,89.19000244140625,88.3499984741211,89.13999938964844
2008-05-29,86.94000244140625,87.5999984741211,86.0999984741211,86.51000213623047
2008-05-30,87.33999633789062,87.69000244140625,86.95999908447266,87.44999694824219
2008-06-02,87.47000122070312,88.55000305175781,87.44000244140625,87.95999908447266
2008-06-03,86.6500015258789,87.3499984741211,86.5199966430664,86.87999725341797
2008-06-04,87.08999633789062,87.41999816894531,86.55999755859375,86.6500015258789
2008-06-05,85.97000122070312,86.80999755859375,85.66000366210938,86.44999694824219
2008-06-06,87.79000091552734,89.05999755859375,87.69000244140625,89.05999755859375
2008-06-09,88.54000091552734,89.23999786376953,87.83999633789062,87.98999786376953
2008-06-10,86.27999877929688,86.76000213623047,85.11000061035156,85.55000305175781
2008-06-11,86.56999969482422,87.0999984741211,86.3499984741211,87.0199966430664
2008-06-12,85.19000244140625,86.06999969482422,84.83000183105469,85.5999984741211
2008-06-13,85.33000183105469,86.0199966430664,85.04000091552734,85.83000183105469
2008-06-16,88.19999694824219,88.19999694824219,86.97000122070312,87.01000213623047
2008-06-17,86.72000122070312,87.5199966430664,86.69999694824219,87.25
2008-06-18,87.66000366210938,88.41000366210938,87.12999725341797,88.27999877929688
2008-06-19,89.37000274658203,89.5,88.38999938964844,88.41999816894531
2008-06-20,88.81999969482422,89.61000061035156,88.7699966430664,88.94999694824219
2008-06-23,87.01000213623047,87.4000015258789,86.73999786376953,87.08999633789062
2008-06-24,87.30000305175781,88.23999786376953,87.23999786376953,87.47000122070312
2008-06-25,87.43000030517578,87.58000183105469,86.12999725341797,87.41999816894531
2008-06-26,89.5,90.86000061035156,89.5,90.61000061035156
2008-06-27,90.9800033569336,91.81999969482422,90.6500015258789,91.47000122070312
2008-06-30,91.88999938964844,91.9000015258789,90.52999877929688,91.4000015258789
2008-07-01,92.52999877929688,93.3499984741211,92.33999633789062,92.66000366210938
2008-07-02,92.27999877929688,93.33000183105469,92.12999725341797,93.16999816894531
2008-07-03,92.16999816894531,92.68000030517578,91.68000030517578,92.05999755859375
2008-07-07,90.56999969482422,91.6500015258789,90.16000366210938,91.2300033569336
2008-07-08,90.55000305175781,91.1500015258789,89.93000030517578,90.86000061035156
2008-07-09,90.87999725341797,91.63999938964844,90.86000061035156,91.5
2008-07-10,92.4000015258789,93.5999984741211,92.3499984741211,93.52999877929688
2008-07-11,95.02999877929688,95.5,94.25,95.16000366210938
2008-07-14,95.08999633789062,96.19999694824219,94.91999816894531,95.91000366210938
2008-07-15,96.55000305175781,97.5,95.43000030517578,96.16999816894531
2008-07-16,96.2699966430664,96.5,94.33999633789062,94.44000244140625
2008-07-17,94.69999694824219,96.51000213623047,94.06999969482422,94.22000122070312
2008-07-18,94.22000122070312,94.93000030517578,94.0199966430664,94.16999816894531
2008-07-21,94.75,95.1500015258789,94.44999694824219,95.12000274658203
2008-07-22,95.7300033569336,95.86000061035156,92.94000244140625,93.05999755859375
2008-07-23,92.63999938964844,92.79000091552734,90.44000244140625,90.56999969482422
2008-07-24,91.08000183105469,91.62000274658203,90.25,91.33000183105469
2008-07-25,91.02999877929688,91.7300033569336,90.52999877929688,91.69000244140625
2008-07-28,91.38999938964844,92.0,90.94000244140625,91.7300033569336
2008-07-29,91.2300033569336,91.2699966430664,90.08999633789062,90.58999633789062
2008-07-30,88.86000061035156,89.72000122070312,88.08000183105469,89.5199966430664
2008-07-31,91.05000305175781,91.13999938964844,89.87000274658203,90.08000183105469
2008-08-01,89.5,90.44999694824219,89.37000274658203,89.56999969482422
2008-08-04,89.08000183105469,89.68000030517578,88.04000091552734,88.13999938964844
2008-08-05,87.27999877929688,87.41000366210938,85.94000244140625,86.08000183105469
2008-08-06,86.80000305175781,87.0,86.01000213623047,86.63999938964844
2008-08-07,86.63999938964844,86.77999877929688,85.51000213623047,86.08999633789062
2008-08-08,84.3499984741211,84.68000030517578,83.83000183105469,84.43000030517578
2008-08-11,84.45999908447266,84.48999786376953,80.5999984741211,81.12999725341797
2008-08-12,80.73999786376953,81.01000213623047,79.55000305175781,80.5199966430664
2008-08-13,80.58999633789062,81.8499984741211,80.38999938964844,81.55999755859375
2008-08-14,80.70999908447266,81.0999984741211,79.27999877929688,79.3499984741211
2008-08-15,78.0,78.31999969482422,76.61000061035156,77.62999725341797
2008-08-18,78.52999877929688,79.16999816894531,77.80999755859375,78.80000305175781
2008-08-19,77.91999816894531,80.5199966430664,77.69999694824219,80.43000030517578
2008-08-20,80.1500015258789,80.66000366210938,78.80999755859375,80.05999755859375
2008-08-21,82.01000213623047,84.54000091552734,81.75,82.30000305175781
2008-08-22,81.48999786376953,81.95999908447266,80.94000244140625,81.08000183105469
2008-08-25,81.0999984741211,81.33999633789062,80.55999755859375,80.93000030517578
2008-08-26,80.61000061035156,81.8499984741211,80.5999984741211,81.2300033569336
2008-08-27,81.88999938964844,82.05000305175781,81.0,81.36000061035156
2008-08-28,83.05999755859375,83.12999725341797,81.2699966430664,82.18000030517578
2008-08-29,82.30999755859375,82.47000122070312,81.58000183105469,81.70999908447266
2008-09-02,78.16000366210938,79.79000091552734,77.9800033569336,79.19999694824219
2008-09-03,79.19000244140625,79.69000244140625,78.33999633789062,78.88999938964844
2008-09-04,79.69999694824219,79.77999877929688,78.13999938964844,78.38999938964844
2008-09-05,80.08000183105469,80.2699966430664,78.16999816894531,78.9800033569336
2008-09-08,80.0999984741211,80.3499984741211,78.47000122070312,78.86000061035156
2008-09-09,77.38999938964844,77.81999969482422,76.23999786376953,76.48999786376953
2008-09-10,76.87999725341797,76.93000030517578,74.0999984741211,74.22000122070312
2008-09-11,73.61000061035156,73.93000030517578,72.51000213623047,73.08000183105469
2008-09-12,74.26000213623047,75.58000183105469,73.4800033569336,75.55000305175781
2008-09-15,76.63999938964844,77.7300033569336,76.0,77.55999755859375
2008-09-16,76.69000244140625,77.29000091552734,76.30000305175781,76.79000091552734
2008-09-17,77.11000061035156,85.5999984741211,77.08999633789062,85.45999908447266
2008-09-18,85.48999786376953,90.77999877929688,81.9000015258789,82.80000305175781
2008-09-19,85.58000183105469,86.44000244140625,84.0,85.9800033569336
2008-09-22,86.8499984741211,89.54000091552734,86.80999755859375,89.18000030517578
2008-09-23,88.87000274658203,89.0999984741211,86.72000122070312,88.31999969482422
2008-09-24,88.68000030517578,88.76000213623047,86.69999694824219,86.70999908447266
2008-09-25,87.12000274658203,87.80000305175781,85.01000213623047,86.44999694824219
2008-09-26,87.02999877929688,90.16999816894531,86.58999633789062,86.63999938964844
2008-09-29,87.05999755859375,92.0,86.97000122070312,89.56999969482422
2008-09-30,87.30999755859375,87.36000061035156,84.20999908447266,85.06999969482422
2008-10-01,86.2300033569336,88.05000305175781,85.18000030517578,85.97000122070312
2008-10-02,84.55999755859375,84.66000366210938,81.62000274658203,82.33000183105469
2008-10-03,81.2300033569336,83.44000244140625,81.05000305175781,82.58999633789062
2008-10-06,85.83999633789062,86.44999694824219,84.25,84.27999877929688
2008-10-07,87.18000030517578,87.69999694824219,85.52999877929688,87.2699966430664
2008-10-08,90.69000244140625,90.83999633789062,88.05000305175781,89.41999816894531
2008-10-09,87.29000091552734,90.58000183105469,86.54000091552734,89.9000015258789
2008-10-10,89.58999633789062,90.72000122070312,81.37999725341797,83.22000122070312
2008-10-13,83.61000061035156,83.9000015258789,80.91999816894531,81.98999786376953
2008-10-14,82.4000015258789,83.30999755859375,81.61000061035156,82.19999694824219
2008-10-15,82.19999694824219,84.38999938964844,82.08000183105469,83.30999755859375
2008-10-16,82.4000015258789,82.5,77.22000122070312,79.29000091552734
2008-10-17,77.12000274658203,80.77999877929688,75.0,77.20999908447266
2008-10-20,77.7699966430664,78.55999755859375,77.2699966430664,78.5
2008-10-21,75.9000015258789,76.94000244140625,74.88999938964844,76.02999877929688
2008-10-22,74.44000244140625,74.44999694824219,66.0,71.70999908447266
2008-10-23,69.63999938964844,72.19000244140625,69.5,70.6500015258789
2008-10-24,69.30000305175781,73.93000030517578,69.06999969482422,72.20999908447266
2008-10-27,71.12999725341797,73.61000061035156,70.72000122070312,72.18000030517578
2008-10-28,73.02999877929688,73.80000305175781,71.69999694824219,73.79000091552734
2008-10-29,75.05000305175781,76.36000061035156,73.61000061035156,74.0
2008-10-30,74.88999938964844,75.25,72.12999725341797,72.70999908447266
2008-10-31,72.62000274658203,72.87000274658203,70.5999984741211,71.33999633789062
2008-11-03,71.55000305175781,72.16999816894531,71.05999755859375,71.0999984741211
2008-11-04,73.1500015258789,75.69000244140625,72.8499984741211,75.4800033569336
2008-11-05,74.31999969482422,75.18000030517578,72.37999725341797,72.80000305175781
2008-11-06,74.36000061035156,74.9800033569336,71.66999816894531,72.22000122070312
2008-11-07,72.58999633789062,73.08999633789062,72.05000305175781,72.5
2008-11-10,74.80000305175781,74.91999816894531,72.95999908447266,73.58000183105469
2008-11-11,72.55999755859375,72.66000366210938,71.55000305175781,72.05000305175781
2008-11-12,71.44999694824219,71.88999938964844,69.7699966430664,70.0
2008-11-13,70.48999786376953,72.36000061035156,68.80999755859375,72.1500015258789
2008-11-14,73.38999938964844,74.26000213623047,72.76000213623047,73.30000305175781
2008-11-17,72.43000030517578,73.80000305175781,72.1500015258789,72.6500015258789
2008-11-18,72.37999725341797,73.45999908447266,72.12999725341797,72.51000213623047
2008-11-19,73.41999816894531,75.19000244140625,72.0,72.26000213623047
2008-11-20,73.1500015258789,74.19999694824219,72.43000030517578,73.44999694824219
2008-11-21,76.0,79.0,75.44999694824219,78.8499984741211
2008-11-24,80.44999694824219,81.72000122070312,80.37999725341797,80.91000366210938
2008-11-25,81.33999633789062,81.37999725341797,79.27999877929688,80.87000274658203
2008-11-26,80.5199966430664,80.7699966430664,79.33000183105469,80.37999725341797
2008-11-28,80.04000091552734,80.75,79.80000305175781,80.30999755859375
2008-12-01,77.1500015258789,77.33999633789062,75.56999969482422,75.6500015258789
2008-12-02,76.9000015258789,77.31999969482422,76.26000213623047,76.94999694824219
2008-12-03,76.0,77.13999938964844,75.13999938964844,76.18000030517578
2008-12-04,75.58999633789062,77.62999725341797,75.06999969482422,75.5
2008-12-05,74.30000305175781,74.80999755859375,72.91000366210938,74.5199966430664
2008-12-08,76.4800033569336,76.62000274658203,75.4000015258789,76.19999694824219
2008-12-09,75.55999755859375,76.8499984741211,75.30000305175781,76.33000183105469
2008-12-10,79.19999694824219,80.11000061035156,78.55999755859375,79.75
2008-12-11,81.58000183105469,81.94000244140625,80.48999786376953,80.6500015258789
2008-12-12,80.55000305175781,81.62999725341797,80.0,80.80999755859375
2008-12-15,81.33000183105469,83.02999877929688,81.2300033569336,82.5999984741211
2008-12-16,82.37999725341797,84.63999938964844,81.93000030517578,84.45999908447266
2008-12-17,85.26000213623047,86.91000366210938,84.80000305175781,85.43000030517578
2008-12-18,84.8499984741211,85.12000274658203,83.45999908447266,83.87000274658203
2008-12-19,82.6500015258789,82.87000274658203,82.01000213623047,82.62999725341797
2008-12-22,83.56999969482422,83.80999755859375,82.79000091552734,83.45999908447266
2008-12-23,82.93000030517578,83.38999938964844,81.58999633789062,82.62999725341797
2008-12-24,82.47000122070312,83.56999969482422,82.47000122070312,83.45999908447266
2008-12-26,83.5199966430664,85.97000122070312,83.12000274658203,85.5999984741211
2008-12-29,86.5,87.0,85.94999694824219,86.3499984741211
2008-12-30,85.94000244140625,86.1500015258789,85.27999877929688,85.9000015258789
2008-12-31,84.9800033569336,87.0999984741211,84.27999877929688,86.5199966430664
2009-01-02,85.93000030517578,86.61000061035156,85.83999633789062,86.2300033569336
2009-01-05,83.62000274658203,84.68000030517578,83.23999786376953,84.4800033569336
2009-01-06,83.37000274658203,85.69999694824219,83.0,85.12999725341797
2009-01-07,84.55999755859375,84.58000183105469,82.20999908447266,82.75
2009-01-08,84.4000015258789,84.88999938964844,83.75,84.45999908447266
2009-01-09,83.33999633789062,85.5,83.08999633789062,83.91999816894531
2009-01-12,81.72000122070312,82.04000091552734,80.26000213623047,80.76000213623047
2009-01-13,80.94000244140625,81.81999969482422,80.62000274658203,80.87999725341797
2009-01-14,80.56999969482422,81.08999633789062,79.36000061035156,79.79000091552734
2009-01-15,79.97000122070312,80.69999694824219,78.87000274658203,80.38999938964844
2009-01-16,82.19999694824219,83.0,81.73999786376953,82.70999908447266
2009-01-20,84.16999816894531,85.29000091552734,83.56999969482422,84.5199966430664
2009-01-21,84.05000305175781,84.38999938964844,82.9800033569336,84.1500015258789
2009-01-22,84.02999877929688,84.97000122070312,83.83000183105469,84.58000183105469
2009-01-23,86.56999969482422,88.94000244140625,86.06999969482422,88.52999877929688
2009-01-26,89.22000122070312,90.19000244140625,88.68000030517578,88.94999694824219
2009-01-27,88.4000015258789,88.83999633789062,88.01000213623047,88.37999725341797
2009-01-28,88.2699966430664,88.37999725341797,86.83999633789062,87.41999816894531
2009-01-29,86.68000030517578,89.55000305175781,86.27999877929688,89.5
2009-01-30,90.69999694824219,91.48999786376953,89.6500015258789,91.30999755859375
2009-02-02,89.87999725341797,92.58000183105469,88.62000274658203,88.83999633789062
2009-02-03,89.33999633789062,89.7300033569336,86.0,88.47000122070312
2009-02-04,88.88999938964844,89.5,88.5199966430664,89.18000030517578
2009-02-05,90.75,90.81999969482422,89.30000305175781,90.12000274658203
2009-02-06,89.1500015258789,90.13999938964844,89.1500015258789,89.58999633789062
2009-02-09,88.3499984741211,88.6500015258789,87.5999984741211,88.31999969482422
2009-02-10,89.66000366210938,90.37000274658203,89.18000030517578,90.20999908447266
2009-02-11,90.93000030517578,93.25,90.80000305175781,92.29000091552734
2009-02-12,93.04000091552734,93.73999786376953,92.5199966430664,93.16999816894531
2009-02-13,92.5,92.7699966430664,91.69000244140625,92.55000305175781
2009-02-17,95.2300033569336,95.8499984741211,94.88999938964844,95.44999694824219
2009-02-18,95.2300033569336,97.1500015258789,94.66999816894531,96.91000366210938
2009-02-19,95.91000366210938,96.56999969482422,95.43000030517578,95.7699966430664
2009-02-20,98.0,98.98999786376953,97.13999938964844,97.80000305175781
2009-02-23,96.58999633789062,98.22000122070312,95.88999938964844,97.7300033569336
2009-02-24,97.58999633789062,97.58999633789062,94.2699966430664,94.7300033569336
2009-02-25,94.7300033569336,96.41000366210938,92.80999755859375,93.1500015258789
2009-02-26,92.70999908447266,93.13999938964844,91.56999969482422,93.05999755859375
2009-02-27,94.30999755859375,94.52999877929688,91.02999877929688,92.62999725341797
2009-03-02,93.4000015258789,93.61000061035156,90.62000274658203,90.93000030517578
2009-03-03,90.8499984741211,91.04000091552734,88.94000244140625,90.04000091552734
2009-03-04,90.25,90.3499984741211,88.44999694824219,88.98999786376953
2009-03-05,89.91999816894531,92.16999816894531,89.2300033569336,91.98999786376953
2009-03-06,91.80999755859375,92.94999694824219,91.19999694824219,92.29000091552734
2009-03-09,92.29000091552734,92.33000183105469,89.56999969482422,90.56999969482422
2009-03-10,89.54000091552734,89.61000061035156,87.47000122070312,88.13999938964844
2009-03-11,88.48999786376953,89.83000183105469,87.77999877929688,89.22000122070312
2009-03-12,90.37000274658203,91.56999969482422,90.13999938964844,91.0999984741211
2009-03-13,91.87000274658203,91.88999938964844,90.5,91.30000305175781
2009-03-16,90.29000091552734,90.95999908447266,90.02999877929688,90.80000305175781
2009-03-17,90.26000213623047,90.58999633789062,89.75,90.04000091552734
2009-03-18,88.75,93.38999938964844,86.83000183105469,93.08999633789062
2009-03-19,93.41000366210938,94.7699966430664,92.91000366210938,94.3499984741211
2009-03-20,93.4800033569336,94.37000274658203,93.12999725341797,93.58999633789062
2009-03-23,93.44000244140625,93.91000366210938,91.94999694824219,92.08000183105469
2009-03-24,90.76000213623047,91.66000366210938,90.25,90.94999694824219
2009-03-25,90.87000274658203,92.62999725341797,90.33999633789062,91.9800033569336
2009-03-26,92.72000122070312,92.72000122070312,91.83999633789062,91.93000030517578
2009-03-27,90.83000183105469,91.26000213623047,90.41000366210938,90.69000244140625
2009-03-30,89.97000122070312,91.80999755859375,89.75,89.9800033569336
2009-03-31,90.37999725341797,90.8499984741211,89.58000183105469,90.27999877929688
2009-04-01,91.33999633789062,91.37999725341797,90.20999908447266,91.02999877929688
2009-04-02,88.75,89.36000061035156,87.91999816894531,88.80000305175781
2009-04-03,88.95999908447266,89.44000244140625,87.5199966430664,87.58999633789062
2009-04-06,86.4000015258789,86.44000244140625,84.97000122070312,85.2699966430664
2009-04-07,86.2699966430664,88.26000213623047,86.16999816894531,86.73999786376953
2009-04-08,87.18000030517578,87.5199966430664,86.26000213623047,86.61000061035156
2009-04-09,86.33000183105469,86.87999725341797,86.0999984741211,86.30999755859375
2009-04-13,88.02999877929688,88.44999694824219,87.5999984741211,87.87999725341797
2009-04-14,87.77999877929688,87.80999755859375,87.04000091552734,87.37000274658203
2009-04-15,87.41999816894531,87.94000244140625,87.2300033569336,87.5
2009-04-16,87.37999725341797,87.44999694824219,85.68000030517578,85.80999755859375
2009-04-17,85.75,86.37000274658203,84.91999816894531,85.22000122070312
2009-04-20,86.02999877929688,87.33999633789062,86.0,86.94999694824219
2009-04-21,87.8499984741211,87.87999725341797,86.33000183105469,86.88999938964844
2009-04-22,87.02999877929688,87.81999969482422,86.80000305175781,87.37999725341797
2009-04-23,87.70999908447266,89.37000274658203,87.62000274658203,88.80000305175781
2009-04-24,89.0999984741211,89.83999633789062,88.83000183105469,89.72000122070312
2009-04-27,89.33000183105469,89.79000091552734,88.94000244140625,89.01000213623047
2009-04-28,87.33000183105469,87.94999694824219,87.11000061035156,87.75
2009-04-29,88.30999755859375,88.77999877929688,87.66999816894531,88.33000183105469
2009-04-30,86.83000183105469,87.77999877929688,86.54000091552734,87.2699966430664
2009-05-01,86.75,87.48999786376953,86.69000244140625,86.94999694824219
2009-05-04,87.55000305175781,89.18000030517578,87.55000305175781,88.63999938964844
2009-05-05,89.70999908447266,89.7300033569336,87.87999725341797,88.25
2009-05-06,89.45999908447266,89.69000244140625,88.83999633789062,89.54000091552734
2009-05-07,90.12999725341797,90.30000305175781,89.23999786376953,89.44000244140625
2009-05-08,89.70999908447266,90.08999633789062,88.91000366210938,89.9800033569336
2009-05-11,89.63999938964844,90.01000213623047,89.5,89.69000244140625
2009-05-12,90.4000015258789,90.83999633789062,89.94999694824219,90.69999694824219
2009-05-13,90.44000244140625,91.5,90.30999755859375,91.08999633789062
2009-05-14,90.9000015258789,91.26000213623047,90.69999694824219,91.02999877929688
2009-05-15,91.1500015258789,91.80999755859375,91.0999984741211,91.55000305175781
2009-05-18,91.52999877929688,91.56999969482422,90.13999938964844,90.36000061035156
2009-05-19,90.63999938964844,91.3499984741211,90.56999969482422,90.95999908447266
2009-05-20,91.54000091552734,92.44000244140625,91.5199966430664,92.25
2009-05-21,92.3499984741211,93.86000061035156,91.93000030517578,93.8499984741211
2009-05-22,94.25,94.41999816894531,93.80000305175781,94.1500015258789
2009-05-26,92.94999694824219,93.83999633789062,92.8499984741211,93.76000213623047
2009-05-27,93.7300033569336,94.27999877929688,93.0999984741211,93.44999694824219
2009-05-28,94.13999938964844,94.83000183105469,93.80000305175781,94.23999786376953
2009-05-29,95.69999694824219,96.3499984741211,95.58000183105469,96.19999694824219
2009-06-01,96.47000122070312,96.76000213623047,95.62999725341797,95.7300033569336
2009-06-02,96.19000244140625,96.97000122070312,96.0999984741211,96.36000061035156
2009-06-03,95.9000015258789,96.20999908447266,94.30999755859375,94.41000366210938
2009-06-04,95.23999786376953,96.48999786376953,95.19999694824219,96.2300033569336
2009-06-05,94.23999786376953,94.79000091552734,93.56999969482422,93.70999908447266
2009-06-08,93.26000213623047,93.69999694824219,92.58000183105469,93.55999755859375
2009-06-09,94.2699966430664,94.38999938964844,93.44000244140625,93.83000183105469
2009-06-10,94.5,94.52999877929688,92.9000015258789,93.86000061035156
2009-06-11,93.12999725341797,94.52999877929688,93.0,93.69999694824219
2009-06-12,92.41000366210938,92.76000213623047,92.0,92.16999816894531
2009-06-15,91.9000015258789,91.9000015258789,90.9000015258789,91.0999984741211
2009-06-16,91.87000274658203,92.12000274658203,91.3499984741211,91.93000030517578
2009-06-17,91.61000061035156,92.38999938964844,90.1500015258789,92.3499984741211
2009-06-18,92.23999786376953,92.5,91.30000305175781,91.61000061035156
2009-06-19,91.80999755859375,92.2300033569336,91.58000183105469,91.9000015258789
2009-06-22,90.41000366210938,90.63999938964844,90.12999725341797,90.54000091552734
2009-06-23,90.66000366210938,91.02999877929688,89.94999694824219,90.91999816894531
2009-06-24,92.08999633789062,92.33000183105469,91.04000091552734,91.44999694824219
2009-06-25,92.12000274658203,92.33000183105469,91.72000122070312,92.30999755859375
2009-06-26,92.80999755859375,92.93000030517578,91.93000030517578,92.29000091552734
2009-06-29,92.31999969482422,92.4000015258789,91.70999908447266,92.04000091552734
2009-06-30,91.8499984741211,91.95999908447266,90.52999877929688,91.18000030517578
2009-07-01,92.30999755859375,93.0,92.0,92.38999938964844
2009-07-02,91.47000122070312,91.58000183105469,91.08000183105469,91.25
2009-07-06,90.4800033569336,90.93000030517578,90.36000061035156,90.76000213623047
2009-07-07,90.88999938964844,91.37999725341797,90.5,90.70999908447266
2009-07-08,90.11000061035156,91.04000091552734,88.81999969482422,89.2699966430664
2009-07-09,89.62999725341797,90.26000213623047,89.33000183105469,89.51000213623047
2009-07-10,89.30000305175781,89.7699966430664,89.16000366210938,89.58000183105469
2009-07-13,89.44999694824219,90.69000244140625,89.0999984741211,90.19000244140625
2009-07-14,90.86000061035156,91.11000061035156,90.58999633789062,90.80999755859375
2009-07-15,92.16999816894531,92.5199966430664,92.02999877929688,92.23999786376953
2009-07-16,92.0,92.12000274658203,91.55000305175781,91.9800033569336
2009-07-17,92.1500015258789,92.30000305175781,91.83999633789062,91.93000030517578
2009-07-20,93.61000061035156,93.80000305175781,92.91000366210938,93.27999877929688
2009-07-21,93.5199966430664,93.52999877929688,92.69000244140625,93.12999725341797
2009-07-22,92.81999969482422,93.81999969482422,92.7300033569336,93.44000244140625
2009-07-23,93.19999694824219,94.0,93.11000061035156,93.26000213623047
2009-07-24,93.4800033569336,93.70999908447266,93.33000183105469,93.41000366210938
2009-07-27,93.9000015258789,93.94999694824219,93.36000061035156,93.70999908447266
2009-07-28,92.73999786376953,92.81999969482422,91.6500015258789,92.11000061035156
2009-07-29,91.66999816894531,91.75,90.80999755859375,91.19999694824219
2009-07-30,91.55000305175781,92.0,91.44000244140625,91.62000274658203
2009-07-31,91.86000061035156,94.02999877929688,91.83000183105469,93.3499984741211
2009-08-03,94.13999938964844,94.48999786376953,93.6500015258789,93.87000274658203
2009-08-04,94.18000030517578,95.25,93.98999786376953,94.68000030517578
2009-08-05,94.87999725341797,95.05000305175781,94.01000213623047,94.77999877929688
2009-08-06,95.01000213623047,95.19000244140625,93.76000213623047,94.5999984741211
2009-08-07,94.31999969482422,94.63999938964844,93.5999984741211,93.75
2009-08-10,92.91000366210938,93.13999938964844,92.5999984741211,92.93000030517578
2009-08-11,92.68000030517578,92.97000122070312,92.41000366210938,92.79000091552734
2009-08-12,92.5999984741211,93.48999786376953,92.47000122070312,92.94999694824219
2009-08-13,93.8499984741211,94.05000305175781,93.44999694824219,93.72000122070312
2009-08-14,93.83999633789062,93.91000366210938,92.4000015258789,93.0
2009-08-17,91.48999786376953,91.86000061035156,91.27999877929688,91.61000061035156
2009-08-18,91.80999755859375,92.19999694824219,91.76000213623047,92.05999755859375
2009-08-19,91.68000030517578,92.77999877929688,91.66000366210938,92.52999877929688
2009-08-20,92.30999755859375,92.55000305175781,92.12000274658203,92.2699966430664
2009-08-21,93.62999725341797,93.80000305175781,93.4000015258789,93.6500015258789
2009-08-24,93.63999938964844,93.69999694824219,91.63999938964844,92.33999633789062
2009-08-25,93.4000015258789,93.45999908447266,92.48999786376953,92.76000213623047
2009-08-26,92.66999816894531,92.8499984741211,92.20999908447266,92.79000091552734
2009-08-27,92.80000305175781,93.30999755859375,92.37999725341797,93.19000244140625
2009-08-28,94.06999969482422,94.1500015258789,93.62999725341797,93.87000274658203
2009-08-31,93.13999938964844,93.5,92.91999816894531,93.4000015258789
2009-09-01,93.41000366210938,93.95999908447266,93.05999755859375,93.9000015258789
2009-09-02,94.69999694824219,96.26000213623047,94.56999969482422,96.19000244140625
2009-09-03,96.5199966430664,97.94000244140625,96.19999694824219,97.45999908447266
2009-09-04,97.13999938964844,97.83000183105469,96.0,97.52999877929688
2009-09-08,98.56999969482422,98.63999938964844,97.38999938964844,97.43000030517578
2009-09-09,97.9800033569336,98.36000061035156,96.8499984741211,97.08000183105469
2009-09-10,97.02999877929688,98.02999877929688,96.87999725341797,97.69999694824219
2009-09-11,98.95999908447266,99.33000183105469,98.2699966430664,98.77999877929688
2009-09-14,98.16000366210938,98.43000030517578,97.7300033569336,97.95999908447266
2009-09-15,97.75,99.0999984741211,97.55999755859375,98.9000015258789
2009-09-16,100.01000213623047,100.0199966430664,99.5,99.91000366210938
2009-09-17,99.66000366210938,100.08000183105469,99.04000091552734,99.33999633789062
2009-09-18,99.7300033569336,99.87000274658203,98.66999816894531,98.66999816894531
2009-09-21,97.94999694824219,98.62000274658203,97.7300033569336,98.36000061035156
2009-09-22,99.83999633789062,99.83999633789062,99.37000274658203,99.66999816894531
2009-09-23,99.16000366210938,99.88999938964844,98.68000030517578,98.83000183105469
2009-09-24,99.36000061035156,99.44000244140625,97.13999938964844,97.55000305175781
2009-09-25,97.06999969482422,97.5,96.7699966430664,97.0
2009-09-28,97.20999908447266,97.80999755859375,97.0,97.05000305175781
2009-09-29,97.19000244140625,97.7300033569336,96.94999694824219,97.43000030517578
2009-09-30,98.30999755859375,99.05999755859375,97.55999755859375,98.8499984741211
2009-10-01,98.83999633789062,98.86000061035156,97.87999725341797,97.88999938964844
2009-10-02,97.83999633789062,98.86000061035156,97.73999786376953,98.37000274658203
2009-10-05,98.4800033569336,99.83999633789062,98.36000061035156,99.81999969482422
2009-10-06,101.33000183105469,102.41999816894531,100.54000091552734,102.27999877929688
2009-10-07,102.29000091552734,102.5199966430664,101.83000183105469,102.36000061035156
2009-10-08,102.62000274658203,104.1500015258789,102.30000305175781,103.63999938964844
2009-10-09,103.05999755859375,103.25,102.37000274658203,102.83999633789062
2009-10-12,103.38999938964844,103.91999816894531,103.22000122070312,103.55999755859375
2009-10-13,103.69999694824219,104.5,103.45999908447266,104.26000213623047
2009-10-14,104.29000091552734,104.69999694824219,103.76000213623047,104.18000030517578
2009-10-15,103.2699966430664,103.94999694824219,102.5999984741211,102.86000061035156
2009-10-16,102.69999694824219,103.68000030517578,102.52999877929688,103.18000030517578
2009-10-19,103.16000366210938,104.26000213623047,102.75,104.2300033569336
2009-10-20,104.33999633789062,104.3499984741211,102.79000091552734,103.41999816894531
2009-10-21,103.37999725341797,104.45999908447266,103.23999786376953,103.75
2009-10-22,103.45999908447266,104.08999633789062,103.0999984741211,103.91999816894531
2009-10-23,104.5,104.58000183105469,102.95999908447266,103.48999786376953
2009-10-26,103.41000366210938,103.97000122070312,101.73999786376953,101.86000061035156
2009-10-27,101.88999938964844,102.05999755859375,101.22000122070312,101.8499984741211
2009-10-28,101.5,102.02999877929688,100.6500015258789,100.7300033569336
2009-10-29,101.72000122070312,102.76000213623047,101.5,102.69000244140625
2009-10-30,102.33000183105469,102.66000366210938,101.4800033569336,102.52999877929688
2009-11-02,103.5,104.25,103.25,103.94999694824219
2009-11-03,103.73999786376953,106.69999694824219,103.72000122070312,106.45999908447266
2009-11-04,107.11000061035156,107.68000030517578,106.43000030517578,107.0999984741211
2009-11-05,106.80999755859375,107.19999694824219,106.5999984741211,106.9800033569336
2009-11-06,107.37999725341797,108.04000091552734,107.05999755859375,107.43000030517578
2009-11-09,108.69000244140625,108.75,107.91000366210938,108.19000244140625
2009-11-10,108.02999877929688,108.77999877929688,107.69999694824219,108.38999938964844
2009-11-11,109.48999786376953,109.70999908447266,109.0,109.5999984741211
2009-11-12,109.16000366210938,109.55999755859375,108.12000274658203,108.20999908447266
2009-11-13,108.31999969482422,109.80000305175781,108.13999938964844,109.73999786376953
2009-11-16,110.69999694824219,112.16000366210938,110.6500015258789,111.62999725341797
2009-11-17,111.08999633789062,111.98999786376953,110.9000015258789,111.97000122070312
2009-11-18,112.69000244140625,113.08999633789062,111.80000305175781,112.25
2009-11-19,111.8499984741211,112.4000015258789,110.76000213623047,112.30000305175781
2009-11-20,111.73999786376953,112.94000244140625,111.54000091552734,112.94000244140625
2009-11-23,114.66999816894531,115.12000274658203,113.98999786376953,114.29000091552734
2009-11-24,114.7300033569336,114.80999755859375,113.97000122070312,114.7300033569336
2009-11-25,115.69000244140625,116.87999725341797,115.52999877929688,116.62000274658203
2009-11-27,113.08000183105469,115.80999755859375,113.0199966430664,115.05999755859375
2009-11-30,114.4800033569336,115.88999938964844,114.2699966430664,115.63999938964844
2009-12-01,117.30000305175781,117.93000030517578,116.77999877929688,117.37999725341797
2009-12-02,118.80000305175781,119.2699966430664,118.30000305175781,119.18000030517578
2009-12-03,118.56999969482422,119.54000091552734,118.02999877929688,118.69999694824219
2009-12-04,117.1500015258789,117.26000213623047,112.41000366210938,113.75
2009-12-07,111.51000213623047,114.22000122070312,111.44000244140625,113.11000061035156
2009-12-08,112.76000213623047,113.05999755859375,110.20999908447266,110.94999694824219
2009-12-09,111.5999984741211,112.4800033569336,109.37999725341797,110.83999633789062
2009-12-10,110.66000366210938,111.02999877929688,110.04000091552734,110.81999969482422
2009-12-11,110.5999984741211,110.81999969482422,108.72000122070312,109.31999969482422
2009-12-14,110.01000213623047,110.69999694824219,109.5,110.23999786376953
2009-12-15,109.94000244140625,110.56999969482422,109.38999938964844,110.20999908447266
2009-12-16,110.83000183105469,111.91000366210938,110.62999725341797,111.58999633789062
2009-12-17,109.47000122070312,109.9800033569336,107.27999877929688,107.33999633789062
2009-12-18,108.0,109.5,107.04000091552734,108.94999694824219
2009-12-21,109.16999816894531,109.30000305175781,106.81999969482422,106.94999694824219
2009-12-22,106.79000091552734,107.08999633789062,105.30999755859375,106.16999816894531
2009-12-23,106.6500015258789,107.44999694824219,106.30000305175781,106.55000305175781
2009-12-24,107.9000015258789,108.37000274658203,107.7699966430664,108.36000061035156
2009-12-28,108.63999938964844,108.77999877929688,107.91000366210938,108.55000305175781
2009-12-29,108.5,108.5,107.44999694824219,107.47000122070312
2009-12-30,106.63999938964844,107.44000244140625,106.4000015258789,106.93000030517578
2009-12-31,107.9800033569336,108.11000061035156,107.23999786376953,107.30999755859375
2010-01-04,109.81999969482422,110.13999938964844,109.30999755859375,109.80000305175781
2010-01-05,109.87999725341797,110.38999938964844,109.26000213623047,109.69999694824219
2010-01-06,110.70999908447266,111.7699966430664,110.41000366210938,111.51000213623047
2010-01-07,111.06999969482422,111.29000091552734,110.62000274658203,110.81999969482422
2010-01-08,111.5199966430664,111.58000183105469,110.26000213623047,111.37000274658203
2010-01-11,113.33999633789062,113.58999633789062,112.5199966430664,112.8499984741211
2010-01-12,112.37999725341797,113.05000305175781,110.13999938964844,110.48999786376953
2010-01-13,110.91999816894531,111.56999969482422,109.56999969482422,111.54000091552734
2010-01-14,111.51000213623047,112.37000274658203,110.79000091552734,112.02999877929688
2010-01-15,111.3499984741211,112.01000213623047,110.37999725341797,110.86000061035156
2010-01-19,110.94999694824219,111.75,110.83000183105469,111.5199966430664
2010-01-20,109.97000122070312,110.05000305175781,108.45999908447266,108.94000244140625
2010-01-21,108.4800033569336,108.77999877929688,106.61000061035156,107.37000274658203
2010-01-22,106.93000030517578,107.68000030517578,106.01000213623047,107.16999816894531
2010-01-25,107.44000244140625,107.72000122070312,107.06999969482422,107.4800033569336
2010-01-26,106.87000274658203,107.98999786376953,106.75,107.55999755859375
2010-01-27,107.52999877929688,108.80000305175781,106.16000366210938,106.52999877929688
2010-01-28,107.18000030517578,107.2300033569336,105.18000030517578,106.4800033569336
2010-01-29,105.87999725341797,106.30000305175781,105.2699966430664,105.95999908447266
2010-02-01,106.63999938964844,108.4800033569336,106.37000274658203,108.3499984741211
2010-02-02,109.16000366210938,109.5999984741211,108.61000061035156,109.12999725341797
2010-02-03,109.0999984741211,109.54000091552734,108.43000030517578,108.69999694824219
2010-02-04,106.79000091552734,106.80000305175781,103.75,104.37000274658203
2010-02-05,103.76000213623047,104.68000030517578,102.27999877929688,104.68000030517578
2010-02-08,104.41000366210938,105.13999938964844,104.0,104.04000091552734
2010-02-09,105.18000030517578,106.1500015258789,104.87000274658203,105.41000366210938
2010-02-10,105.12999725341797,105.5,104.11000061035156,105.12000274658203
2010-02-11,105.58000183105469,107.55999755859375,105.2699966430664,107.12999725341797
2010-02-12,106.08000183105469,107.0999984741211,105.56999969482422,107.04000091552734
2010-02-16,109.44999694824219,109.87000274658203,109.0999984741211,109.62000274658203
2010-02-17,109.66000366210938,110.01000213623047,108.87000274658203,109.25
2010-02-18,109.61000061035156,110.11000061035156,109.19000244140625,109.9800033569336
2010-02-19,109.31999969482422,110.38999938964844,108.80999755859375,109.47000122070312
2010-02-22,109.86000061035156,109.97000122070312,108.66000366210938,109.06999969482422
2010-02-23,108.83999633789062,108.91000366210938,107.6500015258789,107.88999938964844
2010-02-24,107.33000183105469,108.16000366210938,107.0999984741211,107.36000061035156
2010-02-25,106.69999694824219,108.69999694824219,106.5999984741211,108.30999755859375
2010-02-26,108.88999938964844,109.5999984741211,108.41000366210938,109.43000030517578
2010-03-01,109.4800033569336,109.9000015258789,108.97000122070312,109.43000030517578
2010-03-02,109.86000061035156,111.44999694824219,109.86000061035156,111.0199966430664
2010-03-03,111.45999908447266,112.18000030517578,111.18000030517578,111.62999725341797
2010-03-04,111.25,111.37000274658203,110.22000122070312,110.83000183105469
2010-03-05,111.12999725341797,111.75,110.80000305175781,110.80999755859375
2010-03-08,111.22000122070312,111.30000305175781,109.5199966430664,109.87999725341797
2010-03-09,109.16000366210938,110.16000366210938,109.04000091552734,109.72000122070312
2010-03-10,109.94000244140625,110.5,108.0199966430664,108.47000122070312
2010-03-11,108.27999877929688,108.6500015258789,107.86000061035156,108.5999984741211
2010-03-12,108.55999755859375,108.7699966430664,107.44999694824219,107.94999694824219
2010-03-15,108.16000366210938,108.55999755859375,107.81999969482422,108.36000061035156
2010-03-16,110.0199966430664,110.56999969482422,109.69999694824219,110.4000015258789
2010-03-17,110.18000030517578,110.45999908447266,109.55000305175781,109.58999633789062
2010-03-18,110.0999984741211,110.61000061035156,109.5,110.33999633789062
2010-03-19,108.27999877929688,110.29000091552734,107.8499984741211,108.27999877929688
2010-03-22,107.30999755859375,108.0,106.94999694824219,107.75
2010-03-23,107.5,108.5,107.33999633789062,108.31999969482422
2010-03-24,106.94000244140625,107.06999969482422,106.23999786376953,106.30000305175781
2010-03-25,107.0,107.25,106.4800033569336,106.77999877929688
2010-03-26,107.16000366210938,108.69999694824219,106.81999969482422,108.58999633789062
2010-03-29,108.87000274658203,109.16999816894531,108.4000015258789,108.75
2010-03-30,108.56999969482422,108.66000366210938,107.87000274658203,107.97000122070312
2010-03-31,109.44000244140625,109.5,108.8499984741211,108.94999694824219
2010-04-01,109.97000122070312,110.47000122070312,109.91999816894531,110.26000213623047
2010-04-05,110.55999755859375,110.9800033569336,110.2699966430664,110.88999938964844
2010-04-06,110.88999938964844,111.51000213623047,110.83000183105469,111.02999877929688
2010-04-07,111.8499984741211,112.93000030517578,111.7699966430664,112.48999786376953
2010-04-08,112.47000122070312,112.9800033569336,112.12999725341797,112.6500015258789
2010-04-09,113.08999633789062,114.06999969482422,112.73999786376953,113.63999938964844
2010-04-12,113.63999938964844,114.12999725341797,112.9800033569336,113.01000213623047
2010-04-13,113.12000274658203,113.16000366210938,112.05999755859375,112.69000244140625
2010-04-14,113.2300033569336,113.66000366210938,112.77999877929688,113.02999877929688
2010-04-15,112.9000015258789,113.70999908447266,112.8499984741211,113.6500015258789
2010-04-16,112.5,113.06999969482422,110.54000091552734,111.23999786376953
2010-04-19,110.87999725341797,111.36000061035156,110.66999816894531,111.1500015258789
2010-04-20,111.7300033569336,112.20999908447266,111.33000183105469,111.45999908447266
2010-04-21,111.81999969482422,112.63999938964844,111.4800033569336,112.30999755859375
2010-04-22,111.79000091552734,112.01000213623047,110.76000213623047,111.83999633789062
2010-04-23,111.26000213623047,113.30000305175781,111.08999633789062,113.19000244140625
2010-04-26,112.87999725341797,113.19999694824219,112.62999725341797,112.75
2010-04-27,112.43000030517578,114.81999969482422,112.33999633789062,114.62999725341797
2010-04-28,114.02999877929688,114.98999786376953,113.62999725341797,114.30999755859375
2010-04-29,113.8499984741211,114.5199966430664,113.83999633789062,114.27999877929688
2010-04-30,115.26000213623047,115.69999694824219,115.20999908447266,115.36000061035156
2010-05-03,115.91000366210938,116.27999877929688,115.52999877929688,115.7300033569336
2010-05-04,116.38999938964844,116.43000030517578,114.16999816894531,114.87000274658203
2010-05-05,113.58000183105469,115.23999786376953,113.30999755859375,115.08999633789062
2010-05-06,115.62000274658203,118.62000274658203,115.56999969482422,118.48999786376953
2010-05-07,117.63999938964844,118.87999725341797,116.73999786376953,118.2699966430664
2010-05-10,117.5,117.9000015258789,116.80999755859375,117.56999969482422
2010-05-11,119.45999908447266,120.87000274658203,118.97000122070312,120.66000366210938
2010-05-12,121.27999877929688,122.23999786376953,120.7699966430664,121.4000015258789
2010-05-13,121.29000091552734,121.70999908447266,120.0999984741211,120.55999755859375
2010-05-14,121.87999725341797,122.0199966430664,119.12000274658203,120.37000274658203
2010-05-17,120.55000305175781,121.12000274658203,119.29000091552734,119.36000061035156
2010-05-18,118.86000061035156,120.31999969482422,118.5,119.48999786376953
2010-05-19,118.19000244140625,118.43000030517578,116.08000183105469,116.62999725341797
2010-05-20,116.13999938964844,116.94999694824219,115.18000030517578,115.83999633789062
2010-05-21,115.05000305175781,116.23999786376953,114.51000213623047,115.22000122070312
2010-05-24,116.33999633789062,117.16999816894531,116.04000091552734,116.83999633789062
2010-05-25,117.16000366210938,117.5199966430664,116.81999969482422,117.36000061035156
2010-05-26,118.58000183105469,119.08000183105469,118.31999969482422,118.47000122070312
2010-05-27,118.16000366210938,119.04000091552734,118.13999938964844,118.69000244140625
2010-05-28,118.4800033569336,118.9000015258789,117.62999725341797,118.87999725341797
2010-06-01,119.87999725341797,120.25,119.62999725341797,119.91000366210938
2010-06-02,119.3499984741211,119.87999725341797,118.72000122070312,119.77999877929688
2010-06-03,119.16000366210938,119.38999938964844,117.4800033569336,117.95999908447266
2010-06-04,117.95999908447266,119.38999938964844,117.05000305175781,119.19000244140625
2010-06-07,118.7300033569336,121.80000305175781,118.62000274658203,121.48999786376953
2010-06-08,121.61000061035156,122.44999694824219,120.66000366210938,121.0
2010-06-09,120.4800033569336,120.98999786376953,119.51000213623047,120.55999755859375
2010-06-10,119.36000061035156,120.04000091552734,118.83000183105469,118.97000122070312
2010-06-11,119.87999725341797,120.41000366210938,119.33000183105469,120.01000213623047
2010-06-14,119.62999725341797,120.26000213623047,118.95999908447266,119.5999984741211
2010-06-15,119.70999908447266,121.02999877929688,119.4800033569336,120.98999786376953
2010-06-16,120.68000030517578,120.88999938964844,120.04000091552734,120.33000183105469
2010-06-17,121.63999938964844,122.41000366210938,121.48999786376953,121.9000015258789
2010-06-18,123.04000091552734,123.5,122.80999755859375,122.83000183105469
2010-06-21,123.08999633789062,123.11000061035156,120.36000061035156,120.38999938964844
2010-06-22,121.16000366210938,121.58999633789062,120.87000274658203,121.44999694824219
2010-06-23,120.88999938964844,121.0199966430664,119.7699966430664,120.94999694824219
2010-06-24,120.76000213623047,122.16000366210938,120.66999816894531,121.30000305175781
2010-06-25,122.75,123.12999725341797,122.48999786376953,122.76000213623047
2010-06-28,122.79000091552734,123.55999755859375,120.80999755859375,121.08999633789062
2010-06-29,121.05000305175781,121.81999969482422,120.0199966430664,121.2699966430664
2010-06-30,121.06999969482422,122.08999633789062,120.87999725341797,121.68000030517578
2010-07-01,120.91000366210938,121.02999877929688,116.9800033569336,117.04000091552734
2010-07-02,118.20999908447266,118.5,117.41000366210938,118.48999786376953
2010-07-06,117.66999816894531,117.72000122070312,116.30000305175781,116.51000213623047
2010-07-07,116.56999969482422,117.77999877929688,116.5,117.7300033569336
2010-07-08,117.38999938964844,117.41000366210938,116.0999984741211,117.20999908447266
2010-07-09,118.13999938964844,118.7300033569336,118.0,118.36000061035156
2010-07-12,117.83000183105469,118.19999694824219,116.97000122070312,117.33999633789062
2010-07-13,118.9800033569336,119.0999984741211,118.36000061035156,118.36000061035156
2010-07-14,118.26000213623047,119.12999725341797,117.58999633789062,118.30000305175781
2010-07-15,118.58999633789062,118.69999694824219,117.7300033569336,118.2300033569336
2010-07-16,116.69000244140625,116.79000091552734,115.94999694824219,116.66999816894531
2010-07-19,115.56999969482422,115.80000305175781,115.11000061035156,115.7300033569336
2010-07-20,115.75,116.73999786376953,115.4800033569336,116.6500015258789
2010-07-21,116.80000305175781,117.0,115.70999908447266,115.8499984741211
2010-07-22,115.94999694824219,117.5,115.91000366210938,116.86000061035156
2010-07-23,117.12000274658203,117.47000122070312,115.79000091552734,116.08999633789062
2010-07-26,116.37999725341797,116.47000122070312,115.30000305175781,115.5199966430664
2010-07-27,114.94999694824219,114.98999786376953,113.20999908447266,113.51000213623047
2010-07-28,113.4800033569336,113.93000030517578,113.08000183105469,113.77999877929688
2010-07-29,113.54000091552734,114.3499984741211,113.33999633789062,114.29000091552734
2010-07-30,114.36000061035156,115.7300033569336,114.08000183105469,115.48999786376953
2010-08-02,116.12000274658203,116.38999938964844,115.19999694824219,115.54000091552734
2010-08-03,115.87999725341797,116.44000244140625,115.80999755859375,115.98999786376953
2010-08-04,117.41000366210938,117.6500015258789,116.6500015258789,116.72000122070312
2010-08-05,117.01000213623047,117.0999984741211,116.3499984741211,116.9800033569336
2010-08-06,117.98999786376953,118.41999816894531,117.48999786376953,117.83999633789062
2010-08-09,117.76000213623047,117.8499984741211,117.2300033569336,117.4000015258789
2010-08-10,116.58999633789062,118.08999633789062,116.4000015258789,117.7300033569336
2010-08-11,117.73999786376953,118.13999938964844,116.58000183105469,117.33999633789062
2010-08-12,118.55999755859375,118.86000061035156,118.45999908447266,118.7699966430664
2010-08-13,118.81999969482422,118.88999938964844,118.36000061035156,118.73999786376953
2010-08-16,119.69999694824219,119.81999969482422,119.45999908447266,119.7300033569336
2010-08-17,119.75,119.97000122070312,119.5999984741211,119.75
2010-08-18,119.2300033569336,120.51000213623047,119.0,120.22000122070312
2010-08-19,120.6500015258789,120.98999786376953,120.11000061035156,120.38999938964844
2010-08-20,119.97000122070312,120.06999969482422,119.44999694824219,119.97000122070312
2010-08-23,119.91000366210938,120.06999969482422,119.41999816894531,119.77999877929688
2010-08-24,118.7699966430664,120.80000305175781,118.70999908447266,120.36000061035156
2010-08-25,121.12000274658203,121.37999725341797,120.66999816894531,121.36000061035156
2010-08-26,121.08999633789062,122.94999694824219,120.5,120.95999908447266
2010-08-27,121.19999694824219,121.44999694824219,120.41999816894531,121.01000213623047
2010-08-30,120.8499984741211,121.05999755859375,120.58000183105469,120.91000366210938
2010-08-31,121.7699966430664,122.19000244140625,121.45999908447266,122.08000183105469
2010-09-01,122.1500015258789,122.20999908447266,121.43000030517578,121.69000244140625
2010-09-02,122.37999725341797,122.4800033569336,121.88999938964844,122.29000091552734
2010-09-03,121.38999938964844,122.38999938964844,121.1500015258789,121.86000061035156
2010-09-07,122.91000366210938,123.05999755859375,122.62999725341797,122.69999694824219
2010-09-08,122.81999969482422,123.41999816894531,122.5999984741211,122.70999908447266
2010-09-09,122.44000244140625,122.87999725341797,121.37999725341797,121.55999755859375
2010-09-10,121.4000015258789,122.30000305175781,121.38999938964844,121.7300033569336
2010-09-13,121.62999725341797,122.11000061035156,121.38999938964844,121.62000274658203
2010-09-14,122.91999816894531,124.58999633789062,121.55000305175781,124.0199966430664
2010-09-15,123.97000122070312,124.29000091552734,123.43000030517578,123.94000244140625
2010-09-16,124.5,124.7699966430664,124.19000244140625,124.62999725341797
2010-09-17,125.02999877929688,125.02999877929688,124.2699966430664,124.54000091552734
2010-09-20,125.08999633789062,125.44999694824219,124.77999877929688,124.87000274658203
2010-09-21,124.7699966430664,126.16999816894531,124.16000366210938,126.01000213623047
2010-09-22,126.58000183105469,126.62999725341797,125.69999694824219,126.19999694824219
2010-09-23,126.19999694824219,126.66000366210938,125.80999755859375,126.30000305175781
2010-09-24,126.91000366210938,127.0,126.30000305175781,126.69000244140625
2010-09-27,126.9000015258789,126.91000366210938,126.4800033569336,126.72000122070312
2010-09-28,126.41999816894531,128.02999877929688,126.11000061035156,127.8499984741211
2010-09-29,127.93000030517578,128.24000549316406,127.5199966430664,127.94999694824219
2010-09-30,128.14999389648438,128.27999877929688,126.61000061035156,127.91000366210938
2010-10-01,127.91000366210938,129.07000732421875,127.91000366210938,128.91000366210938
2010-10-04,128.52000427246094,128.6199951171875,128.22000122070312,128.4600067138672
2010-10-05,130.11000061035156,131.1199951171875,129.8699951171875,130.99000549316406
2010-10-06,131.4499969482422,131.86000061035156,131.33999633789062,131.80999755859375
2010-10-07,132.60000610351562,132.6699981689453,129.50999450683594,130.3699951171875
2010-10-08,130.77999877929688,131.8800048828125,130.47000122070312,131.66000366210938
2010-10-11,131.27999877929688,132.3300018310547,130.97999572753906,132.2899932861328
2010-10-12,132.05999755859375,132.2100067138672,131.36000061035156,131.9600067138672
2010-10-13,132.72999572753906,134.30999755859375,132.6300048828125,134.07000732421875
2010-10-14,134.05999755859375,134.85000610351562,133.89999389648438,134.75
2010-10-15,134.24000549316406,134.4600067138672,133.07000732421875,133.67999267578125
2010-10-18,133.4600067138672,134.33999633789062,133.16000366210938,134.27999877929688
2010-10-19,130.4600067138672,131.58999633789062,129.75,130.11000061035156
2010-10-20,130.36000061035156,131.64999389648438,130.32000732421875,131.32000732421875
2010-10-21,131.0800018310547,131.58999633789062,128.72000122070312,129.47000122070312
2010-10-22,129.47000122070312,129.75,128.97000122070312,129.72999572753906
2010-10-25,131.16000366210938,131.3800048828125,130.2100067138672,130.85000610351562
2010-10-26,129.99000549316406,131.13999938964844,129.72999572753906,130.8800048828125
2010-10-27,129.92999267578125,130.0,128.7899932861328,129.52000427246094
2010-10-28,130.36000061035156,131.5,129.83999633789062,131.24000549316406
2010-10-29,131.47999572753906,132.82000732421875,131.05999755859375,132.6199951171875
2010-11-01,132.85000610351562,133.07000732421875,131.75999450683594,131.9199981689453
2010-11-02,132.44000244140625,132.58999633789062,131.8800048828125,132.49000549316406
2010-11-03,132.27999877929688,132.52000427246094,129.47999572753906,131.57000732421875
2010-11-04,134.63999938964844,136.1300048828125,134.24000549316406,136.02999877929688
2010-11-05,135.13999938964844,136.61000061035156,134.9499969482422,136.3800048828125
2010-11-08,135.9199981689453,137.7899932861328,135.52999877929688,137.77999877929688
2010-11-09,138.6999969482422,139.14999389648438,135.0500030517578,135.58999633789062
2010-11-10,137.02999877929688,137.27999877929688,135.14999389648438,137.24000549316406
2010-11-11,137.6199951171875,137.75,136.4499969482422,137.66000366210938
2010-11-12,135.88999938964844,136.30999755859375,132.82000732421875,133.69000244140625
2010-11-15,133.86000061035156,134.49000549316406,132.38999938964844,132.4199981689453
2010-11-16,132.24000549316406,132.3800048828125,129.8300018310547,130.97000122070312
2010-11-17,130.77000427246094,131.3699951171875,130.1300048828125,130.3800048828125
2010-11-18,131.82000732421875,132.77999877929688,131.5500030517578,132.08999633789062
2010-11-19,131.47999572753906,132.35000610351562,131.00999450683594,132.1999969482422
2010-11-22,132.1300048828125,133.60000610351562,131.69000244140625,133.47999572753906
2010-11-23,133.60000610351562,135.07000732421875,133.4600067138672,134.41000366210938
2010-11-24,134.36000061035156,134.6999969482422,133.74000549316406,134.17999267578125
2010-11-26,132.3800048828125,133.16000366210938,131.92999267578125,133.11000061035156
2010-11-29,133.19000244140625,133.75,132.3300018310547,133.50999450683594
2010-11-30,135.2100067138672,135.75,134.77999877929688,135.4199981689453
2010-12-01,135.7100067138672,136.13999938964844,134.9600067138672,135.3800048828125
2010-12-02,135.6199951171875,136.58999633789062,135.14999389648438,135.1999969482422
2010-12-03,136.6199951171875,138.11000061035156,136.47999572753906,138.07000732421875
2010-12-06,138.13999938964844,139.4600067138672,137.72999572753906,139.11000061035156
2010-12-07,139.4600067138672,139.5399932861328,136.4600067138672,136.5
2010-12-08,135.91000366210938,136.2899932861328,133.8800048828125,134.7899932861328
2010-12-09,135.69000244140625,136.16000366210938,134.8800048828125,135.3699951171875
2010-12-10,134.94000244140625,135.47999572753906,133.9499969482422,135.41000366210938
2010-12-13,136.25999450683594,136.63999938964844,135.86000061035156,136.0500030517578
2010-12-14,136.27000427246094,137.2100067138672,135.86000061035156,136.17999267578125
2010-12-15,135.33999633789062,135.92999267578125,134.67999267578125,134.6999969482422
2010-12-16,134.2100067138672,134.22999572753906,132.86000061035156,133.80999755859375
2010-12-17,133.97000122070312,134.6300048828125,133.22000122070312,134.1999969482422
2010-12-20,135.1300048828125,135.44000244140625,134.3300018310547,135.11000061035156
2010-12-21,135.1699981689453,135.77999877929688,134.7899932861328,135.32000732421875
2010-12-22,135.60000610351562,135.6999969482422,134.97000122070312,135.0500030517578
2010-12-23,134.25999450683594,134.89999389648438,133.92999267578125,134.66000366210938
2010-12-27,134.9600067138672,135.05999755859375,134.49000549316406,135.02000427246094
2010-12-28,136.85000610351562,137.33999633789062,136.6199951171875,137.22000122070312
2010-12-29,137.3800048828125,138.0500030517578,137.19000244140625,137.7100067138672
2010-12-30,137.5800018310547,137.7100067138672,136.94000244140625,137.02999877929688
2010-12-31,137.77999877929688,138.77000427246094,137.72000122070312,138.72000122070312
2011-01-03,138.6699981689453,139.0,137.8800048828125,138.0
2011-01-04,136.24000549316406,136.27999877929688,134.16000366210938,134.75
2011-01-05,133.5,134.67999267578125,133.10000610351562,134.3699951171875
2011-01-06,134.0500030517578,134.3800048828125,133.13999938964844,133.8300018310547
2011-01-07,133.3800048828125,134.61000061035156,133.17999267578125,133.5800018310547
2011-01-10,133.85000610351562,134.1999969482422,133.24000549316406,134.1199951171875
2011-01-11,134.7899932861328,135.16000366210938,133.9600067138672,134.91000366210938
2011-01-12,134.7899932861328,135.5800018310547,134.35000610351562,135.4600067138672
2011-01-13,135.66000366210938,135.67999267578125,133.6300048828125,134.0500030517578
2011-01-14,133.1699981689453,133.60000610351562,132.22000122070312,132.69000244140625
2011-01-18,133.6300048828125,134.0,133.1699981689453,133.42999267578125
2011-01-19,134.33999633789062,134.39999389648438,133.39999389648438,133.72000122070312
2011-01-20,131.75999450683594,132.10000610351562,131.0399932861328,131.1999969482422
2011-01-21,130.75999450683594,131.42999267578125,130.52999877929688,131.02999877929688
2011-01-24,131.00999450683594,131.6300048828125,130.13999938964844,130.36000061035156
2011-01-25,129.64999389648438,130.27000427246094,129.07000732421875,130.10000610351562
2011-01-26,129.8300018310547,131.1699981689453,129.27999877929688,131.16000366210938
2011-01-27,130.2899932861328,130.49000549316406,127.80000305175781,127.93000030517578
2011-01-28,127.97000122070312,131.47999572753906,127.94999694824219,130.27999877929688
2011-01-31,129.27000427246094,130.50999450683594,129.25,129.8699951171875
2011-02-01,130.52000427246094,131.0800018310547,129.3300018310547,130.8000030517578
2011-02-02,130.3699951171875,130.60000610351562,129.4499969482422,130.4499969482422
2011-02-03,130.07000732421875,132.32000732421875,129.27999877929688,132.1999969482422
2011-02-04,131.83999633789062,132.6999969482422,131.22999572753906,131.66000366210938
2011-02-07,131.6699981689453,131.9499969482422,131.22999572753906,131.67999267578125
2011-02-08,132.9600067138672,133.5,132.8000030517578,133.13999938964844
2011-02-09,133.19000244140625,133.38999938964844,132.49000549316406,133.07000732421875
2011-02-10,132.11000061035156,133.30999755859375,132.0,132.85000610351562
2011-02-11,133.00999450683594,133.44000244140625,132.08999633789062,132.32000732421875
2011-02-14,132.9499969482422,133.3800048828125,132.6999969482422,132.9499969482422
2011-02-15,133.86000061035156,134.1699981689453,133.6300048828125,133.97000122070312
2011-02-16,134.22999572753906,134.86000061035156,133.4499969482422,134.10000610351562
2011-02-17,134.74000549316406,135.16000366210938,134.47000122070312,135.0399932861328
2011-02-18,135.1699981689453,135.8000030517578,134.8800048828125,135.41000366210938
2011-02-22,136.9199981689453,137.22000122070312,136.19000244140625,136.2899932861328
2011-02-23,136.97000122070312,138.1999969482422,136.9199981689453,137.50999450683594
2011-02-24,138.0399932861328,138.13999938964844,135.72999572753906,136.47999572753906
2011-02-25,137.22000122070312,137.74000549316406,136.77000427246094,137.3800048828125
2011-02-28,137.64999389648438,138.13999938964844,137.02999877929688,137.66000366210938
2011-03-01,138.57000732421875,140.02999877929688,138.49000549316406,140.02999877929688
2011-03-02,140.24000549316406,140.5500030517578,139.47999572753906,139.9199981689453
2011-03-03,138.80999755859375,139.1300048828125,137.57000732421875,138.08999633789062
2011-03-04,138.6300048828125,139.75,138.61000061035156,139.35000610351562
2011-03-07,140.2899932861328,140.61000061035156,139.27999877929688,139.72000122070312
2011-03-08,139.64999389648438,139.66000366210938,138.8300018310547,139.36000061035156
2011-03-09,139.9199981689453,139.9499969482422,138.94000244140625,139.41000366210938
2011-03-10,138.5,138.5,136.85000610351562,137.77000427246094
2011-03-11,137.2899932861328,138.92999267578125,137.17999267578125,138.22000122070312
2011-03-14,139.3300018310547,139.5500030517578,138.61000061035156,138.86000061035156
2011-03-15,135.35000610351562,136.94000244140625,135.22999572753906,136.27000427246094
2011-03-16,136.52000427246094,137.1999969482422,135.8000030517578,136.24000549316406
2011-03-17,136.55999755859375,137.0800018310547,136.25,136.97000122070312
2011-03-18,138.13999938964844,138.8300018310547,137.75999450683594,138.3699951171875
2011-03-21,139.5,139.91000366210938,138.97000122070312,139.13999938964844
2011-03-22,138.8800048828125,139.36000061035156,138.6699981689453,139.0500030517578
2011-03-23,139.61000061035156,140.5500030517578,139.5500030517578,140.33999633789062
2011-03-24,140.27000427246094,141.27999877929688,138.8300018310547,139.22000122070312
2011-03-25,140.0,140.24000549316406,138.66000366210938,139.25999450683594
2011-03-28,137.82000732421875,138.8300018310547,137.77999877929688,138.5399932861328
2011-03-29,138.2100067138672,138.82000732421875,137.94000244140625,138.2100067138672
2011-03-30,139.07000732421875,139.17999267578125,137.67999267578125,138.6699981689453
2011-03-31,140.0800018310547,140.39999389648438,139.77999877929688,139.86000061035156
2011-04-01,138.64999389648438,139.5500030517578,137.72000122070312,139.1999969482422
2011-04-04,140.1300048828125,140.25999450683594,139.4499969482422,139.83999633789062
2011-04-05,139.5800018310547,142.08999633789062,139.52000427246094,142.0500030517578
2011-04-06,142.39999389648438,142.6199951171875,141.77000427246094,142.3800048828125
2011-04-07,142.22999572753906,142.88999938964844,141.8000030517578,142.50999450683594
2011-04-08,143.33999633789062,143.83999633789062,142.97000122070312,143.66000366210938
2011-04-11,143.27999877929688,143.49000549316406,142.27999877929688,142.63999938964844
2011-04-12,142.74000549316406,142.82000732421875,140.75,141.61000061035156
2011-04-13,142.38999938964844,142.52999877929688,141.47999572753906,141.89999389648438
2011-04-14,142.35000610351562,143.8300018310547,142.22999572753906,143.80999755859375
2011-04-15,143.85000610351562,145.1199951171875,143.57000732421875,145.0500030517578
2011-04-18,145.2100067138672,146.07000732421875,144.6300048828125,145.92999267578125
2011-04-19,145.72999572753906,146.24000549316406,145.17999267578125,145.92999267578125
2011-04-20,146.3699951171875,146.83999633789062,145.74000549316406,146.5
2011-04-21,146.57000732421875,147.05999755859375,146.32000732421875,146.74000549316406
2011-04-25,147.57000732421875,147.5800018310547,146.4199981689453,146.8699951171875
2011-04-26,146.47000122070312,146.6199951171875,145.47999572753906,146.3800048828125
2011-04-27,147.3800048828125,149.2100067138672,146.52000427246094,149.1999969482422
2011-04-28,149.3000030517578,150.0,148.60000610351562,149.82000732421875
2011-04-29,149.89999389648438,153.02999877929688,149.75,152.3699951171875
2011-05-02,151.4600067138672,153.61000061035156,150.36000061035156,150.41000366210938
2011-05-03,150.42999267578125,150.97000122070312,148.85000610351562,149.8800048828125
2011-05-04,149.86000061035156,150.33999633789062,146.75999450683594,147.72999572753906
2011-05-05,146.82000732421875,147.5800018310547,142.5500030517578,143.47000122070312
2011-05-06,145.24000549316406,146.08999633789062,144.39999389648438,145.3000030517578
2011-05-09,146.6699981689453,147.5800018310547,146.33999633789062,147.3800048828125
2011-05-10,147.19000244140625,148.19000244140625,146.92999267578125,147.89999389648438
2011-05-11,147.24000549316406,147.35000610351562,145.77000427246094,146.5399932861328
2011-05-12,145.8800048828125,147.1199951171875,144.9600067138672,146.58999633789062
2011-05-13,146.72000122070312,147.27999877929688,144.49000549316406,145.6300048828125
2011-05-16,145.8800048828125,146.6699981689453,145.19000244140625,145.3699951171875
2011-05-17,144.22999572753906,144.77999877929688,143.4199981689453,144.74000549316406
2011-05-18,145.5500030517578,146.22000122070312,145.13999938964844,145.60000610351562
2011-05-19,145.1199951171875,145.85000610351562,144.86000061035156,145.64999389648438
2011-05-20,145.82000732421875,147.77999877929688,144.89999389648438,147.49000549316406
2011-05-23,147.0399932861328,147.9499969482422,146.97000122070312,147.8300018310547
2011-05-24,148.47999572753906,149.0500030517578,148.17999267578125,148.58999633789062
2011-05-25,148.72000122070312,149.3699951171875,148.52000427246094,148.5800018310547
2011-05-26,148.4499969482422,148.61000061035156,147.58999633789062,148.22000122070312
2011-05-27,149.02000427246094,149.9199981689453,148.9600067138672,149.6999969482422
2011-05-31,149.8800048828125,150.16000366210938,149.41000366210938,149.63999938964844
2011-06-01,149.66000366210938,151.1300048828125,149.42999267578125,149.91000366210938
2011-06-02,150.14999389648438,150.3800048828125,148.07000732421875,149.5
2011-06-03,150.27999877929688,150.66000366210938,149.6199951171875,150.22000122070312
2011-06-06,150.82000732421875,151.4499969482422,150.2100067138672,150.47999572753906
2011-06-07,150.6699981689453,150.85000610351562,149.67999267578125,150.4199981689453
2011-06-08,150.02000427246094,150.3800048828125,149.3000030517578,149.80999755859375
2011-06-09,150.00999450683594,151.02000427246094,149.75,150.55999755859375
2011-06-10,149.0399932861328,149.77999877929688,148.69000244140625,149.24000549316406
2011-06-13,148.66000366210938,149.0399932861328,147.19000244140625,147.77000427246094
2011-06-14,147.6999969482422,148.72999572753906,147.47999572753906,148.6699981689453
2011-06-15,148.16000366210938,149.5500030517578,147.9199981689453,149.1199951171875
2011-06-16,148.8300018310547,149.49000549316406,148.22000122070312,148.97000122070312
2011-06-17,148.8699951171875,150.2899932861328,148.8300018310547,149.94000244140625
2011-06-20,150.0800018310547,150.7899932861328,149.5800018310547,150.02999877929688
2011-06-21,150.25999450683594,150.8699951171875,150.17999267578125,150.75999450683594
2011-06-22,151.00999450683594,151.86000061035156,150.55999755859375,150.99000549316406
2011-06-23,148.6699981689453,148.83999633789062,147.25999450683594,148.33999633789062
2011-06-24,147.86000061035156,148.02000427246094,145.97000122070312,146.25999450683594
2011-06-27,145.92999267578125,146.39999389648438,145.1999969482422,145.72999572753906
2011-06-28,146.16000366210938,146.77000427246094,145.6699981689453,146.24000549316406
2011-06-29,146.77000427246094,147.4199981689453,146.44000244140625,147.17999267578125
2011-06-30,147.17999267578125,147.41000366210938,145.97999572753906,146.0
2011-07-01,144.75999450683594,145.07000732421875,143.97000122070312,144.92999267578125
2011-07-05,146.9600067138672,147.82000732421875,146.85000610351562,147.6300048828125
2011-07-06,148.6999969482422,149.44000244140625,148.5800018310547,148.91000366210938
2011-07-07,148.97000122070312,149.35000610351562,148.2899932861328,149.14999389648438
2011-07-08,150.32000732421875,150.5,149.99000549316406,150.25
2011-07-11,151.3300018310547,151.69000244140625,150.1999969482422,151.58999633789062
2011-07-12,151.24000549316406,153.32000732421875,150.77000427246094,152.77000427246094
2011-07-13,153.75999450683594,154.7100067138672,153.5800018310547,154.13999938964844
2011-07-14,154.80999755859375,155.24000549316406,153.9499969482422,154.5399932861328
2011-07-15,154.33999633789062,155.2899932861328,154.22000122070312,155.1999969482422
2011-07-18,155.75999450683594,156.5800018310547,155.6699981689453,156.57000732421875
2011-07-19,156.32000732421875,156.32000732421875,154.10000610351562,154.66000366210938
2011-07-20,154.22000122070312,156.02000427246094,154.11000061035156,156.02000427246094
2011-07-21,155.91000366210938,156.0399932861328,154.3300018310547,154.8300018310547
2011-07-22,156.0,156.55999755859375,155.67999267578125,156.1199951171875
2011-07-25,157.60000610351562,157.8000030517578,156.72000122070312,157.33999633789062
2011-07-26,156.97000122070312,157.7899932861328,156.60000610351562,157.77000427246094
2011-07-27,158.47000122070312,158.63999938964844,156.69000244140625,157.19000244140625
2011-07-28,157.5399932861328,157.60000610351562,156.11000061035156,157.32000732421875
2011-07-29,158.42999267578125,159.25,157.67999267578125,158.2899932861328
2011-08-01,157.47000122070312,158.97000122070312,156.77999877929688,157.72000122070312
2011-08-02,159.3300018310547,161.6199951171875,158.97000122070312,161.52000427246094
2011-08-03,162.36000061035156,162.86000061035156,161.33999633789062,161.49000549316406
2011-08-04,163.61000061035156,163.8699951171875,159.67999267578125,160.63999938964844
2011-08-05,161.63999938964844,162.3699951171875,160.47999572753906,161.75
2011-08-08,165.47999572753906,167.61000061035156,164.75999450683594,167.1199951171875
2011-08-09,169.92999267578125,173.14999389648438,167.47999572753906,168.61000061035156
2011-08-10,172.4600067138672,175.1300048828125,171.6199951171875,174.5800018310547
2011-08-11,172.27999877929688,172.33999633789062,168.64999389648438,170.75
2011-08-12,169.57000732421875,170.05999755859375,167.77000427246094,169.97000122070312
2011-08-15,169.32000732421875,171.91000366210938,168.9499969482422,171.8000030517578
2011-08-16,172.60000610351562,174.07000732421875,172.5,173.9199981689453
2011-08-17,173.8699951171875,174.67999267578125,173.25,174.4199981689453
2011-08-18,177.14999389648438,178.10000610351562,176.41000366210938,177.72000122070312
2011-08-19,181.63999938964844,181.6699981689453,178.91000366210938,179.9499969482422
2011-08-22,181.9499969482422,184.82000732421875,181.60000610351562,184.58999633789062
2011-08-23,182.24000549316406,183.82000732421875,177.5,177.6699981689453
2011-08-24,177.89999389648438,178.30999755859375,170.30999755859375,171.64999389648438
2011-08-25,167.0,172.80999755859375,165.8800048828125,172.36000061035156
2011-08-26,173.57000732421875,177.5500030517578,171.75,177.47000122070312
2011-08-29,175.9499969482422,176.00999450683594,172.8800048828125,173.88999938964844
2011-08-30,177.6999969482422,179.30999755859375,176.66000366210938,179.10000610351562
2011-08-31,177.72999572753906,179.16000366210938,176.3300018310547,177.72000122070312
2011-09-01,177.44000244140625,178.25999450683594,176.5500030517578,177.8699951171875
2011-09-02,182.82000732421875,183.50999450683594,182.10000610351562,183.24000549316406
2011-09-06,184.5800018310547,185.85000610351562,181.30999755859375,182.89999389648438
2011-09-07,176.19000244140625,178.08999633789062,174.4499969482422,177.0800018310547
2011-09-08,181.38999938964844,182.1199951171875,179.77000427246094,181.80999755859375
2011-09-09,179.75999450683594,181.9499969482422,179.1699981689453,180.6999969482422
2011-09-12,178.72999572753906,178.99000549316406,175.3300018310547,176.6699981689453
2011-09-13,177.52000427246094,179.5399932861328,176.2899932861328,178.5399932861328
2011-09-14,177.5500030517578,177.77999877929688,176.0500030517578,177.2100067138672
2011-09-15,174.61000061035156,174.85000610351562,172.55999755859375,174.39999389648438
2011-09-16,173.72000122070312,177.39999389648438,173.7100067138672,176.02999877929688
2011-09-19,176.8300018310547,176.86000061035156,172.1999969482422,173.30999755859375
2011-09-20,173.17999267578125,176.3699951171875,172.83999633789062,175.77999877929688
2011-09-21,174.7899932861328,176.72999572753906,173.13999938964844,173.58999633789062
2011-09-22,169.3000030517578,170.32000732421875,167.47999572753906,169.0500030517578
2011-09-23,164.50999450683594,165.72000122070312,158.5500030517578,159.8000030517578
2011-09-26,157.1199951171875,158.8000030517578,154.19000244140625,157.5800018310547
2011-09-27,161.61000061035156,162.2899932861328,159.91000366210938,160.6300048828125
2011-09-28,160.72999572753906,161.2899932861328,155.55999755859375,156.22000122070312
2011-09-29,158.1199951171875,158.1999969482422,156.13999938964844,157.6999969482422
2011-09-30,157.3000030517578,160.0,156.3300018310547,158.05999755859375
2011-10-03,161.08999633789062,161.55999755859375,159.92999267578125,160.9600067138672
2011-10-04,160.9499969482422,161.02999877929688,155.27000427246094,157.63999938964844
2011-10-05,158.00999450683594,160.32000732421875,156.44000244140625,159.4600067138672
2011-10-06,160.02000427246094,161.11000061035156,158.77000427246094,160.49000549316406
2011-10-07,161.02000427246094,161.5800018310547,158.22999572753906,159.17999267578125
2011-10-10,162.0500030517578,163.32000732421875,161.13999938964844,163.27000427246094
2011-10-11,162.2100067138672,162.50999450683594,161.2100067138672,162.10000610351562
2011-10-12,163.6999969482422,164.0,162.5,163.25999450683594
2011-10-13,162.3000030517578,162.47999572753906,160.82000732421875,162.3000030517578
2011-10-14,163.3300018310547,163.82000732421875,162.25,163.39999389648438
2011-10-17,164.0,164.16000366210938,161.9499969482422,162.6199951171875
2011-10-18,159.9600067138672,162.02999877929688,158.3000030517578,161.83999633789062
2011-10-19,161.08999633789062,161.42999267578125,159.5500030517578,159.8699951171875
2011-10-20,157.6199951171875,158.4199981689453,156.0500030517578,157.77000427246094
2011-10-21,159.99000549316406,160.4499969482422,158.94000244140625,159.52000427246094
2011-10-24,160.5500030517578,161.3300018310547,160.22000122070312,161.02000427246094
2011-10-25,161.24000549316406,166.33999633789062,160.41000366210938,165.58999633789062
2011-10-26,167.02999877929688,168.0500030517578,166.4199981689453,167.39999389648438
2011-10-27,167.58999633789062,170.2899932861328,166.64999389648438,169.5500030517578
2011-10-28,169.63999938964844,169.94000244140625,168.75,169.6199951171875
2011-10-31,167.75999450683594,168.16000366210938,166.91000366210938,167.33999633789062
2011-11-01,164.02999877929688,167.41000366210938,163.61000061035156,167.3800048828125
2011-11-02,168.58999633789062,169.74000549316406,167.3000030517578,169.05999755859375
2011-11-03,171.1699981689453,172.0399932861328,169.89999389648438,171.72000122070312
2011-11-04,171.02999877929688,171.33999633789062,170.16000366210938,170.85000610351562
2011-11-07,172.85000610351562,175.0,172.7100067138672,174.97999572753906
2011-11-08,174.35000610351562,175.4600067138672,172.89999389648438,173.52999877929688
2011-11-09,174.27999877929688,174.80999755859375,171.61000061035156,172.07000732421875
2011-11-10,172.42999267578125,172.58999633789062,168.8300018310547,171.13999938964844
2011-11-11,172.10000610351562,174.0500030517578,172.07000732421875,173.9600067138672
2011-11-14,173.74000549316406,173.86000061035156,172.58999633789062,173.1999969482422
2011-11-15,173.35000610351562,173.80999755859375,171.89999389648438,173.36000061035156
2011-11-16,171.6300048828125,172.9600067138672,170.57000732421875,171.50999450683594
2011-11-17,170.0399932861328,170.3000030517578,166.38999938964844,167.10000610351562
2011-11-18,167.22999572753906,168.69000244140625,166.60000610351562,167.6199951171875
2011-11-21,166.61000061035156,166.7100067138672,162.07000732421875,163.5
2011-11-22,164.74000549316406,165.9199981689453,164.61000061035156,165.30999755859375
2011-11-23,164.5500030517578,165.3699951171875,163.1199951171875,164.8300018310547
2011-11-25,163.3300018310547,165.1999969482422,163.2899932861328,163.39999389648438
2011-11-28,166.92999267578125,167.13999938964844,165.97999572753906,166.6300048828125
2011-11-29,166.39999389648438,167.3300018310547,166.0800018310547,166.8800048828125
2011-11-30,169.6999969482422,170.3000030517578,169.05999755859375,170.1300048828125
2011-12-01,169.85000610351562,170.57000732421875,168.58999633789062,169.6300048828125
2011-12-02,170.64999389648438,170.8000030517578,169.36000061035156,169.82000732421875
2011-12-05,169.05999755859375,169.9499969482422,167.05999755859375,167.32000732421875
2011-12-06,166.30999755859375,168.57000732421875,165.52999877929688,168.17999267578125
2011-12-07,168.7899932861328,169.52000427246094,167.75999450683594,169.39999389648438
2011-12-08,166.9600067138672,167.6300048828125,165.72999572753906,165.97999572753906
2011-12-09,166.42999267578125,167.33999633789062,166.1199951171875,166.39999389648438
2011-12-12,162.35000610351562,162.41000366210938,161.13999938964844,161.99000549316406
2011-12-13,161.86000061035156,163.19000244140625,157.75999450683594,158.4499969482422
2011-12-14,156.7899932861328,157.33999633789062,152.0500030517578,152.88999938964844
2011-12-15,154.74000549316406,154.9499969482422,151.7100067138672,152.3300018310547
2011-12-16,154.30999755859375,155.3699951171875,153.89999389648438,155.22999572753906
2011-12-19,155.47999572753906,155.86000061035156,154.36000061035156,154.8699951171875
2011-12-20,156.82000732421875,157.42999267578125,156.5800018310547,156.97999572753906
2011-12-21,156.97999572753906,157.52999877929688,156.1300048828125,157.16000366210938
2011-12-22,156.35000610351562,156.8000030517578,155.3300018310547,156.0399932861328
2011-12-23,156.35000610351562,156.49000549316406,155.82000732421875,156.30999755859375
2011-12-27,155.0800018310547,155.5500030517578,154.5399932861328,154.91000366210938
2011-12-28,154.0500030517578,154.25999450683594,150.66000366210938,151.02999877929688
2011-12-29,149.08999633789062,150.72000122070312,148.27000427246094,150.33999633789062
2011-12-30,152.13999938964844,153.75,151.7899932861328,151.99000549316406
2012-01-03,154.75999450683594,156.3000030517578,154.5500030517578,155.9199981689453
2012-01-04,155.42999267578125,157.3800048828125,155.33999633789062,156.7100067138672
2012-01-05,155.3699951171875,158.02999877929688,155.25,157.77999877929688
2012-01-06,158.58999633789062,158.6300048828125,156.3800048828125,157.1999969482422
2012-01-09,157.36000061035156,157.58999633789062,156.19000244140625,156.5
2012-01-10,158.97000122070312,159.47000122070312,158.47000122070312,158.63999938964844
2012-01-11,159.33999633789062,160.0500030517578,158.91000366210938,159.6699981689453
2012-01-12,161.02000427246094,161.6199951171875,159.8300018310547,160.3800048828125
2012-01-13,159.32000732421875,159.58999633789062,158.00999450683594,159.25999450683594
2012-01-17,161.1699981689453,161.64999389648438,160.4199981689453,160.5
2012-01-18,159.94000244140625,161.63999938964844,159.67999267578125,161.60000610351562
2012-01-19,160.9600067138672,161.4499969482422,160.3300018310547,161.22000122070312
2012-01-20,160.5,162.08999633789062,160.0,162.07000732421875
2012-01-23,162.32000732421875,163.47000122070312,162.32000732421875,163.16000366210938
2012-01-24,161.80999755859375,162.3699951171875,161.52999877929688,162.00999450683594
2012-01-25,161.07000732421875,166.5500030517578,160.2899932861328,166.4199981689453
2012-01-26,168.0500030517578,168.30999755859375,167.0500030517578,167.27000427246094
2012-01-27,167.44000244140625,169.0,167.41000366210938,168.97000122070312
2012-01-30,168.19000244140625,168.5399932861328,167.74000549316406,168.02999877929688
2012-01-31,169.77000427246094,169.86000061035156,167.72000122070312,169.30999755859375
2012-02-01,169.75,170.17999267578125,169.0800018310547,169.55999755859375
2012-02-02,169.9600067138672,171.22999572753906,169.67999267578125,171.0500030517578
2012-02-03,169.8800048828125,170.13999938964844,167.50999450683594,167.63999938964844
2012-02-06,166.9600067138672,167.67999267578125,166.61000061035156,167.17999267578125
2012-02-07,167.3800048828125,170.08999633789062,167.14999389648438,169.6999969482422
2012-02-08,169.25999450683594,169.9600067138672,167.5,168.5
2012-02-09,170.00999450683594,170.3699951171875,167.6699981689453,168.02000427246094
2012-02-10,166.49000549316406,167.63999938964844,166.3300018310547,167.13999938964844
2012-02-13,167.3300018310547,167.94000244140625,166.74000549316406,167.50999450683594
2012-02-14,167.64999389648438,167.92999267578125,166.4199981689453,167.1199951171875
2012-02-15,168.6300048828125,168.75,167.19000244140625,168.11000061035156
2012-02-16,166.3300018310547,168.13999938964844,166.1699981689453,168.0
2012-02-17,168.2899932861328,168.3300018310547,166.8699951171875,167.35000610351562
2012-02-21,169.64999389648438,171.07000732421875,169.58999633789062,171.02000427246094
2012-02-22,170.39999389648438,173.1699981689453,170.19000244140625,172.94000244140625
2012-02-23,172.69000244140625,173.77000427246094,172.27999877929688,173.02000427246094
2012-02-24,172.6300048828125,173.0399932861328,172.0,172.22999572753906
2012-02-27,172.13999938964844,172.9199981689453,171.5800018310547,171.6999969482422
2012-02-28,172.83999633789062,174.0,172.60000610351562,173.49000549316406
2012-02-29,173.19000244140625,173.58999633789062,164.0,164.2899932861328
2012-03-01,166.10000610351562,167.72000122070312,165.75,166.61000061035156
2012-03-02,166.22999572753906,166.8300018310547,165.6300048828125,166.33999633789062
2012-03-05,165.77000427246094,165.91000366210938,164.5500030517578,165.64999389648438
2012-03-06,162.14999389648438,162.80999755859375,161.77999877929688,162.6999969482422
2012-03-07,162.75999450683594,164.02000427246094,162.50999450683594,163.6300048828125
2012-03-08,164.74000549316406,165.5500030517578,164.0500030517578,165.27999877929688
2012-03-09,163.63999938964844,166.57000732421875,163.25,166.3800048828125
2012-03-12,165.3300018310547,165.5800018310547,164.39999389648438,165.07000732421875
2012-03-13,163.94000244140625,165.41000366210938,161.42999267578125,162.3000030517578
2012-03-14,159.61000061035156,160.5800018310547,158.8000030517578,159.57000732421875
2012-03-15,159.72999572753906,161.97999572753906,159.27999877929688,161.0800018310547
2012-03-16,160.0800018310547,161.5399932861328,159.9199981689453,161.3000030517578
2012-03-19,160.85000610351562,162.3000030517578,160.72000122070312,161.58999633789062
2012-03-20,160.1999969482422,161.0800018310547,159.77000427246094,160.1300048828125
2012-03-21,160.6300048828125,161.47999572753906,160.14999389648438,160.2100067138672
2012-03-22,158.1999969482422,159.7100067138672,158.1300048828125,159.57000732421875
2012-03-23,160.8800048828125,161.8800048828125,160.52000427246094,161.52999877929688
2012-03-26,163.1699981689453,164.5399932861328,162.9499969482422,164.39999389648438
2012-03-27,164.52000427246094,164.88999938964844,163.1300048828125,163.24000549316406
2012-03-28,162.7100067138672,162.97999572753906,160.66000366210938,161.50999450683594
2012-03-29,161.13999938964844,161.4600067138672,159.80999755859375,161.27999877929688
2012-03-30,161.6699981689453,162.3300018310547,161.22000122070312,162.1199951171875
2012-04-02,161.9600067138672,163.55999755859375,161.80999755859375,162.94000244140625
2012-04-03,163.22999572753906,163.22999572753906,159.1699981689453,159.88999938964844
2012-04-04,157.6999969482422,158.02999877929688,156.5800018310547,157.2100067138672
2012-04-05,157.8699951171875,158.67999267578125,157.77999877929688,158.30999755859375
2012-04-09,159.72000122070312,160.00999450683594,158.91000366210938,159.3699951171875
2012-04-10,159.66000366210938,161.5800018310547,158.47000122070312,161.10000610351562
2012-04-11,161.1999969482422,161.5399932861328,160.74000549316406,161.07000732421875
2012-04-12,160.74000549316406,163.1999969482422,160.4600067138672,162.6999969482422
2012-04-13,162.4499969482422,162.4600067138672,160.1699981689453,160.85000610351562
2012-04-16,160.50999450683594,161.17999267578125,159.52999877929688,160.4600067138672
2012-04-17,160.5399932861328,160.9600067138672,158.75,160.25
2012-04-18,159.49000549316406,160.1199951171875,159.07000732421875,159.30999755859375
2012-04-19,160.0,160.63999938964844,159.02000427246094,159.42999267578125
2012-04-20,159.25,159.91000366210938,159.1999969482422,159.5399932861328
2012-04-23,158.1999969482422,159.17999267578125,157.8800048828125,159.07000732421875
2012-04-24,159.6300048828125,160.17999267578125,159.2899932861328,159.3000030517578
2012-04-25,159.47999572753906,159.9600067138672,157.75999450683594,159.6199951171875
2012-04-26,160.4600067138672,161.3800048828125,160.10000610351562,161.02999877929688
2012-04-27,161.77999877929688,161.97000122070312,161.14999389648438,161.3800048828125
2012-04-30,160.49000549316406,161.8800048828125,160.30999755859375,161.8800048828125
2012-05-01,162.08999633789062,162.17999267578125,160.88999938964844,161.32000732421875
2012-05-02,160.74000549316406,160.77999877929688,159.75999450683594,160.58999633789062
2012-05-03,159.16000366210938,159.47999572753906,158.3699951171875,158.97000122070312
2012-05-04,158.82000732421875,159.97999572753906,158.57000732421875,159.47000122070312
2012-05-07,159.30999755859375,159.33999633789062,158.4499969482422,159.0800018310547
2012-05-08,156.61000061035156,156.72999572753906,154.9199981689453,156.0
2012-05-09,154.10000610351562,154.97999572753906,153.60000610351562,154.47000122070312
2012-05-10,155.16000366210938,155.57000732421875,154.63999938964844,154.77000427246094
2012-05-11,153.44000244140625,154.47000122070312,153.24000549316406,153.55999755859375
2012-05-14,151.5800018310547,152.02999877929688,151.0,151.3300018310547
2012-05-15,151.16000366210938,151.44000244140625,149.6300048828125,149.74000549316406
2012-05-16,149.47999572753906,150.6999969482422,148.60000610351562,149.4600067138672
2012-05-17,150.8300018310547,153.39999389648438,150.3800048828125,152.8000030517578
2012-05-18,154.4600067138672,155.1300048828125,153.97000122070312,154.5500030517578
2012-05-21,154.11000061035156,154.9499969482422,153.86000061035156,154.64999389648438
2012-05-22,153.58999633789062,154.4199981689453,151.5500030517578,152.0800018310547
2012-05-23,151.5,151.83999633789062,148.83999633789062,151.6199951171875
2012-05-24,152.7100067138672,152.91000366210938,150.6199951171875,151.41000366210938
2012-05-25,151.88999938964844,152.85000610351562,151.6300048828125,152.67999267578125
2012-05-29,153.47000122070312,153.6199951171875,150.25,151.02000427246094
2012-05-30,149.74000549316406,152.3800048828125,148.52999877929688,151.91000366210938
2012-05-31,152.02999877929688,152.7100067138672,150.6199951171875,151.6199951171875
2012-06-01,155.41000366210938,158.30999755859375,154.8699951171875,157.5
2012-06-04,157.25999450683594,157.44000244140625,156.16000366210938,157.32000732421875
2012-06-05,156.9199981689453,157.27000427246094,156.4199981689453,157.13999938964844
2012-06-06,158.89999389648438,159.1999969482422,156.58999633789062,157.2100067138672
2012-06-07,157.82000732421875,157.83999633789062,153.19000244140625,154.5
2012-06-08,153.02000427246094,154.8300018310547,153.0,154.72999572753906
2012-06-11,154.8300018310547,155.39999389648438,153.5500030517578,155.36000061035156
2012-06-12,155.49000549316406,157.0399932861328,155.4499969482422,156.4600067138672
2012-06-13,157.61000061035156,157.64999389648438,156.4199981689453,157.1199951171875
2012-06-14,157.63999938964844,157.94000244140625,156.24000549316406,157.75
2012-06-15,157.75,158.4600067138672,157.4199981689453,157.83999633789062
2012-06-18,157.4600067138672,158.2100067138672,156.5399932861328,157.92999267578125
2012-06-19,158.0,158.13999938964844,156.97000122070312,157.16000366210938
2012-06-20,156.0,157.3699951171875,154.25999450683594,155.97000122070312
2012-06-21,153.72999572753906,154.22999572753906,151.8000030517578,152.02000427246094
2012-06-22,152.0399932861328,152.6999969482422,151.2100067138672,152.63999938964844
2012-06-25,152.5800018310547,154.16000366210938,152.25,153.75999450683594
2012-06-26,153.02999877929688,153.3000030517578,152.1300048828125,152.6199951171875
2012-06-27,153.3000030517578,153.4499969482422,152.14999389648438,152.8300018310547
2012-06-28,151.89999389648438,152.16000366210938,150.14999389648438,151.0500030517578
2012-06-29,155.1300048828125,155.9499969482422,154.52000427246094,155.19000244140625
2012-07-02,154.6699981689453,155.5500030517578,154.33999633789062,155.08999633789062
2012-07-03,156.97000122070312,157.72000122070312,156.77000427246094,157.4600067138672
2012-07-05,155.44000244140625,156.39999389648438,154.4499969482422,155.67999267578125
2012-07-06,154.22999572753906,154.49000549316406,152.9499969482422,153.7100067138672
2012-07-09,153.61000061035156,154.5800018310547,153.42999267578125,154.0399932861328
2012-07-10,155.1300048828125,155.17999267578125,151.77999877929688,152.14999389648438
2012-07-11,152.5800018310547,153.4499969482422,152.02000427246094,152.99000549316406
2012-07-12,151.25999450683594,153.07000732421875,150.85000610351562,152.58999633789062
2012-07-13,153.4499969482422,154.94000244140625,153.44000244140625,154.13999938964844
2012-07-16,154.42999267578125,154.75,153.97999572753906,154.2100067138672
2012-07-17,154.00999450683594,154.5,152.4499969482422,153.47000122070312
2012-07-18,152.6699981689453,153.60000610351562,152.39999389648438,153.0500030517578
2012-07-19,153.72999572753906,154.32000732421875,152.92999267578125,153.3800048828125
2012-07-20,152.97000122070312,154.0,152.75,153.6699981689453
2012-07-23,152.5,153.3300018310547,152.2899932861328,153.02999877929688
2012-07-24,153.6300048828125,153.8000030517578,152.1999969482422,153.52000427246094
2012-07-25,155.3300018310547,156.2899932861328,155.0500030517578,155.6699981689453
2012-07-26,156.6999969482422,157.25999450683594,156.0500030517578,156.77000427246094
2012-07-27,157.63999938964844,157.9600067138672,156.66000366210938,157.5399932861328
2012-07-30,156.83999633789062,157.66000366210938,154.80999755859375,157.42999267578125
2012-07-31,157.60000610351562,157.72000122070312,156.25999450683594,156.49000549316406
2012-08-01,155.17999267578125,155.7899932861328,154.41000366210938,155.13999938964844
2012-08-02,154.66000366210938,155.13999938964844,153.61000061035156,154.1300048828125
2012-08-03,154.64999389648438,155.88999938964844,154.4199981689453,155.5500030517578
2012-08-06,155.9199981689453,156.72999572753906,155.74000549316406,156.3000030517578
2012-08-07,156.3699951171875,156.6300048828125,156.00999450683594,156.27999877929688
2012-08-08,156.49000549316406,156.86000061035156,156.25999450683594,156.47999572753906
2012-08-09,156.36000061035156,157.0,156.27999877929688,156.99000549316406
2012-08-10,156.89999389648438,157.82000732421875,156.64999389648438,157.17999267578125
2012-08-13,157.0500030517578,157.4499969482422,155.89999389648438,155.99000549316406
2012-08-14,155.05999755859375,155.5800018310547,154.8300018310547,155.1300048828125
2012-08-15,155.32000732421875,155.82000732421875,155.27000427246094,155.6300048828125
2012-08-16,155.85000610351562,157.08999633789062,155.5,156.55999755859375
2012-08-17,157.05999755859375,157.07000732421875,156.22000122070312,156.72000122070312
2012-08-20,156.52000427246094,157.39999389648438,156.47000122070312,157.25999450683594
2012-08-21,158.80999755859375,159.1999969482422,158.69000244140625,158.8300018310547
2012-08-22,159.19000244140625,160.6300048828125,158.50999450683594,160.5399932861328
2012-08-23,161.41000366210938,162.4499969482422,161.22999572753906,161.88999938964844
2012-08-24,161.8699951171875,162.35000610351562,161.3300018310547,161.97000122070312
2012-08-27,161.77000427246094,162.2899932861328,161.33999633789062,161.36000061035156
2012-08-28,161.6300048828125,162.19000244140625,161.3000030517578,161.63999938964844
2012-08-29,161.60000610351562,161.67999267578125,160.17999267578125,160.58999633789062
2012-08-30,161.25999450683594,161.30999755859375,160.00999450683594,160.52000427246094
2012-08-31,161.13999938964844,164.22000122070312,159.55999755859375,164.22000122070312
2012-09-04,164.11000061035156,164.77000427246094,163.66000366210938,164.47999572753906
2012-09-05,164.1199951171875,164.38999938964844,163.80999755859375,164.30999755859375
2012-09-06,165.16000366210938,165.77999877929688,164.8000030517578,164.88999938964844
2012-09-07,167.77000427246094,169.0,167.3699951171875,168.44000244140625
2012-09-10,167.83999633789062,168.13999938964844,167.22999572753906,167.2899932861328
2012-09-11,168.22000122070312,168.52999877929688,167.7899932861328,167.89999389648438
2012-09-12,168.83999633789062,168.8699951171875,167.25,167.9199981689453
2012-09-13,167.8699951171875,171.91000366210938,166.3000030517578,171.30999755859375
2012-09-14,171.88999938964844,172.22999572753906,171.30999755859375,171.8000030517578
2012-09-17,171.77000427246094,171.9600067138672,170.05999755859375,170.39999389648438
2012-09-18,170.80999755859375,171.9499969482422,170.6699981689453,171.72000122070312
2012-09-19,171.8800048828125,172.02999877929688,171.19000244140625,171.74000549316406
2012-09-20,171.02999877929688,171.69000244140625,170.22999572753906,171.47000122070312
2012-09-21,172.92999267578125,173.17999267578125,171.5399932861328,171.9600067138672
2012-09-24,170.6300048828125,171.38999938964844,170.57000732421875,171.0500030517578
2012-09-25,171.75999450683594,172.11000061035156,170.5,170.77000427246094
2012-09-26,169.4600067138672,170.0500030517578,168.33999633789062,169.80999755859375
2012-09-27,171.02000427246094,172.60000610351562,170.75999450683594,172.33999633789062
2012-09-28,172.02999877929688,172.47999572753906,171.33999633789062,171.88999938964844
2012-10-01,172.8300018310547,173.6199951171875,171.77000427246094,172.2899932861328
2012-10-02,172.47000122070312,172.6999969482422,171.58999633789062,172.10000610351562
2012-10-03,172.50999450683594,172.61000061035156,171.88999938964844,172.41000366210938
2012-10-04,173.1999969482422,174.07000732421875,172.9199981689453,173.61000061035156
2012-10-05,172.8699951171875,173.3699951171875,172.00999450683594,172.6199951171875
2012-10-08,171.75,172.27999877929688,171.67999267578125,172.0500030517578
2012-10-09,171.86000061035156,172.1699981689453,170.55999755859375,170.99000549316406
2012-10-10,170.5399932861328,171.33999633789062,170.3000030517578,170.83999633789062
2012-10-11,171.3000030517578,171.9499969482422,171.1300048828125,171.32000732421875
2012-10-12,171.14999389648438,171.41000366210938,169.80999755859375,170.05999755859375
2012-10-15,169.00999450683594,169.10000610351562,167.52999877929688,168.35000610351562
2012-10-16,168.8699951171875,169.4499969482422,168.6699981689453,169.4199981689453
2012-10-17,169.2100067138672,169.9499969482422,168.9199981689453,169.5399932861328
2012-10-18,168.8000030517578,169.30999755859375,168.58999633789062,168.7899932861328
2012-10-19,168.4199981689453,168.4499969482422,166.22999572753906,166.97000122070312
2012-10-22,167.0800018310547,167.6300048828125,167.02999877929688,167.5800018310547
2012-10-23,166.0399932861328,166.05999755859375,165.1199951171875,165.42999267578125
2012-10-24,165.77999877929688,165.8300018310547,164.60000610351562,164.86000061035156
2012-10-25,166.2899932861328,166.52999877929688,165.77000427246094,166.02000427246094
2012-10-26,166.22999572753906,166.60000610351562,165.77000427246094,165.92999267578125
2012-10-31,166.47000122070312,167.27999877929688,166.3800048828125,166.8300018310547
2012-11-01,167.02000427246094,167.0399932861328,166.0399932861328,166.07000732421875
2012-11-02,164.4499969482422,164.47000122070312,162.3000030517578,162.60000610351562
2012-11-05,163.1199951171875,163.4199981689453,162.80999755859375,163.22999572753906
2012-11-06,163.91000366210938,166.77000427246094,163.61000061035156,166.3000030517578
2012-11-07,166.8699951171875,167.1300048828125,165.0399932861328,166.49000549316406
2012-11-08,166.13999938964844,168.16000366210938,166.1199951171875,167.99000549316406
2012-11-09,168.2100067138672,168.5399932861328,167.5500030517578,167.82000732421875
2012-11-12,168.10000610351562,168.27999877929688,167.2100067138672,167.4499969482422
2012-11-13,166.66000366210938,167.94000244140625,166.6300048828125,167.10000610351562
2012-11-14,167.4600067138672,168.0399932861328,166.77999877929688,167.13999938964844
2012-11-15,167.0,167.0500030517578,165.17999267578125,166.08999633789062
2012-11-16,165.74000549316406,166.36000061035156,165.47000122070312,165.8800048828125
2012-11-19,167.75,168.16000366210938,167.3800048828125,167.8699951171875
2012-11-20,167.75,168.02000427246094,166.83999633789062,167.38999938964844
2012-11-21,167.19000244140625,167.82000732421875,166.97000122070312,167.55999755859375
2012-11-23,167.97000122070312,170.00999450683594,167.8000030517578,169.61000061035156
2012-11-26,169.55999755859375,169.72999572753906,169.25,169.42999267578125
2012-11-27,169.13999938964844,169.39999389648438,168.6199951171875,168.7100067138672
2012-11-28,165.42999267578125,166.83999633789062,165.3800048828125,166.5500030517578
2012-11-29,167.13999938964844,167.5,166.85000610351562,167.17999267578125
2012-11-30,166.94000244140625,167.22000122070312,165.52999877929688,166.0500030517578
2012-12-03,166.11000061035156,166.9199981689453,166.0399932861328,166.1300048828125
2012-12-04,164.05999755859375,164.8300018310547,163.8699951171875,164.4199981689453
2012-12-05,164.22000122070312,164.5,163.1999969482422,164.1199951171875
2012-12-06,163.72000122070312,165.0,163.52999877929688,164.5
2012-12-07,164.8800048828125,165.22000122070312,164.60000610351562,165.16000366210938
2012-12-10,166.11000061035156,166.16000366210938,165.7100067138672,165.8000030517578
2012-12-11,165.4499969482422,165.66000366210938,165.1199951171875,165.64999389648438
2012-12-12,166.1999969482422,166.94000244140625,165.36000061035156,165.77000427246094
2012-12-13,163.8699951171875,164.89999389648438,163.77999877929688,164.3699951171875
2012-12-14,164.1699981689453,164.47999572753906,164.02000427246094,164.1300048828125
2012-12-17,164.16000366210938,164.6199951171875,164.1300048828125,164.44000244140625
2012-12-18,164.35000610351562,164.42999267578125,160.89999389648438,162.0800018310547
2012-12-19,161.30999755859375,162.22000122070312,161.11000061035156,161.69000244140625
2012-12-20,159.8699951171875,160.1199951171875,158.38999938964844,159.72999572753906
2012-12-21,159.82000732421875,160.75999450683594,159.77999877929688,160.3300018310547
2012-12-24,160.8800048828125,160.9600067138672,160.47000122070312,160.6199951171875
2012-12-26,161.36000061035156,161.49000549316406,160.63999938964844,160.77999877929688
2012-12-27,160.22999572753906,161.30999755859375,160.0500030517578,161.16000366210938
2012-12-28,160.94000244140625,160.97000122070312,160.14999389648438,160.5399932861328
2012-12-31,160.89999389648438,162.75,160.77000427246094,162.02000427246094
2013-01-02,163.49000549316406,164.13999938964844,163.13999938964844,163.1699981689453
2013-01-03,162.47999572753906,162.8800048828125,160.8300018310547,161.1999969482422
2013-01-04,159.52000427246094,160.6300048828125,158.88999938964844,160.44000244140625
2013-01-07,159.36000061035156,159.9600067138672,159.14999389648438,159.42999267578125
2013-01-08,160.4600067138672,160.99000549316406,160.00999450683594,160.55999755859375
2013-01-09,160.77000427246094,160.8300018310547,159.89999389648438,160.49000549316406
2013-01-10,161.61000061035156,162.55999755859375,161.61000061035156,161.97999572753906
2013-01-11,161.86000061035156,161.89999389648438,160.11000061035156,161.05999755859375
2013-01-14,161.8800048828125,161.97000122070312,161.1300048828125,161.5399932861328
2013-01-15,162.8000030517578,163.1699981689453,162.35000610351562,162.55999755859375
2013-01-16,162.4199981689453,163.02999877929688,162.14999389648438,162.64999389648438
2013-01-17,161.94000244140625,164.39999389648438,161.8300018310547,163.35000610351562
2013-01-18,163.9499969482422,163.97000122070312,163.02000427246094,163.08999633789062
2013-01-22,163.47999572753906,164.22000122070312,163.3699951171875,163.6699981689453
2013-01-23,163.9199981689453,163.9499969482422,163.0,163.2100067138672
2013-01-24,161.97999572753906,162.27000427246094,161.17999267578125,161.4199981689453
2013-01-25,160.55999755859375,161.0399932861328,160.30999755859375,160.64999389648438
2013-01-28,160.24000549316406,160.72999572753906,160.02000427246094,160.2899932861328
2013-01-29,161.00999450683594,161.30999755859375,160.69000244140625,160.99000549316406
2013-01-30,162.67999267578125,163.0399932861328,162.02999877929688,162.19000244140625
2013-01-31,161.6199951171875,161.80999755859375,160.47000122070312,161.1999969482422
2013-02-01,162.66000366210938,162.77000427246094,160.8699951171875,161.4499969482422
2013-02-04,161.19000244140625,162.4199981689453,161.14999389648438,162.0
2013-02-05,162.75,162.7899932861328,161.3300018310547,161.9600067138672
2013-02-06,162.1300048828125,162.6300048828125,161.99000549316406,162.38999938964844
2013-02-07,161.24000549316406,162.9600067138672,161.1300048828125,161.83999633789062
2013-02-08,161.4600067138672,162.02000427246094,161.1999969482422,161.57000732421875
2013-02-11,159.77999877929688,159.97999572753906,159.25,159.6999969482422
2013-02-12,159.35000610351562,160.0500030517578,158.8800048828125,159.88999938964844
2013-02-13,159.60000610351562,159.63999938964844,158.77000427246094,159.0500030517578
2013-02-14,159.30999755859375,159.64999389648438,158.0399932861328,158.35000610351562
2013-02-15,156.4199981689453,156.5800018310547,154.55999755859375,155.75999450683594
2013-02-19,155.8000030517578,155.83999633789062,154.92999267578125,155.3300018310547
2013-02-20,153.89999389648438,153.92999267578125,150.83999633789062,151.44000244140625
2013-02-21,152.0,153.41000366210938,151.89999389648438,152.6199951171875
2013-02-22,152.25999450683594,152.99000549316406,151.92999267578125,152.97000122070312
2013-02-25,153.52000427246094,154.55999755859375,153.30999755859375,154.33999633789062
2013-02-26,154.38999938964844,156.8000030517578,153.32000732421875,156.22000122070312
2013-02-27,155.4600067138672,155.60000610351562,154.0800018310547,154.57000732421875
2013-02-28,154.08999633789062,154.16000366210938,152.38999938964844,153.0
2013-03-01,153.16000366210938,153.61000061035156,152.13999938964844,152.44000244140625
2013-03-04,152.4499969482422,152.74000549316406,151.8699951171875,152.3000030517578
2013-03-05,153.10000610351562,153.38999938964844,152.11000061035156,152.3800048828125
2013-03-06,152.1699981689453,153.3800048828125,151.64999389648438,153.22999572753906
2013-03-07,153.02000427246094,153.2100067138672,152.39999389648438,152.69000244140625
2013-03-08,151.61000061035156,153.2899932861328,151.39999389648438,152.7100067138672
2013-03-11,152.82000732421875,153.05999755859375,152.64999389648438,152.99000549316406
2013-03-12,154.07000732421875,154.69000244140625,153.89999389648438,154.19000244140625
2013-03-13,154.25999450683594,154.60000610351562,153.4199981689453,153.66000366210938
2013-03-14,153.02000427246094,154.1699981689453,153.00999450683594,153.67999267578125
2013-03-15,154.1199951171875,154.72000122070312,153.97000122070312,154.0
2013-03-18,155.6999969482422,155.92999267578125,155.0,155.3800048828125
2013-03-19,155.22000122070312,156.33999633789062,155.10000610351562,156.0800018310547
2013-03-20,155.52999877929688,155.8300018310547,154.8800048828125,155.3699951171875
2013-03-21,156.1699981689453,156.42999267578125,155.8800048828125,156.25
2013-03-22,155.4499969482422,155.99000549316406,155.4199981689453,155.5500030517578
2013-03-25,154.7100067138672,155.57000732421875,154.36000061035156,155.24000549316406
2013-03-26,154.47000122070312,154.91000366210938,154.27999877929688,154.72000122070312
2013-03-27,154.6699981689453,155.6199951171875,154.50999450683594,155.36000061035156
2013-03-28,154.5,154.8000030517578,154.22000122070312,154.4499969482422
2013-04-01,154.57000732421875,154.92999267578125,154.3000030517578,154.6699981689453
2013-04-02,153.08999633789062,153.30999755859375,152.25999450683594,152.42999267578125
2013-04-03,152.02000427246094,152.52999877929688,149.9199981689453,150.72999572753906
2013-04-04,149.64999389648438,150.60000610351562,149.44000244140625,150.2899932861328
2013-04-05,151.5399932861328,152.9600067138672,151.07000732421875,152.80999755859375
2013-04-08,152.38999938964844,152.58999633789062,151.60000610351562,152.16000366210938
2013-04-09,152.32000732421875,153.85000610351562,152.27999877929688,153.33999633789062
2013-04-10,152.6699981689453,152.7100067138672,150.5800018310547,150.75
2013-04-11,150.75999450683594,151.7100067138672,150.6300048828125,151.0500030517578
2013-04-12,148.64999389648438,148.85000610351562,143.42999267578125,143.9499969482422
2013-04-15,136.0,136.75,130.50999450683594,131.30999755859375
2013-04-16,134.89999389648438,135.11000061035156,131.75999450683594,132.8000030517578
2013-04-17,133.80999755859375,134.9499969482422,132.32000732421875,132.8699951171875
2013-04-18,134.1199951171875,135.30999755859375,133.6199951171875,134.3000030517578
2013-04-19,136.0,136.02000427246094,134.60000610351562,135.47000122070312
2013-04-22,138.14999389648438,138.27000427246094,137.22000122070312,137.89999389648438
2013-04-23,137.22000122070312,137.24000549316406,135.85000610351562,136.8800048828125
2013-04-24,138.08999633789062,138.5500030517578,137.4499969482422,138.3699951171875
2013-04-25,140.0,142.0800018310547,139.7899932861328,141.6300048828125
2013-04-26,142.3000030517578,143.42999267578125,140.0399932861328,140.91000366210938
2013-04-29,142.1300048828125,142.66000366210938,141.49000549316406,142.3000030517578
2013-04-30,142.27000427246094,142.8300018310547,141.5500030517578,142.77000427246094
2013-05-01,140.58999633789062,141.5500030517578,139.3000030517578,141.11000061035156
2013-05-02,142.0,142.47000122070312,141.63999938964844,141.9199981689453
2013-05-03,141.6999969482422,142.7100067138672,141.39999389648438,142.08999633789062
2013-05-06,142.3300018310547,142.4600067138672,141.6300048828125,142.14999389648438
2013-05-07,140.3800048828125,140.63999938964844,139.3699951171875,140.3800048828125
2013-05-08,141.77999877929688,142.80999755859375,141.49000549316406,142.4600067138672
2013-05-09,141.3300018310547,142.36000061035156,140.50999450683594,140.80999755859375
2013-05-10,138.22000122070312,139.75,137.25999450683594,139.60000610351562
2013-05-13,138.4600067138672,138.97000122070312,138.16000366210938,138.42999267578125
2013-05-14,137.9499969482422,139.16000366210938,137.63999938964844,137.80999755859375
2013-05-15,136.58999633789062,136.97999572753906,134.22999572753906,134.6300048828125
2013-05-16,133.17999267578125,134.47999572753906,133.0,134.08999633789062
2013-05-17,133.1699981689453,133.47999572753906,131.02000427246094,131.07000732421875
2013-05-20,130.8800048828125,135.32000732421875,130.85000610351562,135.1199951171875
2013-05-21,132.1699981689453,133.64999389648438,131.4499969482422,132.8800048828125
2013-05-22,134.17999267578125,136.77000427246094,130.9499969482422,131.94000244140625
2013-05-23,134.50999450683594,134.83999633789062,133.1199951171875,134.61000061035156
2013-05-24,134.11000061035156,134.50999450683594,133.63999938964844,133.75999450683594
2013-05-28,133.67999267578125,135.57000732421875,132.8000030517578,133.49000549316406
2013-05-29,134.08999633789062,134.91000366210938,133.63999938964844,134.8300018310547
2013-05-30,136.6699981689453,137.11000061035156,136.25999450683594,136.6999969482422
2013-05-31,135.7100067138672,136.0500030517578,133.88999938964844,133.9199981689453
2013-06-03,134.77000427246094,136.97999572753906,134.42999267578125,136.50999450683594
2013-06-04,135.2100067138672,135.44000244140625,134.27000427246094,135.22999572753906
2013-06-05,135.47000122070312,136.3699951171875,135.00999450683594,135.52000427246094
2013-06-06,135.38999938964844,137.6199951171875,134.97999572753906,136.52999877929688
2013-06-07,134.11000061035156,134.6199951171875,133.17999267578125,133.27999877929688
2013-06-10,133.3000030517578,134.27999877929688,132.99000549316406,133.94000244140625
2013-06-11,132.30999755859375,133.50999450683594,132.24000549316406,133.25
2013-06-12,132.9499969482422,134.8300018310547,132.8300018310547,134.25
2013-06-13,133.30999755859375,134.1999969482422,132.82000732421875,133.74000549316406
2013-06-14,134.0,134.60000610351562,133.8800048828125,134.42999267578125
2013-06-17,133.88999938964844,134.05999755859375,133.52000427246094,133.77000427246094
2013-06-18,132.72000122070312,132.9600067138672,131.52999877929688,132.1300048828125
2013-06-19,132.5800018310547,133.14999389648438,130.3800048828125,130.58999633789062
2013-06-20,125.22000122070312,126.37999725341797,123.33000183105469,123.5999984741211
2013-06-21,125.16000366210938,125.56999969482422,124.45999908447266,125.05000305175781
2013-06-24,124.30999755859375,124.69999694824219,123.30999755859375,123.93000030517578
2013-06-25,123.6500015258789,123.9000015258789,122.87999725341797,123.47000122070312
2013-06-26,119.87999725341797,119.9000015258789,118.05999755859375,118.27999877929688
2013-06-27,119.0999984741211,119.51000213623047,115.6500015258789,115.94000244140625
2013-06-28,115.22000122070312,119.33000183105469,114.68000030517578,119.11000061035156
2013-07-01,119.94000244140625,121.94999694824219,119.37999725341797,121.12999725341797
2013-07-02,121.33999633789062,121.47000122070312,119.77999877929688,120.05000305175781
2013-07-03,120.69999694824219,121.7699966430664,120.54000091552734,120.73999786376953
2013-07-05,118.08000183105469,118.18000030517578,116.73999786376953,118.08999633789062
2013-07-08,119.08999633789062,119.66000366210938,118.93000030517578,119.51000213623047
2013-07-09,120.83999633789062,121.51000213623047,120.05000305175781,120.62000274658203
2013-07-10,121.1500015258789,122.3499984741211,120.58999633789062,120.94999694824219
2013-07-11,124.26000213623047,124.36000061035156,123.47000122070312,124.23999786376953
2013-07-12,123.5199966430664,124.30000305175781,123.31999969482422,124.12999725341797
2013-07-15,124.08000183105469,124.38999938964844,123.83999633789062,124.18000030517578
2013-07-16,124.76000213623047,125.20999908447266,124.33000183105469,124.88999938964844
2013-07-17,125.04000091552734,125.69999694824219,122.7300033569336,123.31999969482422
2013-07-18,124.11000061035156,124.5199966430664,123.77999877929688,124.01000213623047
2013-07-19,124.88999938964844,125.41999816894531,124.6500015258789,125.11000061035156
2013-07-22,127.6500015258789,129.4600067138672,127.58999633789062,128.83999633789062
2013-07-23,128.6999969482422,130.13999938964844,128.35000610351562,129.7100067138672
2013-07-24,129.1699981689453,129.39999389648438,126.87000274658203,127.4800033569336
2013-07-25,127.69999694824219,128.8699951171875,127.63999938964844,128.6699981689453
2013-07-26,128.11000061035156,128.97000122070312,126.77999877929688,128.77999877929688
2013-07-29,128.4499969482422,128.77999877929688,128.25,128.47000122070312
2013-07-30,127.94999694824219,128.30999755859375,127.22000122070312,128.1199951171875
2013-07-31,127.76000213623047,128.9199981689453,126.12999725341797,127.95999908447266
2013-08-01,127.83999633789062,127.88999938964844,126.33000183105469,126.61000061035156
2013-08-02,126.73999786376953,127.25,126.31999969482422,126.36000061035156
2013-08-05,126.51000213623047,126.63999938964844,125.33999633789062,125.69999694824219
2013-08-06,124.33000183105469,124.55000305175781,123.55000305175781,123.97000122070312
2013-08-07,124.0,124.5999984741211,123.8499984741211,124.1500015258789
2013-08-08,124.77999877929688,126.98999786376953,124.7699966430664,126.86000061035156
2013-08-09,126.51000213623047,127.2699966430664,126.30000305175781,126.86000061035156
2013-08-12,129.57000732421875,129.7100067138672,128.8800048828125,129.1300048828125
2013-08-13,128.49000549316406,128.64999389648438,127.37999725341797,127.73999786376953
2013-08-14,127.66000366210938,129.07000732421875,127.56999969482422,129.0
2013-08-15,128.05999755859375,132.36000061035156,127.9800033569336,131.69000244140625
2013-08-16,132.55999755859375,133.27000427246094,131.38999938964844,132.5800018310547
2013-08-19,132.3300018310547,132.5,131.58999633789062,132.00999450683594
2013-08-20,132.02999877929688,133.1300048828125,132.02000427246094,132.4499969482422
2013-08-21,131.74000549316406,133.22999572753906,131.50999450683594,132.07000732421875
2013-08-22,132.55999755859375,133.4600067138672,132.27000427246094,132.80999755859375
2013-08-23,132.5800018310547,135.24000549316406,132.5,134.89999389648438
2013-08-26,134.8800048828125,135.60000610351562,134.14999389648438,135.4499969482422
2013-08-27,136.94000244140625,137.5500030517578,136.52000427246094,136.75
2013-08-28,137.2100067138672,137.4600067138672,136.66000366210938,136.7100067138672
2013-08-29,136.1199951171875,136.5500030517578,135.4199981689453,135.8699951171875
2013-08-30,134.64999389648438,135.7100067138672,134.44000244140625,134.6199951171875
2013-09-03,135.4600067138672,136.7899932861328,135.02999877929688,136.4199981689453
2013-09-04,134.61000061035156,134.83999633789062,133.72000122070312,134.66000366210938
2013-09-05,134.1300048828125,134.35000610351562,131.8000030517578,132.1999969482422
2013-09-06,133.4199981689453,134.39999389648438,133.3300018310547,134.14999389648438
2013-09-09,134.1300048828125,134.32000732421875,133.6699981689453,133.91000366210938
2013-09-10,131.82000732421875,132.0,131.11000061035156,131.74000549316406
2013-09-11,131.5800018310547,131.80999755859375,131.25999450683594,131.6999969482422
2013-09-12,128.6199951171875,128.77999877929688,127.61000061035156,127.66999816894531
2013-09-13,127.16000366210938,127.95999908447266,126.20999908447266,127.81999969482422
2013-09-16,127.4800033569336,128.02000427246094,126.33000183105469,126.44999694824219
2013-09-17,126.80999755859375,126.98999786376953,126.11000061035156,126.5
2013-09-18,125.31999969482422,132.16000366210938,125.1500015258789,132.00999450683594
2013-09-19,132.0,132.77999877929688,131.22000122070312,131.75
2013-09-20,130.60000610351562,130.91000366210938,127.9000015258789,127.95999908447266
2013-09-23,127.5199966430664,128.44000244140625,127.33000183105469,127.55000305175781
2013-09-24,126.4000015258789,128.2100067138672,126.33999633789062,127.66000366210938
2013-09-25,127.56999969482422,129.2100067138672,127.5199966430664,128.7899932861328
2013-09-26,128.61000061035156,128.99000549316406,127.31999969482422,127.79000091552734
2013-09-27,128.86000061035156,129.5800018310547,128.83999633789062,128.97000122070312
2013-09-30,127.94999694824219,129.13999938964844,127.69999694824219,128.17999267578125
2013-10-01,125.25,125.26000213623047,123.80999755859375,124.58999633789062
2013-10-02,125.37000274658203,127.80999755859375,125.33999633789062,127.05999755859375
2013-10-03,126.7699966430664,127.69000244140625,126.22000122070312,127.18000030517578
2013-10-04,127.05000305175781,127.1500015258789,126.0,126.52999877929688
2013-10-07,127.25,128.3300018310547,127.12000274658203,127.63999938964844
2013-10-08,127.79000091552734,128.4499969482422,127.20999908447266,127.4000015258789
2013-10-09,126.20999908447266,126.88999938964844,124.97000122070312,126.11000061035156
2013-10-10,125.33999633789062,125.83000183105469,124.0999984741211,124.2699966430664
2013-10-11,122.37000274658203,122.80999755859375,121.8499984741211,122.5999984741211
2013-10-14,123.9000015258789,124.23999786376953,122.80999755859375,122.83000183105469
2013-10-15,122.27999877929688,124.36000061035156,122.22000122070312,123.7300033569336
2013-10-16,123.5199966430664,123.88999938964844,122.51000213623047,123.54000091552734
2013-10-17,127.01000213623047,127.86000061035156,126.80999755859375,127.41999816894531
2013-10-18,126.87000274658203,127.33000183105469,126.5999984741211,126.8499984741211
2013-10-21,127.12999725341797,127.33999633789062,126.79000091552734,126.9800033569336
2013-10-22,128.25,129.80999755859375,128.22000122070312,129.33999633789062
2013-10-23,128.5500030517578,129.08999633789062,128.35000610351562,128.69000244140625
2013-10-24,129.41000366210938,130.52999877929688,129.41000366210938,129.89999389648438
2013-10-25,129.52999877929688,130.9199981689453,129.4600067138672,130.4600067138672
2013-10-28,130.41000366210938,131.44000244140625,130.10000610351562,130.55999755859375
2013-10-29,130.16000366210938,130.58999633789062,129.57000732421875,129.77000427246094
2013-10-30,130.8300018310547,131.22000122070312,128.80999755859375,129.60000610351562
2013-10-31,128.0399932861328,128.49000549316406,127.30000305175781,127.73999786376953
2013-11-01,126.86000061035156,127.16999816894531,126.05000305175781,126.94999694824219
2013-11-04,127.18000030517578,127.5199966430664,126.73999786376953,126.80999755859375
2013-11-05,126.70999908447266,126.86000061035156,126.0,126.55999755859375
2013-11-06,127.11000061035156,127.36000061035156,126.91999816894531,127.19999694824219
2013-11-07,126.13999938964844,126.8499984741211,125.86000061035156,126.16000366210938
2013-11-08,124.45999908447266,124.45999908447266,123.62000274658203,124.27999877929688
2013-11-11,123.91999816894531,123.97000122070312,123.66000366210938,123.87000274658203
2013-11-12,123.51000213623047,123.87000274658203,121.7300033569336,122.44999694824219
2013-11-13,122.97000122070312,123.23999786376953,122.38999938964844,122.8499984741211
2013-11-14,123.91999816894531,124.91000366210938,123.87999725341797,124.2699966430664
2013-11-15,124.16000366210938,124.5199966430664,124.06999969482422,124.31999969482422
2013-11-18,123.69999694824219,123.95999908447266,122.55000305175781,122.9000015258789
2013-11-19,122.97000122070312,123.4000015258789,122.83000183105469,122.94999694824219
2013-11-20,121.66999816894531,122.44000244140625,119.76000213623047,120.12000274658203
2013-11-21,119.80999755859375,120.3499984741211,119.30999755859375,119.94000244140625
2013-11-22,120.23999786376953,120.4000015258789,119.81999969482422,119.91999816894531
2013-11-25,119.18000030517578,121.0,119.12999725341797,120.45999908447266
2013-11-26,119.83999633789062,120.4000015258789,119.58999633789062,119.81999969482422
2013-11-27,120.48999786376953,120.69000244140625,119.25,119.45999908447266
2013-11-29,120.66999816894531,121.05000305175781,120.62000274658203,120.69999694824219
2013-12-02,119.19999694824219,119.29000091552734,117.5,117.58000183105469
2013-12-03,117.58000183105469,118.30999755859375,117.2300033569336,117.95999908447266
2013-12-04,118.33000183105469,120.76000213623047,118.16000366210938,119.95999908447266
2013-12-05,118.19999694824219,119.23999786376953,117.41000366210938,118.30000305175781
2013-12-06,118.86000061035156,119.26000213623047,118.01000213623047,118.55000305175781
2013-12-09,118.98999786376953,119.91999816894531,118.94999694824219,119.72000122070312
2013-12-10,122.13999938964844,122.31999969482422,121.47000122070312,121.81999969482422
2013-12-11,121.48999786376953,121.80999755859375,120.76000213623047,120.86000061035156
2013-12-12,118.61000061035156,118.81999969482422,118.02999877929688,118.29000091552734
2013-12-13,118.88999938964844,119.48999786376953,118.76000213623047,119.37999725341797
2013-12-16,119.26000213623047,120.7699966430664,118.97000122070312,119.69000244140625
2013-12-17,118.95999908447266,119.9000015258789,118.37000274658203,118.6500015258789
2013-12-18,119.0,120.05000305175781,117.29000091552734,117.61000061035156
2013-12-19,115.97000122070312,116.05999755859375,114.5,114.81999969482422
2013-12-20,115.37000274658203,116.47000122070312,115.05999755859375,115.94000244140625
2013-12-23,115.61000061035156,116.12000274658203,115.43000030517578,115.56999969482422
2013-12-24,115.79000091552734,116.29000091552734,115.70999908447266,116.0999984741211
2013-12-26,117.2300033569336,117.2300033569336,116.6500015258789,116.73999786376953
2013-12-27,117.30999755859375,117.37999725341797,116.8499984741211,117.12000274658203
2013-12-30,116.37000274658203,116.4000015258789,115.18000030517578,115.38999938964844
2013-12-31,114.61000061035156,117.12999725341797,114.45999908447266,116.12000274658203
2014-01-02,117.93000030517578,118.7300033569336,117.75,118.0
2014-01-03,118.63999938964844,119.62000274658203,118.58999633789062,119.29000091552734
2014-01-06,119.76000213623047,120.38999938964844,117.11000061035156,119.5
2014-01-07,118.45999908447266,118.91999816894531,118.12999725341797,118.81999969482422
2014-01-08,117.98999786376953,118.5199966430664,117.5,118.12000274658203
2014-01-09,118.11000061035156,118.69000244140625,117.98999786376953,118.45999908447266
2014-01-10,119.72000122070312,120.43000030517578,119.58000183105469,120.26000213623047
2014-01-13,120.2699966430664,121.04000091552734,120.19999694824219,121.0199966430664
2014-01-14,120.54000091552734,121.05999755859375,119.72000122070312,119.88999938964844
2014-01-15,119.19000244140625,119.80999755859375,119.11000061035156,119.66000366210938
2014-01-16,119.83999633789062,119.95999908447266,119.56999969482422,119.79000091552734
2014-01-17,120.3499984741211,121.0199966430664,120.19999694824219,120.93000030517578
2014-01-21,119.2300033569336,119.97000122070312,119.2300033569336,119.69999694824219
2014-01-22,119.6500015258789,119.7699966430664,119.16999816894531,119.19000244140625
2014-01-23,120.97000122070312,122.0199966430664,120.97000122070312,121.79000091552734
2014-01-24,122.05999755859375,122.5,121.55000305175781,122.29000091552734
2014-01-27,121.6500015258789,122.05999755859375,120.72000122070312,120.95999908447266
2014-01-28,121.31999969482422,121.4000015258789,120.41000366210938,120.94999694824219
2014-01-29,122.19000244140625,122.51000213623047,121.12999725341797,122.47000122070312
2014-01-30,119.66999816894531,120.22000122070312,119.5999984741211,119.7699966430664
2014-01-31,120.6500015258789,120.86000061035156,119.45999908447266,120.08999633789062
2014-02-03,120.47000122070312,122.11000061035156,120.31999969482422,121.31999969482422
2014-02-04,120.41000366210938,121.08999633789062,120.38999938964844,120.98999786376953
2014-02-05,121.76000213623047,121.87999725341797,120.7300033569336,121.29000091552734
2014-02-06,121.37999725341797,121.51000213623047,120.77999877929688,121.23999786376953
2014-02-07,121.23999786376953,122.23999786376953,121.2300033569336,122.16999816894531
2014-02-10,122.80000305175781,123.16000366210938,122.72000122070312,122.91999816894531
2014-02-11,123.37999725341797,124.75,123.36000061035156,124.36000061035156
2014-02-12,124.4000015258789,124.9800033569336,124.12999725341797,124.43000030517578
2014-02-13,124.69999694824219,125.5999984741211,124.66000366210938,125.48999786376953
2014-02-14,126.98999786376953,127.37999725341797,126.75,127.1500015258789
2014-02-18,127.41999816894531,127.75,127.08999633789062,127.4000015258789
2014-02-19,127.26000213623047,127.44999694824219,126.16000366210938,126.2699966430664
2014-02-20,126.75,127.75,126.4000015258789,127.5999984741211
2014-02-21,127.56999969482422,128.07000732421875,127.1500015258789,127.58000183105469
2014-02-24,128.50999450683594,129.07000732421875,128.33999633789062,128.99000549316406
2014-02-25,128.6199951171875,129.52999877929688,128.57000732421875,129.2100067138672
2014-02-26,128.49000549316406,128.75999450683594,127.41999816894531,128.11000061035156
2014-02-27,128.39999389648438,128.8000030517578,127.88999938964844,128.1999969482422
2014-02-28,128.27000427246094,128.35000610351562,127.1500015258789,127.62000274658203
2014-03-03,130.0,130.58999633789062,129.80999755859375,130.2899932861328
2014-03-04,128.5399932861328,129.24000549316406,128.32000732421875,128.67999267578125
2014-03-05,128.7100067138672,129.33999633789062,128.5800018310547,128.88999938964844
2014-03-06,129.7100067138672,130.47000122070312,129.47000122070312,130.1699981689453
2014-03-07,128.25,129.22999572753906,128.2100067138672,129.08999633789062
2014-03-10,128.8800048828125,129.61000061035156,128.77999877929688,129.1300048828125
2014-03-11,130.00999450683594,130.14999389648438,128.92999267578125,129.86000061035156
2014-03-12,131.55999755859375,132.1199951171875,131.38999938964844,131.75999450683594
2014-03-13,131.69000244140625,132.5399932861328,131.55999755859375,132.2100067138672
2014-03-14,133.67999267578125,133.69000244140625,132.35000610351562,133.10000610351562
2014-03-17,132.72999572753906,133.22000122070312,131.22000122070312,131.63999938964844
2014-03-18,130.38999938964844,131.27000427246094,130.3300018310547,130.6199951171875
2014-03-19,129.5500030517578,129.67999267578125,127.94000244140625,128.08999633789062
2014-03-20,127.77999877929688,128.41000366210938,127.58000183105469,127.86000061035156
2014-03-21,129.0399932861328,129.08999633789062,128.41000366210938,128.47000122070312
2014-03-24,126.87000274658203,127.13999938964844,126.02999877929688,126.18000030517578
2014-03-25,126.44000244140625,126.81999969482422,126.23999786376953,126.41000366210938
2014-03-26,126.2699966430664,126.37999725341797,125.12999725341797,125.41000366210938
2014-03-27,125.05999755859375,125.29000091552734,124.20999908447266,124.58999633789062
2014-03-28,124.2300033569336,124.95999908447266,123.87999725341797,124.55999755859375
2014-03-31,124.5199966430664,124.79000091552734,123.56999969482422,123.61000061035156
2014-04-01,123.70999908447266,123.8499984741211,123.11000061035156,123.38999938964844
2014-04-02,124.41000366210938,124.75,124.19000244140625,124.31999969482422
2014-04-03,123.75,124.26000213623047,123.58999633789062,123.91999816894531
2014-04-04,125.19999694824219,125.95999908447266,124.86000061035156,125.56999969482422
2014-04-07,125.06999969482422,125.47000122070312,124.83999633789062,124.91000366210938
2014-04-08,126.33999633789062,126.33999633789062,125.9000015258789,126.08999633789062
2014-04-09,125.45999908447266,126.72000122070312,125.33000183105469,126.31999969482422
2014-04-10,126.94999694824219,127.37000274658203,126.81999969482422,127.01000213623047
2014-04-11,127.04000091552734,127.30999755859375,126.7300033569336,126.93000030517578
2014-04-14,127.80000305175781,128.25,127.62000274658203,127.8499984741211
2014-04-15,124.79000091552734,125.69999694824219,124.5999984741211,125.48999786376953
2014-04-16,125.37000274658203,125.56999969482422,125.02999877929688,125.54000091552734
2014-04-17,125.37999725341797,125.52999877929688,124.56999969482422,124.75
2014-04-21,124.06999969482422,124.33000183105469,123.76000213623047,124.23999786376953
2014-04-22,124.1500015258789,124.16000366210938,122.91999816894531,123.77999877929688
2014-04-23,123.69999694824219,123.94000244140625,123.37999725341797,123.76000213623047
2014-04-24,122.87000274658203,125.12000274658203,122.83999633789062,124.55999755859375
2014-04-25,125.16999816894531,125.70999908447266,125.06999969482422,125.43000030517578
2014-04-28,125.30000305175781,125.33999633789062,124.44999694824219,124.87999725341797
2014-04-29,124.94999694824219,125.37999725341797,124.6500015258789,124.86000061035156
2014-04-30,124.19000244140625,125.05000305175781,123.81999969482422,124.22000122070312
2014-05-01,123.16999816894531,123.83000183105469,123.05999755859375,123.80000305175781
2014-05-02,123.69000244140625,125.66999816894531,123.33000183105469,125.05999755859375
2014-05-05,126.47000122070312,126.62999725341797,126.0,126.22000122070312
2014-05-06,126.0199966430664,126.11000061035156,125.62999725341797,125.9800033569336
2014-05-07,125.5199966430664,125.56999969482422,123.91999816894531,124.16999816894531
2014-05-08,124.19000244140625,124.47000122070312,123.88999938964844,124.16999816894531
2014-05-09,124.38999938964844,124.47000122070312,123.81999969482422,124.0999984741211
2014-05-12,125.4000015258789,125.41999816894531,124.69000244140625,124.94000244140625
2014-05-13,124.79000091552734,125.0999984741211,124.5,124.5999984741211
2014-05-14,125.80000305175781,125.95999908447266,125.44000244140625,125.80999755859375
2014-05-15,124.7699966430664,125.51000213623047,124.54000091552734,124.7699966430664
2014-05-16,124.3499984741211,124.7699966430664,124.29000091552734,124.5
2014-05-19,125.27999877929688,125.47000122070312,124.4800033569336,124.58000183105469
2014-05-20,124.12000274658203,124.91000366210938,124.08999633789062,124.69000244140625
2014-05-21,124.25,124.55000305175781,123.52999877929688,124.38999938964844
2014-05-22,125.13999938964844,125.23999786376953,124.54000091552734,124.66999816894531
2014-05-23,124.5999984741211,124.66000366210938,124.19000244140625,124.51000213623047
2014-05-27,122.9800033569336,123.06999969482422,121.75,121.8499984741211
2014-05-28,121.47000122070312,121.69999694824219,120.91999816894531,121.19999694824219
2014-05-29,120.77999877929688,121.45999908447266,120.7699966430664,120.94000244140625
2014-05-30,120.76000213623047,120.80999755859375,119.62000274658203,120.43000030517578
2014-06-02,119.93000030517578,120.45999908447266,119.61000061035156,119.69999694824219
2014-06-03,119.7300033569336,120.08999633789062,119.41999816894531,120.01000213623047
2014-06-04,120.0999984741211,120.16000366210938,119.68000030517578,119.76000213623047
2014-06-05,120.55000305175781,120.87999725341797,120.43000030517578,120.66000366210938
2014-06-06,120.68000030517578,120.7699966430664,119.94000244140625,120.61000061035156
2014-06-09,120.79000091552734,120.8499984741211,120.56999969482422,120.6500015258789
2014-06-10,121.29000091552734,121.47000122070312,121.20999908447266,121.38999938964844
2014-06-11,121.51000213623047,121.61000061035156,121.18000030517578,121.41000366210938
2014-06-12,121.91999816894531,122.75,121.83000183105469,122.63999938964844
2014-06-13,122.56999969482422,123.04000091552734,122.51000213623047,122.95999908447266
2014-06-16,122.87999725341797,123.01000213623047,122.30000305175781,122.41999816894531
2014-06-17,121.8499984741211,122.5,121.81999969482422,122.27999877929688
2014-06-18,122.22000122070312,122.80000305175781,122.08999633789062,122.66999816894531
2014-06-19,124.33000183105469,127.2300033569336,124.31999969482422,126.94000244140625
2014-06-20,126.31999969482422,127.06999969482422,126.20999908447266,126.5
2014-06-23,126.6500015258789,126.94000244140625,126.37000274658203,126.8499984741211
2014-06-24,127.22000122070312,127.31999969482422,126.7300033569336,126.9800033569336
2014-06-25,126.77999877929688,127.55000305175781,126.66000366210938,126.98999786376953
2014-06-26,126.52999877929688,126.91999816894531,126.19999694824219,126.7300033569336
2014-06-27,126.87999725341797,127.16999816894531,126.6500015258789,126.66000366210938
2014-06-30,126.52999877929688,128.0399932861328,126.37000274658203,128.0399932861328
2014-07-01,127.98999786376953,128.1199951171875,127.48999786376953,127.69999694824219
2014-07-02,127.76000213623047,128.24000549316406,127.63999938964844,127.69999694824219
2014-07-03,126.79000091552734,127.29000091552734,126.61000061035156,127.16000366210938
2014-07-07,126.62999725341797,127.02999877929688,126.2300033569336,127.0199966430664
2014-07-08,127.29000091552734,127.52999877929688,126.43000030517578,127.06999969482422
2014-07-09,127.54000091552734,128.25999450683594,127.18000030517578,127.83999633789062
2014-07-10,129.11000061035156,129.2100067138672,128.49000549316406,128.5399932861328
2014-07-11,128.41000366210938,128.8300018310547,128.3800048828125,128.77999877929688
2014-07-14,125.5,126.0999984741211,125.44999694824219,125.72000122070312
2014-07-15,125.88999938964844,126.31999969482422,124.36000061035156,124.52999877929688
2014-07-16,125.0199966430664,125.47000122070312,124.77999877929688,124.97000122070312
2014-07-17,125.5199966430664,127.55000305175781,125.11000061035156,127.08999633789062
2014-07-18,125.79000091552734,126.20999908447266,125.66999816894531,126.12999725341797
2014-07-21,126.52999877929688,126.55000305175781,126.11000061035156,126.33999633789062
2014-07-22,126.33000183105469,126.43000030517578,125.47000122070312,125.73999786376953
2014-07-23,125.72000122070312,126.04000091552734,125.4000015258789,125.62000274658203
2014-07-24,124.8499984741211,124.87000274658203,123.9000015258789,124.3499984741211
2014-07-25,124.4800033569336,125.93000030517578,124.43000030517578,125.79000091552734
2014-07-28,125.44000244140625,125.66999816894531,125.30000305175781,125.58000183105469
2014-07-29,125.79000091552734,125.87999725341797,124.72000122070312,125.19999694824219
2014-07-30,124.88999938964844,124.93000030517578,124.41000366210938,124.83000183105469
2014-07-31,123.8499984741211,124.06999969482422,123.2300033569336,123.38999938964844
2014-08-01,124.54000091552734,124.80999755859375,124.2300033569336,124.37999725341797
2014-08-04,124.36000061035156,124.47000122070312,123.7300033569336,123.98999786376953
2014-08-05,123.73999786376953,124.5199966430664,123.4000015258789,123.87000274658203
2014-08-06,125.70999908447266,126.0,125.5199966430664,125.66999816894531
2014-08-07,125.47000122070312,126.51000213623047,125.37000274658203,126.18000030517578
2014-08-08,126.08000183105469,126.41000366210938,125.88999938964844,126.19000244140625
2014-08-11,125.83999633789062,126.04000091552734,125.63999938964844,125.95999908447266
2014-08-12,126.41999816894531,126.80999755859375,125.87000274658203,125.98999786376953
2014-08-13,126.3499984741211,126.52999877929688,125.9000015258789,126.19999694824219
2014-08-14,126.23999786376953,126.52999877929688,126.12999725341797,126.30999755859375
2014-08-15,124.5199966430664,126.06999969482422,124.41000366210938,125.4800033569336
2014-08-18,124.77999877929688,125.08000183105469,124.6500015258789,124.95999908447266
2014-08-19,125.0,125.0,124.4800033569336,124.68000030517578
2014-08-20,124.81999969482422,124.81999969482422,123.87999725341797,124.22000122070312
2014-08-21,122.72000122070312,123.23999786376953,122.44999694824219,122.87999725341797
2014-08-22,123.08999633789062,123.33000183105469,122.56999969482422,123.19000244140625
2014-08-25,122.91999816894531,123.04000091552734,122.72000122070312,122.73999786376953
2014-08-26,123.91999816894531,123.97000122070312,123.27999877929688,123.3499984741211
2014-08-27,123.5999984741211,123.70999908447266,123.25,123.31999969482422
2014-08-28,124.1500015258789,124.33000183105469,123.80999755859375,124.0
2014-08-29,123.75,124.22000122070312,123.62000274658203,123.86000061035156
2014-09-02,121.97000122070312,122.08000183105469,121.43000030517578,121.6500015258789
2014-09-03,121.69999694824219,122.19999694824219,121.66000366210938,122.1500015258789
2014-09-04,122.4800033569336,122.66000366210938,121.25,121.4800033569336
2014-09-05,121.83000183105469,122.05999755859375,121.62999725341797,122.05999755859375
2014-09-08,121.58000183105469,121.61000061035156,120.37000274658203,120.7300033569336
2014-09-09,120.56999969482422,120.94000244140625,120.0,120.87000274658203
2014-09-10,120.12999725341797,120.54000091552734,119.63999938964844,120.26000213623047
2014-09-11,119.61000061035156,119.69999694824219,118.7699966430664,119.47000122070312
2014-09-12,118.62999725341797,118.9000015258789,118.06999969482422,118.37999725341797
2014-09-15,118.79000091552734,118.86000061035156,118.45999908447266,118.63999938964844
2014-09-16,118.8499984741211,119.43000030517578,118.44000244140625,118.83000183105469
2014-09-17,118.94999694824219,119.23999786376953,117.5,117.54000091552734
2014-09-18,117.41000366210938,118.08999633789062,117.19000244140625,117.77999877929688
2014-09-19,117.51000213623047,117.56999969482422,116.72000122070312,117.08999633789062
2014-09-22,116.72000122070312,117.37000274658203,116.58000183105469,116.8499984741211
2014-09-23,117.98999786376953,117.98999786376953,117.30999755859375,117.5999984741211
2014-09-24,117.12000274658203,117.72000122070312,116.9000015258789,117.05000305175781
2014-09-25,116.30000305175781,117.76000213623047,116.19999694824219,117.38999938964844
2014-09-26,117.0199966430664,117.0999984741211,116.58000183105469,117.05999755859375
2014-09-29,117.2699966430664,117.4000015258789,116.9000015258789,117.02999877929688
2014-09-30,116.54000091552734,117.3499984741211,115.8499984741211,116.20999908447266
2014-10-01,116.61000061035156,117.26000213623047,116.58999633789062,116.7699966430664
2014-10-02,116.86000061035156,117.20999908447266,116.33000183105469,116.73999786376953
2014-10-03,115.16999816894531,115.51000213623047,114.41999816894531,114.61000061035156
2014-10-06,115.16000366210938,116.30999755859375,114.94000244140625,116.02999877929688
2014-10-07,116.30999755859375,116.62999725341797,116.08999633789062,116.36000061035156
2014-10-08,117.02999877929688,117.70999908447266,115.8499984741211,117.47000122070312
2014-10-09,117.86000061035156,118.26000213623047,117.48999786376953,117.63999938964844
2014-10-10,117.69999694824219,117.73999786376953,117.19000244140625,117.58999633789062
2014-10-13,118.13999938964844,118.66999816894531,117.93000030517578,118.5199966430664
2014-10-14,118.58000183105469,118.81999969482422,118.3499984741211,118.58999633789062
2014-10-15,119.2300033569336,120.18000030517578,118.58999633789062,118.98999786376953
2014-10-16,119.0199966430664,119.6500015258789,118.87999725341797,119.22000122070312
2014-10-17,119.05999755859375,119.2300033569336,118.41999816894531,118.98999786376953
2014-10-20,119.68000030517578,119.86000061035156,119.54000091552734,119.80000305175781
2014-10-21,120.2699966430664,120.5,119.91000366210938,120.0199966430664
2014-10-22,119.69000244140625,119.79000091552734,119.25,119.33999633789062
2014-10-23,118.70999908447266,118.81999969482422,117.87999725341797,118.5199966430664
2014-10-24,118.62000274658203,118.62999725341797,118.12000274658203,118.3499984741211
2014-10-27,118.18000030517578,118.37000274658203,118.01000213623047,118.05999755859375
2014-10-28,118.4800033569336,118.4800033569336,118.01000213623047,118.0999984741211
2014-10-29,117.6500015258789,117.91000366210938,116.13999938964844,116.41000366210938
2014-10-30,115.80000305175781,115.83000183105469,114.94000244140625,115.19000244140625
2014-10-31,111.83000183105469,112.87999725341797,111.66000366210938,112.66000366210938
2014-11-03,112.38999938964844,112.68000030517578,112.0,112.1500015258789
2014-11-04,112.12000274658203,112.70999908447266,112.08000183105469,112.22000122070312
2014-11-05,109.91999816894531,110.83999633789062,109.66999816894531,109.79000091552734
2014-11-06,109.91999816894531,110.48999786376953,109.75,109.87999725341797
2014-11-07,110.77999877929688,113.1500015258789,110.7300033569336,112.97000122070312
2014-11-10,112.23999786376953,112.23999786376953,110.27999877929688,110.45999908447266
2014-11-11,111.08000183105469,112.76000213623047,110.87000274658203,112.04000091552734
2014-11-12,112.05000305175781,112.16999816894531,111.2300033569336,111.5
2014-11-13,111.88999938964844,112.26000213623047,111.22000122070312,111.66999816894531
2014-11-14,110.76000213623047,114.72000122070312,110.6500015258789,114.47000122070312
2014-11-17,113.97000122070312,114.2699966430664,113.55999755859375,114.05000305175781
2014-11-18,114.86000061035156,115.16999816894531,114.55000305175781,115.05000305175781
2014-11-19,114.93000030517578,115.3499984741211,112.87999725341797,113.68000030517578
2014-11-20,114.56999969482422,115.0199966430664,114.08999633789062,114.86000061035156
2014-11-21,115.58000183105469,115.95999908447266,114.47000122070312,115.38999938964844
2014-11-24,115.1500015258789,115.37000274658203,114.79000091552734,115.11000061035156
2014-11-25,115.0999984741211,115.47000122070312,114.9000015258789,115.37999725341797
2014-11-26,115.25,115.33999633789062,114.9800033569336,115.16000366210938
2014-11-28,113.52999877929688,113.83000183105469,111.94999694824219,112.11000061035156
2014-12-01,113.80000305175781,117.36000061035156,113.73999786376953,116.58000183105469
2014-12-02,115.12999725341797,115.70999908447266,114.72000122070312,115.13999938964844
2014-12-03,115.68000030517578,116.76000213623047,115.55999755859375,116.33000183105469
2014-12-04,116.01000213623047,116.33999633789062,115.61000061035156,115.87999725341797
2014-12-05,115.16000366210938,115.18000030517578,114.23999786376953,114.43000030517578
2014-12-08,114.97000122070312,116.16000366210938,114.45999908447266,115.77999877929688
2014-12-09,117.04000091552734,118.98999786376953,116.9800033569336,118.19000244140625
2014-12-10,118.1500015258789,118.47000122070312,117.80999755859375,117.95999908447266
2014-12-11,116.9800033569336,118.37999725341797,116.81999969482422,117.69000244140625
2014-12-12,117.38999938964844,117.80000305175781,116.68000030517578,117.41000366210938
2014-12-15,116.22000122070312,116.97000122070312,114.36000061035156,114.38999938964844
2014-12-16,116.27999877929688,116.5,114.06999969482422,114.94999694824219
2014-12-17,115.0999984741211,115.4800033569336,113.58000183105469,114.2699966430664
2014-12-18,115.58999633789062,115.80999755859375,114.58000183105469,115.1500015258789
2014-12-19,115.05999755859375,115.22000122070312,114.7699966430664,114.7699966430664
2014-12-22,114.80999755859375,114.97000122070312,112.41000366210938,112.55000305175781
2014-12-23,112.87999725341797,113.31999969482422,112.61000061035156,112.73999786376953
2014-12-24,112.83000183105469,112.91999816894531,112.66000366210938,112.7699966430664
2014-12-26,114.81999969482422,114.9800033569336,114.52999877929688,114.83000183105469
2014-12-29,114.61000061035156,114.63999938964844,113.2300033569336,113.66999816894531
2014-12-30,114.98999786376953,116.26000213623047,114.9000015258789,115.19999694824219
2014-12-31,114.88999938964844,115.0,113.27999877929688,113.58000183105469
2015-01-02,112.48999786376953,114.80000305175781,112.31999969482422,114.08000183105469
2015-01-05,114.77999877929688,116.0,114.7300033569336,115.80000305175781
2015-01-06,116.22000122070312,117.5,115.80000305175781,117.12000274658203
2015-01-07,116.47000122070312,116.87999725341797,116.16999816894531,116.43000030517578
2015-01-08,116.44999694824219,116.87000274658203,115.8499984741211,115.94000244140625
2015-01-09,116.51000213623047,117.33999633789062,116.5,117.26000213623047
2015-01-12,117.45999908447266,118.70999908447266,117.31999969482422,118.55999755859375
2015-01-13,118.95999908447266,119.19000244140625,117.87000274658203,118.16000366210938
2015-01-14,119.08000183105469,119.31999969482422,117.9000015258789,117.97000122070312
2015-01-15,120.41000366210938,121.69999694824219,120.33999633789062,120.94000244140625
2015-01-16,121.7300033569336,123.1500015258789,121.70999908447266,122.5199966430664
2015-01-20,123.62999725341797,124.5999984741211,123.48999786376953,124.19999694824219
2015-01-21,125.18000030517578,125.33999633789062,123.37000274658203,124.2300033569336
2015-01-22,125.06999969482422,125.58000183105469,124.1500015258789,125.2300033569336
2015-01-23,124.43000030517578,124.5,123.3499984741211,124.2300033569336
2015-01-26,123.33000183105469,123.33999633789062,122.5199966430664,122.98999786376953
2015-01-27,123.55999755859375,124.63999938964844,123.51000213623047,124.4000015258789
2015-01-28,123.5199966430664,123.88999938964844,122.94000244140625,123.41999816894531
2015-01-29,121.98999786376953,122.29000091552734,120.26000213623047,120.76000213623047
2015-01-30,121.30000305175781,123.55000305175781,120.91999816894531,123.44999694824219
2015-02-02,121.83999633789062,123.16000366210938,121.81999969482422,122.41999816894531
2015-02-03,121.73999786376953,121.76000213623047,120.55999755859375,121.05000305175781
2015-02-04,121.62999725341797,122.22000122070312,120.91999816894531,121.58000183105469
2015-02-05,120.9800033569336,121.83000183105469,120.61000061035156,121.79000091552734
2015-02-06,119.1500015258789,119.5199966430664,117.94999694824219,118.63999938964844
2015-02-09,118.83000183105469,119.4000015258789,118.7699966430664,119.16999816894531
2015-02-10,118.62999725341797,119.05999755859375,118.20999908447266,118.47000122070312
2015-02-11,118.48999786376953,118.56999969482422,117.0,117.06999969482422
2015-02-12,117.68000030517578,117.81999969482422,117.08999633789062,117.33999633789062
2015-02-13,118.05000305175781,118.58000183105469,117.79000091552734,117.9800033569336
2015-02-17,116.4000015258789,116.54000091552734,115.58000183105469,116.01000213623047
2015-02-18,115.98999786376953,116.52999877929688,114.98999786376953,116.33999633789062
2015-02-19,116.4000015258789,116.54000091552734,115.73999786376953,115.94000244140625
2015-02-20,116.0999984741211,116.45999908447266,115.05000305175781,115.27999877929688
2015-02-23,115.11000061035156,116.22000122070312,115.06999969482422,115.43000030517578
2015-02-24,115.0,115.55000305175781,114.29000091552734,115.26000213623047
2015-02-25,115.83000183105469,115.88999938964844,115.33000183105469,115.69999694824219
2015-02-26,116.54000091552734,116.55000305175781,115.83000183105469,116.06999969482422
2015-02-27,116.73999786376953,117.06999969482422,116.16000366210938,116.16000366210938
2015-03-02,116.5,116.63999938964844,115.62000274658203,115.68000030517578
2015-03-03,116.04000091552734,116.61000061035156,115.3499984741211,115.47000122070312
2015-03-04,115.69999694824219,115.79000091552734,115.0199966430664,115.11000061035156
2015-03-05,115.43000030517578,116.12000274658203,114.83999633789062,115.0
2015-03-06,113.16999816894531,113.26000213623047,111.69999694824219,111.86000061035156
2015-03-09,112.41999816894531,112.62000274658203,111.94999694824219,111.97000122070312
2015-03-10,112.08999633789062,112.3499984741211,111.22000122070312,111.41999816894531
2015-03-11,111.2300033569336,111.25,110.16000366210938,110.75
2015-03-12,111.1500015258789,111.19999694824219,110.25,110.72000122070312
2015-03-13,111.0999984741211,111.27999877929688,110.51000213623047,110.87999725341797
2015-03-16,111.08999633789062,111.20999908447266,110.41999816894531,110.80999755859375
2015-03-17,109.91999816894531,111.3499984741211,109.7699966430664,110.20999908447266
2015-03-18,110.33000183105469,112.87000274658203,110.08999633789062,112.37000274658203
2015-03-19,111.8499984741211,112.58000183105469,111.58000183105469,112.29000091552734
2015-03-20,112.70999908447266,114.0,112.66999816894531,113.56999969482422
2015-03-23,113.69999694824219,114.37000274658203,113.48999786376953,114.29000091552734
2015-03-24,114.3499984741211,114.6500015258789,113.81999969482422,114.56999969482422
2015-03-25,115.11000061035156,115.13999938964844,114.6500015258789,114.7300033569336
2015-03-26,115.7300033569336,115.83999633789062,115.33999633789062,115.4800033569336
2015-03-27,115.13999938964844,115.36000061035156,114.44999694824219,115.05999755859375
2015-03-30,113.9000015258789,114.01000213623047,113.54000091552734,113.75
2015-03-31,113.83999633789062,114.27999877929688,113.41000366210938,113.66000366210938
2015-04-01,114.55999755859375,115.98999786376953,114.54000091552734,115.5999984741211
2015-04-02,115.47000122070312,115.72000122070312,114.68000030517578,115.27999877929688
2015-04-06,117.31999969482422,117.47000122070312,116.5199966430664,116.69000244140625
2015-04-07,116.2699966430664,116.51000213623047,115.94000244140625,116.11000061035156
2015-04-08,115.9800033569336,116.02999877929688,114.9000015258789,115.47000122070312
2015-04-09,114.80000305175781,114.8499984741211,114.4800033569336,114.66999816894531
2015-04-10,116.0,116.19000244140625,115.5,115.97000122070312
2015-04-13,115.3499984741211,115.38999938964844,114.80000305175781,115.13999938964844
2015-04-14,114.69000244140625,115.06999969482422,114.38999938964844,114.44000244140625
2015-04-15,114.80000305175781,115.5999984741211,114.47000122070312,115.43000030517578
2015-04-16,115.55000305175781,115.66000366210938,114.63999938964844,115.02999877929688
2015-04-17,115.37999725341797,115.79000091552734,115.2300033569336,115.5999984741211
2015-04-20,114.81999969482422,114.94999694824219,114.31999969482422,114.72000122070312
2015-04-21,114.72000122070312,115.55999755859375,114.6500015258789,115.37999725341797
2015-04-22,114.83000183105469,114.95999908447266,113.7699966430664,113.83000183105469
2015-04-23,113.9000015258789,114.95999908447266,113.80999755859375,114.66000366210938
2015-04-24,113.95999908447266,114.06999969482422,112.7699966430664,113.05000305175781
2015-04-27,113.87000274658203,115.81999969482422,113.66999816894531,115.33000183105469
2015-04-28,115.36000061035156,116.62000274658203,115.33999633789062,116.33000183105469
2015-04-29,116.05999755859375,116.38999938964844,115.27999877929688,115.51000213623047
2015-04-30,113.87999725341797,113.87999725341797,112.95999908447266,113.47000122070312
2015-05-01,112.41999816894531,113.30999755859375,112.27999877929688,113.08000183105469
2015-05-04,114.18000030517578,114.44000244140625,113.87999725341797,114.0999984741211
2015-05-05,114.88999938964844,115.11000061035156,114.38999938964844,114.41999816894531
2015-05-06,114.58999633789062,114.75,114.0199966430664,114.36000061035156
2015-05-07,113.83999633789062,114.01000213623047,113.31999969482422,113.41999816894531
2015-05-08,114.33999633789062,114.43000030517578,113.58999633789062,113.97000122070312
2015-05-11,114.08999633789062,114.30999755859375,113.08000183105469,113.52999877929688
2015-05-12,114.0999984741211,114.66999816894531,114.05999755859375,114.5
2015-05-13,115.73999786376953,116.93000030517578,115.68000030517578,116.55000305175781
2015-05-14,117.27999877929688,117.75,117.02999877929688,117.18000030517578
2015-05-15,116.80000305175781,117.62999725341797,116.68000030517578,117.52999877929688
2015-05-18,117.77999877929688,117.87999725341797,117.2699966430664,117.5199966430664
2015-05-19,116.55000305175781,116.7300033569336,115.6500015258789,115.88999938964844
2015-05-20,116.02999877929688,116.37999725341797,115.76000213623047,116.08000183105469
2015-05-21,115.52999877929688,116.0,115.47000122070312,115.69000244140625
2015-05-22,115.51000213623047,115.93000030517578,115.31999969482422,115.5999984741211
2015-05-26,113.83999633789062,114.2300033569336,113.69999694824219,113.91000366210938
2015-05-27,113.77999877929688,114.01000213623047,113.62999725341797,113.88999938964844
2015-05-28,113.8499984741211,114.16000366210938,113.20999908447266,114.0199966430664
2015-05-29,114.13999938964844,114.4800033569336,114.0,114.0999984741211
2015-06-01,115.0199966430664,115.5,113.9000015258789,114.0
2015-06-02,114.36000061035156,114.6500015258789,114.16999816894531,114.45999908447266
2015-06-03,114.12999725341797,114.37000274658203,113.08000183105469,113.63999938964844
2015-06-04,112.9800033569336,113.1500015258789,112.4800033569336,112.83999633789062
2015-06-05,111.5999984741211,112.38999938964844,111.56999969482422,112.23999786376953
2015-06-08,112.38999938964844,112.66000366210938,112.12999725341797,112.56999969482422
2015-06-09,113.1500015258789,113.2300033569336,112.70999908447266,112.81999969482422
2015-06-10,114.13999938964844,114.13999938964844,113.69000244140625,113.77999877929688
2015-06-11,113.2699966430664,113.41000366210938,112.91999816894531,113.26000213623047
2015-06-12,113.05999755859375,113.5,112.95999908447266,113.2300033569336
2015-06-15,113.27999877929688,114.1500015258789,113.20999908447266,113.7300033569336
2015-06-16,113.08000183105469,113.44999694824219,112.79000091552734,113.31999969482422
2015-06-17,113.06999969482422,114.04000091552734,112.62999725341797,113.8499984741211
2015-06-18,115.19000244140625,115.61000061035156,114.88999938964844,115.31999969482422
2015-06-19,115.33999633789062,115.45999908447266,114.94999694824219,115.12000274658203
2015-06-22,113.79000091552734,113.94000244140625,113.33999633789062,113.63999938964844
2015-06-23,112.95999908447266,113.16999816894531,112.79000091552734,112.88999938964844
2015-06-24,112.4800033569336,112.73999786376953,112.30999755859375,112.58999633789062
2015-06-25,112.43000030517578,112.70999908447266,112.31999969482422,112.44000244140625
2015-06-26,112.19999694824219,112.68000030517578,112.12999725341797,112.55999755859375
2015-06-29,112.80999755859375,113.2300033569336,112.52999877929688,113.06999969482422
2015-06-30,112.23999786376953,113.05000305175781,111.83999633789062,112.37000274658203
2015-07-01,112.12000274658203,112.51000213623047,111.94000244140625,111.9800033569336
2015-07-02,111.66000366210938,111.83999633789062,111.41000366210938,111.76000213623047
2015-07-06,111.70999908447266,112.58000183105469,111.62999725341797,112.05999755859375
2015-07-07,111.08000183105469,111.13999938964844,110.05000305175781,110.76000213623047
2015-07-08,111.37999725341797,111.6500015258789,111.08000183105469,111.08999633789062
2015-07-09,111.80000305175781,111.93000030517578,111.1500015258789,111.36000061035156
2015-07-10,111.18000030517578,111.70999908447266,111.02999877929688,111.48999786376953
2015-07-13,110.43000030517578,111.13999938964844,110.36000061035156,110.98999786376953
2015-07-14,111.0,111.08000183105469,110.62999725341797,110.73999786376953
2015-07-15,110.0,110.19000244140625,109.58000183105469,110.16000366210938
2015-07-16,109.66999816894531,110.01000213623047,109.5999984741211,109.76000213623047
2015-07-17,109.11000061035156,109.16000366210938,108.4000015258789,108.6500015258789
2015-07-20,106.5999984741211,106.6500015258789,105.62000274658203,105.69999694824219
2015-07-21,105.80999755859375,106.31999969482422,105.25,105.37000274658203
2015-07-22,104.38999938964844,105.08999633789062,104.18000030517578,104.80000305175781
2015-07-23,104.9800033569336,105.30000305175781,104.19999694824219,104.33000183105469
2015-07-24,103.61000061035156,105.58999633789062,103.43000030517578,105.3499984741211
2015-07-27,104.94000244140625,105.68000030517578,104.66000366210938,104.86000061035156
2015-07-28,105.08999633789062,105.33000183105469,104.83000183105469,105.0199966430664
2015-07-29,104.93000030517578,105.62999725341797,104.48999786376953,105.16999816894531
2015-07-30,104.02999877929688,104.97000122070312,103.86000061035156,104.2699966430664
2015-07-31,105.41000366210938,105.75,104.69000244140625,104.93000030517578
2015-08-03,104.58999633789062,104.81999969482422,104.05000305175781,104.0999984741211
2015-08-04,104.55999755859375,104.75,103.94999694824219,104.30999755859375
2015-08-05,104.41999816894531,104.5,103.77999877929688,103.93000030517578
2015-08-06,104.1500015258789,104.86000061035156,104.13999938964844,104.38999938964844
2015-08-07,104.55999755859375,105.37999725341797,104.55000305175781,104.6500015258789
2015-08-10,105.02999877929688,106.2699966430664,104.91999816894531,105.72000122070312
2015-08-11,106.48999786376953,106.62999725341797,105.7699966430664,106.26000213623047
2015-08-12,106.98999786376953,107.91000366210938,106.93000030517578,107.75
2015-08-13,106.94999694824219,107.18000030517578,106.70999908447266,106.86000061035156
2015-08-14,107.06999969482422,107.41000366210938,106.54000091552734,106.8499984741211
2015-08-17,107.37000274658203,107.51000213623047,107.0,107.12999725341797
2015-08-18,106.66999816894531,107.33000183105469,106.30999755859375,107.11000061035156
2015-08-19,107.62999725341797,108.66999816894531,107.62999725341797,108.55000305175781
2015-08-20,109.80999755859375,110.61000061035156,109.69999694824219,110.44000244140625
2015-08-21,110.93000030517578,111.33000183105469,110.12000274658203,111.12999725341797
2015-08-24,111.54000091552734,112.12000274658203,109.7699966430664,110.52999877929688
2015-08-25,110.01000213623047,110.05000305175781,108.72000122070312,109.16000366210938
2015-08-26,107.72000122070312,108.05999755859375,107.08000183105469,107.66999816894531
2015-08-27,107.33000183105469,108.04000091552734,107.11000061035156,107.7300033569336
2015-08-28,108.16999816894531,109.30000305175781,108.12000274658203,108.69999694824219
2015-08-31,108.19000244140625,108.91999816894531,108.02999877929688,108.81999969482422
2015-09-01,109.62999725341797,109.7699966430664,108.94000244140625,109.19999694824219
2015-09-02,109.01000213623047,109.33999633789062,108.45999908447266,108.62000274658203
2015-09-03,107.7699966430664,108.31999969482422,107.55999755859375,107.83999633789062
2015-09-04,107.13999938964844,107.55999755859375,107.06999969482422,107.48999786376953
2015-09-08,107.5999984741211,107.94000244140625,107.30999755859375,107.5199966430664
2015-09-09,106.63999938964844,106.70999908447266,105.4800033569336,106.12999725341797
2015-09-10,106.61000061035156,106.69999694824219,106.18000030517578,106.37999725341797
2015-09-11,105.6500015258789,106.19999694824219,105.2699966430664,106.16000366210938
2015-09-14,105.86000061035156,106.38999938964844,105.77999877929688,106.22000122070312
2015-09-15,105.83000183105469,106.05999755859375,105.68000030517578,105.9000015258789
2015-09-16,106.5999984741211,107.70999908447266,106.55999755859375,107.30999755859375
2015-09-17,107.06999969482422,108.58000183105469,106.95999908447266,108.41000366210938
2015-09-18,109.0999984741211,109.37999725341797,108.81999969482422,109.20999908447266
2015-09-21,108.48999786376953,108.66000366210938,108.33000183105469,108.52999877929688
2015-09-22,107.58000183105469,107.95999908447266,107.44000244140625,107.79000091552734
2015-09-23,108.54000091552734,108.63999938964844,108.19999694824219,108.22000122070312
2015-09-24,109.66999816894531,110.81999969482422,109.62999725341797,110.48999786376953
2015-09-25,109.87000274658203,110.02999877929688,109.55000305175781,109.80999755859375
2015-09-28,108.37000274658203,108.91000366210938,108.2699966430664,108.41999816894531
2015-09-29,108.23999786376953,108.69000244140625,107.87999725341797,107.9800033569336
2015-09-30,106.77999877929688,107.08000183105469,106.47000122070312,106.86000061035156
2015-10-01,106.9800033569336,107.20999908447266,106.62999725341797,106.7300033569336
2015-10-02,108.54000091552734,109.31999969482422,108.54000091552734,108.98999786376953
2015-10-05,109.13999938964844,109.37999725341797,108.45999908447266,108.7699966430664
2015-10-06,109.80000305175781,110.26000213623047,109.62999725341797,109.86000061035156
2015-10-07,109.75,110.13999938964844,109.33999633789062,109.69999694824219
2015-10-08,109.16000366210938,110.2699966430664,109.05999755859375,109.13999938964844
2015-10-09,110.54000091552734,111.05000305175781,110.2300033569336,110.87000274658203
2015-10-12,111.66999816894531,111.7300033569336,111.01000213623047,111.30999755859375
2015-10-13,111.36000061035156,111.87000274658203,111.27999877929688,111.86000061035156
2015-10-14,112.62999725341797,113.94999694824219,112.30000305175781,113.80999755859375
2015-10-15,113.19999694824219,113.98999786376953,112.94000244140625,113.29000091552734
2015-10-16,113.23999786376953,113.44000244140625,112.43000030517578,112.48999786376953
2015-10-19,112.63999938964844,112.69000244140625,111.88999938964844,112.0199966430664
2015-10-20,112.37999725341797,113.08999633789062,112.37999725341797,112.7300033569336
2015-10-21,112.37000274658203,112.37000274658203,111.41000366210938,111.7300033569336
2015-10-22,111.5199966430664,112.20999908447266,111.43000030517578,111.69000244140625
2015-10-23,111.80999755859375,111.83999633789062,110.95999908447266,111.5
2015-10-26,111.7300033569336,111.9800033569336,111.33000183105469,111.43000030517578
2015-10-27,111.30999755859375,111.80999755859375,111.29000091552734,111.68000030517578
2015-10-28,112.68000030517578,113.25,110.30999755859375,110.77999877929688
2015-10-29,110.2300033569336,110.5999984741211,109.66000366210938,109.72000122070312
2015-10-30,109.5,109.58000183105469,109.05999755859375,109.30000305175781
2015-11-02,108.63999938964844,108.83999633789062,108.45999908447266,108.58999633789062
2015-11-03,107.79000091552734,107.80999755859375,106.68000030517578,106.9800033569336
2015-11-04,107.0199966430664,107.08999633789062,105.91999816894531,105.97000122070312
2015-11-05,106.01000213623047,106.0999984741211,105.58000183105469,105.63999938964844
2015-11-06,104.16999816894531,104.41999816894531,104.0199966430664,104.0999984741211
2015-11-09,104.29000091552734,104.58000183105469,104.19000244140625,104.4000015258789
2015-11-10,104.08999633789062,104.6500015258789,103.87000274658203,104.18000030517578
2015-11-11,104.08999633789062,104.2300033569336,103.77999877929688,103.83000183105469
2015-11-12,103.08999633789062,104.31999969482422,103.04000091552734,103.8499984741211
2015-11-13,103.54000091552734,103.73999786376953,103.44999694824219,103.55999755859375
2015-11-16,103.9800033569336,104.02999877929688,103.5199966430664,103.70999908447266
2015-11-17,103.37999725341797,103.4000015258789,101.9800033569336,102.33999633789062
2015-11-18,102.38999938964844,102.94999694824219,102.04000091552734,102.43000030517578
2015-11-19,103.06999969482422,104.08999633789062,103.06999969482422,103.55999755859375
2015-11-20,103.58000183105469,103.66000366210938,102.97000122070312,103.08999633789062
2015-11-23,102.4800033569336,102.75,102.16000366210938,102.26000213623047
2015-11-24,103.12000274658203,103.25,102.69000244140625,102.94000244140625
2015-11-25,102.47000122070312,102.69000244140625,102.20999908447266,102.45999908447266
2015-11-27,101.01000213623047,101.62000274658203,100.98999786376953,101.25
2015-11-30,101.52999877929688,102.37999725341797,101.5199966430664,101.91999816894531
2015-12-01,102.30000305175781,102.43000030517578,101.80999755859375,102.27999877929688
2015-12-02,101.3499984741211,101.3499984741211,100.52999877929688,100.69000244140625
2015-12-03,101.2300033569336,101.97000122070312,100.8499984741211,101.76000213623047
2015-12-04,102.73999786376953,104.20999908447266,102.6500015258789,104.0199966430664
2015-12-07,103.31999969482422,103.37000274658203,102.5,102.66999816894531
2015-12-08,103.12999725341797,103.26000213623047,102.52999877929688,102.83999633789062
2015-12-09,103.62999725341797,103.66000366210938,102.31999969482422,102.63999938964844
2015-12-10,102.51000213623047,102.83000183105469,102.33999633789062,102.55000305175781
2015-12-11,101.91000366210938,103.31999969482422,101.8499984741211,103.11000061035156
2015-12-14,102.58000183105469,102.72000122070312,101.73999786376953,101.79000091552734
2015-12-15,101.70999908447266,102.05999755859375,101.41000366210938,101.5199966430664
2015-12-16,102.58999633789062,103.19999694824219,101.66000366210938,102.75
2015-12-17,100.91999816894531,100.98999786376953,100.2300033569336,100.5
2015-12-18,101.3499984741211,102.52999877929688,101.30000305175781,102.04000091552734
2015-12-21,102.94999694824219,103.5199966430664,102.83000183105469,103.1500015258789
2015-12-22,103.08999633789062,103.19999694824219,102.55999755859375,102.61000061035156
2015-12-23,102.4000015258789,102.58999633789062,102.20999908447266,102.30999755859375
2015-12-24,102.81999969482422,103.05000305175781,102.7699966430664,103.05000305175781
2015-12-28,102.4800033569336,102.5999984741211,102.02999877929688,102.2699966430664
2015-12-29,102.5199966430664,102.58000183105469,102.11000061035156,102.19999694824219
2015-12-30,101.47000122070312,101.5999984741211,101.3499984741211,101.41999816894531
2015-12-31,101.4800033569336,101.72000122070312,101.30999755859375,101.45999908447266
2016-01-04,103.12999725341797,103.66999816894531,102.48999786376953,102.88999938964844
2016-01-05,103.12999725341797,103.45999908447266,102.93000030517578,103.18000030517578
2016-01-06,104.37000274658203,104.80000305175781,103.93000030517578,104.66999816894531
2016-01-07,105.83000183105469,106.23999786376953,105.19000244140625,106.1500015258789
2016-01-08,105.4800033569336,105.80000305175781,105.04000091552734,105.68000030517578
2016-01-11,105.47000122070312,105.56999969482422,104.70999908447266,104.73999786376953
2016-01-12,104.08999633789062,104.58999633789062,103.6500015258789,104.20999908447266
2016-01-13,103.88999938964844,104.81999969482422,103.77999877929688,104.72000122070312
2016-01-14,103.75,104.18000030517578,102.5,103.0199966430664
2016-01-15,104.91999816894531,104.95999908447266,103.97000122070312,104.08000183105469
2016-01-19,104.05999755859375,104.44999694824219,103.6500015258789,103.9800033569336
2016-01-20,105.16999816894531,106.16000366210938,104.94000244140625,105.37000274658203
2016-01-21,104.98999786376953,105.48999786376953,104.5199966430664,105.48999786376953
2016-01-22,104.93000030517578,105.51000213623047,104.76000213623047,105.0
2016-01-25,105.76000213623047,106.08999633789062,105.5999984741211,106.08000183105469
2016-01-26,106.31999969482422,107.43000030517578,106.26000213623047,107.29000091552734
2016-01-27,106.86000061035156,107.93000030517578,106.6500015258789,107.69000244140625
2016-01-28,106.55000305175781,106.86000061035156,106.4800033569336,106.54000091552734
2016-01-29,106.61000061035156,107.0,106.26000213623047,106.94999694824219
2016-02-01,107.54000091552734,108.1500015258789,107.52999877929688,108.05000305175781
2016-02-02,107.91999816894531,108.18000030517578,107.3499984741211,108.08999633789062
2016-02-03,107.91000366210938,109.58000183105469,107.9000015258789,109.25
2016-02-04,110.44999694824219,110.69999694824219,109.91999816894531,110.56999969482422
2016-02-05,109.79000091552734,112.3499984741211,109.58000183105469,112.31999969482422
2016-02-08,113.66999816894531,114.87000274658203,113.38999938964844,113.83000183105469
2016-02-09,114.43000030517578,114.69000244140625,113.55000305175781,113.58000183105469
2016-02-10,113.91999816894531,114.5199966430664,112.9800033569336,114.45999908447266
2016-02-11,118.58999633789062,120.83999633789062,117.7699966430664,119.05999755859375
2016-02-12,118.12000274658203,118.73999786376953,117.87999725341797,118.36000061035156
2016-02-16,116.0,116.30999755859375,114.73999786376953,114.7699966430664
2016-02-17,115.47000122070312,116.06999969482422,114.88999938964844,115.4800033569336
2016-02-18,115.30000305175781,118.5999984741211,115.29000091552734,118.29000091552734
2016-02-19,117.26000213623047,117.97000122070312,117.0999984741211,117.58000183105469
2016-02-22,115.44000244140625,116.19000244140625,115.41000366210938,115.48999786376953
2016-02-23,116.68000030517578,117.41999816894531,116.5199966430664,117.22000122070312
2016-02-24,119.0,119.86000061035156,117.3499984741211,117.61000061035156
2016-02-25,117.62000274658203,118.91000366210938,117.54000091552734,117.91999816894531
2016-02-26,117.43000030517578,117.72000122070312,115.86000061035156,117.11000061035156
2016-02-29,117.58999633789062,118.69999694824219,117.52999877929688,118.63999938964844
2016-03-01,118.73999786376953,119.11000061035156,117.33999633789062,117.7699966430664
2016-03-02,118.33999633789062,118.97000122070312,118.06999969482422,118.68000030517578
2016-03-03,118.86000061035156,121.30000305175781,118.80999755859375,120.7300033569336
2016-03-04,121.12999725341797,122.37000274658203,120.22000122070312,120.54000091552734
2016-03-07,121.18000030517578,121.58000183105469,120.41000366210938,121.13999938964844
2016-03-08,121.79000091552734,121.87999725341797,120.47000122070312,120.58000183105469
2016-03-09,119.19999694824219,120.38999938964844,118.83999633789062,119.58000183105469
2016-03-10,120.5,121.76000213623047,120.41999816894531,121.5
2016-03-11,121.19000244140625,121.38999938964844,119.36000061035156,119.41000366210938
2016-03-14,120.2699966430664,120.30999755859375,117.5,117.87000274658203
2016-03-15,117.77999877929688,118.04000091552734,117.36000061035156,117.95999908447266
2016-03-16,117.41999816894531,120.76000213623047,117.33999633789062,120.58999633789062
2016-03-17,121.16000366210938,121.18000030517578,120.02999877929688,120.12999725341797
2016-03-18,119.58999633789062,120.33999633789062,119.51000213623047,119.80000305175781
2016-03-21,119.0,119.33000183105469,118.7300033569336,118.95999908447266
2016-03-22,119.7300033569336,120.16000366210938,118.95999908447266,119.30999755859375
2016-03-23,116.73999786376953,117.12000274658203,116.16000366210938,116.61000061035156
2016-03-24,116.7699966430664,116.94000244140625,116.30000305175781,116.33000183105469
2016-03-28,116.7300033569336,116.91000366210938,116.2699966430664,116.5999984741211
2016-03-29,117.36000061035156,118.80999755859375,116.80000305175781,118.76000213623047
2016-03-30,117.87999725341797,118.19999694824219,116.91000366210938,117.0999984741211
2016-03-31,118.16000366210938,118.38999938964844,117.5999984741211,117.63999938964844
2016-04-01,116.08000183105469,116.9800033569336,115.55000305175781,116.93000030517578
2016-04-04,116.66999816894531,116.7300033569336,116.06999969482422,116.1500015258789
2016-04-05,117.76000213623047,117.93000030517578,117.1500015258789,117.66000366210938
2016-04-06,116.69999694824219,117.38999938964844,116.26000213623047,116.94000244140625
2016-04-07,118.6500015258789,118.8499984741211,115.0,118.61000061035156
2016-04-08,118.06999969482422,118.7699966430664,117.9800033569336,118.43000030517578
2016-04-11,119.47000122070312,120.30000305175781,119.41999816894531,120.02999877929688
2016-04-12,120.2300033569336,120.3499984741211,119.55000305175781,120.05000305175781
2016-04-13,119.37000274658203,119.43000030517578,118.55999755859375,118.7699966430664
2016-04-14,118.08999633789062,118.19000244140625,116.94999694824219,117.11000061035156
2016-04-15,117.33000183105469,118.12000274658203,117.19000244140625,117.91999816894531
2016-04-18,118.52999877929688,118.55999755859375,117.62999725341797,117.73999786376953
2016-04-19,119.87000274658203,120.08999633789062,119.37000274658203,119.58000183105469
2016-04-20,119.66999816894531,120.08000183105469,118.72000122070312,118.97000122070312
2016-04-21,120.41999816894531,120.55000305175781,119.12999725341797,119.41999816894531
2016-04-22,118.70999908447266,119.0199966430664,117.27999877929688,117.88999938964844
2016-04-25,118.13999938964844,118.70999908447266,118.11000061035156,118.2300033569336
2016-04-26,118.79000091552734,118.88999938964844,118.44999694824219,118.69999694824219
2016-04-27,118.97000122070312,119.69999694824219,118.43000030517578,119.04000091552734
2016-04-28,119.91999816894531,121.41999816894531,119.7300033569336,121.29000091552734
2016-04-29,122.43000030517578,123.93000030517578,122.33999633789062,123.6500015258789
2016-05-02,123.77999877929688,123.95999908447266,123.05000305175781,123.23999786376953
2016-05-03,123.7300033569336,123.81999969482422,122.51000213623047,122.95999908447266
2016-05-04,122.8499984741211,123.2300033569336,121.51000213623047,122.20999908447266
2016-05-05,122.62999725341797,122.7300033569336,121.25,122.06999969482422
2016-05-06,122.83000183105469,123.80999755859375,122.58999633789062,123.18000030517578
2016-05-09,121.19999694824219,121.29000091552734,120.58999633789062,120.6500015258789
2016-05-10,120.73999786376953,121.37999725341797,120.08000183105469,120.9800033569336
2016-05-11,121.8499984741211,122.16000366210938,121.37999725341797,122.12000274658203
2016-05-12,122.0199966430664,122.38999938964844,121.0,121.16000366210938
2016-05-13,121.08999633789062,121.86000061035156,120.66000366210938,121.70999908447266
2016-05-16,122.93000030517578,122.97000122070312,121.37999725341797,121.80000305175781
2016-05-17,121.58000183105469,122.5199966430664,121.4800033569336,122.22000122070312
2016-05-18,121.22000122070312,121.91999816894531,119.87999725341797,120.0999984741211
2016-05-19,119.0,119.9800033569336,118.91999816894531,119.87000274658203
2016-05-20,120.19000244140625,120.31999969482422,119.30999755859375,119.70999908447266
2016-05-23,118.86000061035156,119.5999984741211,118.75,119.37000274658203
2016-05-24,118.16999816894531,118.2300033569336,117.25,117.30000305175781
2016-05-25,116.58999633789062,117.05999755859375,116.31999969482422,116.9800033569336
2016-05-26,117.56999969482422,117.62999725341797,116.38999938964844,116.58000183105469
2016-05-27,116.2699966430664,116.36000061035156,115.29000091552734,115.62000274658203
2016-05-31,115.76000213623047,116.4000015258789,115.5,116.05999755859375
2016-06-01,115.97000122070312,116.13999938964844,115.19999694824219,115.94000244140625
2016-06-02,115.77999877929688,115.97000122070312,115.58000183105469,115.66999816894531
2016-06-03,118.25,118.88999938964844,118.2300033569336,118.87999725341797
2016-06-06,118.88999938964844,119.16999816894531,118.45999908447266,118.91999816894531
2016-06-07,118.5,119.0199966430664,118.41000366210938,118.81999969482422
2016-06-08,120.30000305175781,120.77999877929688,120.2300033569336,120.58000183105469
2016-06-09,120.61000061035156,121.4800033569336,120.55000305175781,121.25
2016-06-10,121.55000305175781,122.0999984741211,121.18000030517578,121.73999786376953
2016-06-13,122.80000305175781,122.83000183105469,122.02999877929688,122.63999938964844
2016-06-14,123.0,123.05999755859375,122.30000305175781,122.7699966430664
2016-06-15,122.5199966430664,123.87000274658203,122.37999725341797,123.68000030517578
2016-06-16,125.16999816894531,125.66999816894531,122.2300033569336,122.37999725341797
2016-06-17,123.26000213623047,124.0999984741211,122.69000244140625,123.94999694824219
2016-06-20,122.26000213623047,123.33000183105469,122.12999725341797,123.20999908447266
2016-06-21,121.6500015258789,121.86000061035156,120.7699966430664,120.83999633789062
2016-06-22,120.83000183105469,121.25,120.68000030517578,120.9000015258789
2016-06-23,120.48999786376953,121.02999877929688,120.05999755859375,120.11000061035156
2016-06-24,126.62000274658203,126.81999969482422,125.0,126.0
2016-06-27,126.44000244140625,127.05000305175781,125.83000183105469,126.68000030517578
2016-06-28,125.55999755859375,126.0199966430664,125.05999755859375,125.31999969482422
2016-06-29,125.91000366210938,126.80999755859375,125.69999694824219,125.83999633789062
2016-06-30,125.94999694824219,126.5199966430664,125.5,126.47000122070312
2016-07-01,127.66000366210938,128.4199981689453,127.44000244140625,128.41000366210938
2016-07-05,128.8000030517578,129.58999633789062,128.1699981689453,129.47000122070312
2016-07-06,130.5,131.14999389648438,129.82000732421875,130.22999572753906
2016-07-07,129.82000732421875,130.1199951171875,128.97999572753906,129.74000549316406
2016-07-08,129.85000610351562,130.52000427246094,128.97000122070312,130.52000427246094
2016-07-11,129.49000549316406,129.89999389648438,129.16000366210938,129.2899932861328
2016-07-12,128.52000427246094,128.5399932861328,126.98999786376953,127.1500015258789
2016-07-13,128.0,128.42999267578125,127.61000061035156,128.32000732421875
2016-07-14,126.30999755859375,127.37000274658203,126.02999877929688,127.33000183105469
2016-07-15,126.37999725341797,127.19000244140625,126.33000183105469,126.83999633789062
2016-07-18,127.0199966430664,127.5,126.62999725341797,127.04000091552734
2016-07-19,126.94999694824219,127.3499984741211,126.81999969482422,127.20999908447266
2016-07-20,125.5,126.12000274658203,125.30999755859375,125.38999938964844
2016-07-21,125.66000366210938,127.37000274658203,125.5999984741211,127.30000305175781
2016-07-22,126.43000030517578,126.5199966430664,126.01000213623047,126.3499984741211
2016-07-25,125.52999877929688,126.20999908447266,125.11000061035156,125.47000122070312
2016-07-26,126.08999633789062,126.13999938964844,125.75,126.0
2016-07-27,126.79000091552734,128.1199951171875,126.04000091552734,128.02999877929688
2016-07-28,128.08999633789062,128.1999969482422,127.20999908447266,127.66000366210938
2016-07-29,128.4199981689453,129.41000366210938,127.87999725341797,128.97999572753906
2016-08-01,128.57000732421875,129.33999633789062,128.55999755859375,129.22000122070312
2016-08-02,130.0399932861328,130.5500030517578,129.94000244140625,130.27000427246094
2016-08-03,129.9499969482422,129.9600067138672,129.27000427246094,129.64999389648438
2016-08-04,130.00999450683594,130.27999877929688,129.82000732421875,129.8699951171875
2016-08-05,128.4600067138672,128.5500030517578,127.38999938964844,127.55000305175781
2016-08-08,127.29000091552734,127.69999694824219,127.2699966430664,127.44000244140625
2016-08-09,127.94000244140625,128.13999938964844,127.75,127.95999908447266
2016-08-10,129.1199951171875,129.1999969482422,128.14999389648438,128.55999755859375
2016-08-11,128.61000061035156,129.19000244140625,127.4800033569336,127.66999816894531
2016-08-12,127.66999816894531,129.25999450683594,127.19999694824219,127.4000015258789
2016-08-15,127.62000274658203,128.25,127.5999984741211,127.83999633789062
2016-08-16,128.1199951171875,129.0399932861328,128.0,128.47000122070312
2016-08-17,128.1699981689453,128.99000549316406,127.45999908447266,128.5
2016-08-18,128.88999938964844,129.1699981689453,128.5800018310547,129.11000061035156
2016-08-19,128.0800018310547,128.6699981689453,127.86000061035156,127.97000122070312
2016-08-22,127.62999725341797,127.91999816894531,127.44999694824219,127.77999877929688
2016-08-23,128.13999938964844,128.22000122070312,127.61000061035156,127.76000213623047
2016-08-24,126.91999816894531,126.97000122070312,126.30000305175781,126.33999633789062
2016-08-25,125.9800033569336,126.30999755859375,125.95999908447266,126.2300033569336
2016-08-26,126.87999725341797,128.11000061035156,125.81999969482422,126.05000305175781
2016-08-29,126.0,126.4800033569336,125.93000030517578,126.30000305175781
2016-08-30,125.7300033569336,125.94999694824219,124.87999725341797,125.02999877929688
2016-08-31,124.7300033569336,125.11000061035156,124.63999938964844,124.77999877929688
2016-09-01,124.66999816894531,125.51000213623047,124.55000305175781,125.29000091552734
2016-09-02,126.29000091552734,126.56999969482422,125.58000183105469,126.56999969482422
2016-09-06,127.4000015258789,129.0800018310547,127.2699966430664,128.7100067138672
2016-09-07,128.7899932861328,128.86000061035156,128.1199951171875,128.27000427246094
2016-09-08,128.16000366210938,128.52000427246094,127.4000015258789,127.58999633789062
2016-09-09,127.23999786376953,127.51000213623047,126.69999694824219,126.75
2016-09-12,126.30999755859375,126.91999816894531,125.97000122070312,126.58999633789062
2016-09-13,126.47000122070312,126.5999984741211,125.52999877929688,125.75
2016-09-14,126.0999984741211,126.54000091552734,126.02999877929688,126.18000030517578
2016-09-15,125.7300033569336,126.0999984741211,124.91000366210938,125.37000274658203
2016-09-16,124.80999755859375,125.25,124.66999816894531,125.05999755859375
2016-09-19,125.61000061035156,125.62000274658203,125.25,125.31999969482422
2016-09-20,125.30999755859375,125.58999633789062,125.16999816894531,125.44000244140625
2016-09-21,126.33000183105469,127.41999816894531,125.95999908447266,127.2699966430664
2016-09-22,127.56999969482422,128.1999969482422,127.5,127.56999969482422
2016-09-23,127.5999984741211,127.86000061035156,127.43000030517578,127.6500015258789
2016-09-26,127.95999908447266,128.0399932861328,127.41999816894531,127.55000305175781
2016-09-27,126.86000061035156,126.9000015258789,126.33999633789062,126.62000274658203
2016-09-28,126.25,126.4000015258789,125.7300033569336,126.22000122070312
2016-09-29,125.83999633789062,126.33999633789062,125.54000091552734,126.06999969482422
2016-09-30,126.5199966430664,126.55000305175781,125.23999786376953,125.63999938964844
2016-10-03,125.31999969482422,125.45999908447266,124.9000015258789,125.31999969482422
2016-10-04,123.16000366210938,123.18000030517578,120.86000061035156,120.97000122070312
2016-10-05,121.33000183105469,121.58999633789062,120.4000015258789,120.77999877929688
2016-10-06,119.69000244140625,119.9800033569336,119.23999786376953,119.66000366210938
2016-10-07,120.48999786376953,120.58000183105469,118.41999816894531,119.73999786376953
2016-10-10,119.73999786376953,120.41999816894531,119.73999786376953,120.16000366210938
2016-10-11,119.91999816894531,120.16000366210938,119.52999877929688,119.55000305175781
2016-10-12,119.72000122070312,120.06999969482422,119.29000091552734,119.73999786376953
2016-10-13,120.0,120.41999816894531,119.80000305175781,120.02999877929688
2016-10-14,119.37000274658203,120.16000366210938,119.29000091552734,119.36000061035156
2016-10-17,119.69999694824219,119.91999816894531,119.58000183105469,119.68000030517578
2016-10-18,120.08000183105469,120.63999938964844,119.81999969482422,120.41999816894531
2016-10-19,121.12999725341797,121.45999908447266,120.88999938964844,121.11000061035156
2016-10-20,121.38999938964844,121.58999633789062,120.62999725341797,120.73999786376953
2016-10-21,120.9000015258789,120.93000030517578,120.55000305175781,120.83000183105469
2016-10-24,121.27999877929688,121.30000305175781,120.16000366210938,120.55999755859375
2016-10-25,120.88999938964844,121.76000213623047,120.86000061035156,121.47000122070312
2016-10-26,121.37000274658203,121.52999877929688,120.61000061035156,120.79000091552734
2016-10-27,121.11000061035156,121.18000030517578,120.75,121.01000213623047
2016-10-28,121.19999694824219,122.4800033569336,120.80999755859375,121.58000183105469
2016-10-31,121.51000213623047,122.0,121.2300033569336,121.94000244140625
2016-11-01,122.80000305175781,123.20999908447266,122.56999969482422,122.7300033569336
2016-11-02,123.76000213623047,124.76000213623047,123.55999755859375,123.63999938964844
2016-11-03,123.36000061035156,124.33000183105469,123.3499984741211,124.30000305175781
2016-11-04,124.4000015258789,124.54000091552734,124.04000091552734,124.38999938964844
2016-11-07,122.66000366210938,122.70999908447266,121.87999725341797,122.1500015258789
2016-11-08,122.12000274658203,123.08999633789062,121.36000061035156,121.63999938964844
2016-11-09,124.30000305175781,124.3499984741211,121.11000061035156,121.55999755859375
2016-11-10,121.5199966430664,121.54000091552734,119.37999725341797,119.75
2016-11-11,119.6500015258789,119.69000244140625,116.2300033569336,117.0999984741211
2016-11-14,116.12000274658203,117.13999938964844,115.48999786376953,116.11000061035156
2016-11-15,116.45999908447266,117.23999786376953,116.29000091552734,117.12000274658203
2016-11-16,117.2699966430664,117.2699966430664,116.58000183105469,116.7699966430664
2016-11-17,116.91000366210938,117.22000122070312,115.44000244140625,116.16999816894531
2016-11-18,115.5199966430664,115.7699966430664,114.95999908447266,115.1500015258789
2016-11-21,115.72000122070312,115.94000244140625,115.29000091552734,115.58000183105469
2016-11-22,115.72000122070312,115.79000091552734,114.9800033569336,115.54000091552734
2016-11-23,113.87000274658203,113.87999725341797,112.6500015258789,113.25
2016-11-25,113.41999816894531,113.51000213623047,112.3499984741211,112.61000061035156
2016-11-28,113.2300033569336,113.83999633789062,112.7699966430664,113.80000305175781
2016-11-29,112.76000213623047,113.4800033569336,112.69000244140625,113.2699966430664
2016-11-30,112.69000244140625,112.79000091552734,111.5,111.75
2016-12-01,111.11000061035156,111.98999786376953,110.62999725341797,111.54000091552734
2016-12-02,111.88999938964844,112.31999969482422,111.77999877929688,112.13999938964844
2016-12-05,111.1500015258789,112.11000061035156,110.30999755859375,111.54000091552734
2016-12-06,111.69000244140625,112.02999877929688,111.19000244140625,111.43000030517578
2016-12-07,112.12999725341797,112.5,111.7699966430664,111.83000183105469
2016-12-08,111.72000122070312,111.87000274658203,111.45999908447266,111.56999969482422
2016-12-09,111.18000030517578,111.25,110.19000244140625,110.4000015258789
2016-12-12,110.58999633789062,111.11000061035156,110.2699966430664,110.81999969482422
2016-12-13,110.56999969482422,110.79000091552734,110.05999755859375,110.44999694824219
2016-12-14,110.94999694824219,110.9800033569336,108.5199966430664,108.83000183105469
2016-12-15,107.8499984741211,107.98999786376953,107.0,107.33999633789062
2016-12-16,107.94999694824219,108.77999877929688,107.4800033569336,108.05000305175781
2016-12-19,108.5999984741211,108.87999725341797,108.33999633789062,108.58999633789062
2016-12-20,107.47000122070312,108.0,107.29000091552734,107.79000091552734
2016-12-21,108.25,108.30999755859375,107.68000030517578,107.8499984741211
2016-12-22,107.68000030517578,108.0999984741211,107.48999786376953,107.58999633789062
2016-12-23,107.83999633789062,108.25,107.80000305175781,107.93000030517578
2016-12-27,108.61000061035156,108.66999816894531,108.23999786376953,108.55999755859375
2016-12-28,108.4000015258789,108.91000366210938,108.29000091552734,108.86000061035156
2016-12-29,109.2300033569336,110.52999877929688,109.16000366210938,110.29000091552734
2016-12-30,110.37999725341797,110.62000274658203,109.52999877929688,109.61000061035156
2017-01-03,109.62000274658203,111.0,109.37000274658203,110.47000122070312
2017-01-04,111.05999755859375,111.22000122070312,110.61000061035156,110.86000061035156
2017-01-05,112.16000366210938,112.94000244140625,112.06999969482422,112.58000183105469
2017-01-06,111.80999755859375,112.37999725341797,111.56999969482422,111.75
2017-01-09,112.38999938964844,113.04000091552734,112.18000030517578,112.66999816894531
2017-01-10,112.94000244140625,113.44999694824219,112.63999938964844,113.1500015258789
2017-01-11,112.87000274658203,114.19000244140625,112.16999816894531,113.5
2017-01-12,114.5199966430664,114.93000030517578,113.80999755859375,113.91000366210938
2017-01-13,113.6500015258789,114.30999755859375,113.19000244140625,114.20999908447266
2017-01-17,115.88999938964844,115.95999908447266,115.5,115.8499984741211
2017-01-18,115.73999786376953,115.91999816894531,114.55999755859375,114.87000274658203
2017-01-19,114.31999969482422,114.95999908447266,113.94000244140625,114.7699966430664
2017-01-20,114.6500015258789,115.76000213623047,114.31999969482422,115.05000305175781
2017-01-23,115.51000213623047,116.16999816894531,115.19999694824219,115.79000091552734
2017-01-24,115.69000244140625,116.0199966430664,114.94000244140625,115.2699966430664
2017-01-25,114.13999938964844,114.44000244140625,113.68000030517578,114.31999969482422
2017-01-26,113.23999786376953,113.51000213623047,112.83000183105469,113.26000213623047
2017-01-27,112.93000030517578,113.55000305175781,112.80999755859375,113.48999786376953
2017-01-30,113.61000061035156,114.30000305175781,113.54000091552734,113.97000122070312
2017-01-31,115.2699966430664,115.81999969482422,115.18000030517578,115.55000305175781
2017-02-01,114.66000366210938,115.44999694824219,114.13999938964844,115.19999694824219
2017-02-02,116.26000213623047,116.56999969482422,115.62999725341797,115.83999633789062
2017-02-03,115.7300033569336,116.37000274658203,115.70999908447266,116.12999725341797
2017-02-06,117.06999969482422,117.73999786376953,116.73999786376953,117.69999694824219
2017-02-07,117.30999755859375,117.73999786376953,117.19999694824219,117.45999908447266
2017-02-08,118.08999633789062,118.58999633789062,117.80999755859375,118.19000244140625
2017-02-09,118.19000244140625,118.58000183105469,117.19999694824219,117.29000091552734
2017-02-10,116.68000030517578,117.86000061035156,116.66999816894531,117.5999984741211
2017-02-13,116.7300033569336,116.94999694824219,116.1500015258789,116.80000305175781
2017-02-14,117.51000213623047,117.55999755859375,116.37999725341797,116.93000030517578
2017-02-15,116.33000183105469,117.4800033569336,116.25,117.44999694824219
2017-02-16,117.93000030517578,118.3499984741211,117.83000183105469,118.08000183105469
2017-02-17,118.19000244140625,118.4000015258789,117.62000274658203,117.68000030517578
2017-02-21,117.04000091552734,118.0,116.7699966430664,117.75
2017-02-22,117.86000061035156,118.0199966430664,117.23999786376953,117.91000366210938
2017-02-23,118.76000213623047,119.16000366210938,118.68000030517578,118.94000244140625
2017-02-24,119.73999786376953,119.87999725341797,119.25,119.69999694824219
2017-02-27,119.7300033569336,120.4000015258789,119.12000274658203,119.12000274658203
2017-02-28,119.70999908447266,119.83999633789062,118.81999969482422,119.2300033569336
2017-03-01,117.9800033569336,119.12000274658203,117.94999694824219,119.05999755859375
2017-03-02,117.76000213623047,118.33999633789062,117.2300033569336,117.58000183105469
2017-03-03,116.94999694824219,117.7300033569336,116.44000244140625,117.51000213623047
2017-03-06,117.3499984741211,117.3499984741211,116.62999725341797,116.72000122070312
2017-03-07,116.12999725341797,116.25,115.62000274658203,115.77999877929688
2017-03-08,114.98999786376953,115.36000061035156,114.94999694824219,115.05999755859375
2017-03-09,114.77999877929688,115.02999877929688,114.41000366210938,114.47000122070312
2017-03-10,114.44999694824219,114.7300033569336,114.12999725341797,114.72000122070312
2017-03-13,114.62999725341797,114.91000366210938,114.51000213623047,114.73999786376953
2017-03-14,114.54000091552734,115.01000213623047,114.02999877929688,114.12000274658203
2017-03-15,114.29000091552734,116.25,114.0199966430664,116.25
2017-03-16,117.2699966430664,117.29000091552734,116.69000244140625,116.7300033569336
2017-03-17,117.04000091552734,117.2699966430664,116.91000366210938,116.98999786376953
2017-03-20,117.30999755859375,117.5999984741211,117.20999908447266,117.51000213623047
2017-03-21,117.7699966430664,118.80000305175781,117.76000213623047,118.54000091552734
2017-03-22,118.87000274658203,119.1500015258789,118.68000030517578,118.83000183105469
2017-03-23,119.1500015258789,119.25,118.31999969482422,118.66999816894531
2017-03-24,118.5,119.20999908447266,118.38999938964844,118.86000061035156
2017-03-27,119.93000030517578,120.08000183105469,119.2699966430664,119.52999877929688
2017-03-28,119.73999786376953,119.83000183105469,118.77999877929688,119.04000091552734
2017-03-29,119.22000122070312,119.44999694824219,119.05000305175781,119.33000183105469
2017-03-30,118.7699966430664,119.12000274658203,118.31999969482422,118.47000122070312
2017-03-31,118.61000061035156,119.08000183105469,118.45999908447266,118.72000122070312
2017-04-03,118.69000244140625,119.37000274658203,118.66999816894531,119.3499984741211
2017-04-04,119.58999633789062,119.7699966430664,119.37999725341797,119.62000274658203
2017-04-05,118.62000274658203,119.62999725341797,118.4000015258789,119.62000274658203
2017-04-06,119.22000122070312,119.41999816894531,118.9800033569336,119.18000030517578
2017-04-07,120.30000305175781,120.66999816894531,119.13999938964844,119.45999908447266
2017-04-10,119.04000091552734,119.69000244140625,118.8499984741211,119.45999908447266
2017-04-11,120.33000183105469,121.4000015258789,120.29000091552734,121.19000244140625
2017-04-12,121.37999725341797,122.22000122070312,121.13999938964844,122.0199966430664
2017-04-13,122.54000091552734,122.6500015258789,122.02999877929688,122.5999984741211
2017-04-17,122.55000305175781,123.06999969482422,121.98999786376953,122.23999786376953
2017-04-18,122.43000030517578,123.02999877929688,121.7300033569336,122.81999969482422
2017-04-19,122.25,122.26000213623047,121.27999877929688,121.7300033569336
2017-04-20,121.81999969482422,122.16999816894531,121.5,121.95999908447266
2017-04-21,122.13999938964844,122.61000061035156,121.7300033569336,122.30999755859375
2017-04-24,120.7699966430664,121.51000213623047,120.66000366210938,121.4800033569336
2017-04-25,120.52999877929688,120.87000274658203,120.05000305175781,120.25
2017-04-26,120.20999908447266,120.95999908447266,119.87000274658203,120.83999633789062
2017-04-27,120.41999816894531,120.5999984741211,119.97000122070312,120.38999938964844
2017-04-28,120.33999633789062,120.7699966430664,120.2699966430664,120.7699966430664
2017-05-01,120.20999908447266,120.75,119.3499984741211,119.66999816894531
2017-05-02,119.30000305175781,119.6500015258789,119.23999786376953,119.6500015258789
2017-05-03,119.18000030517578,119.33999633789062,117.91999816894531,117.9800033569336
2017-05-04,116.80999755859375,117.27999877929688,116.62999725341797,116.79000091552734
2017-05-05,116.86000061035156,117.06999969482422,116.68000030517578,117.01000213623047
2017-05-08,117.02999877929688,117.13999938964844,116.68000030517578,116.75
2017-05-09,116.18000030517578,116.23999786376953,115.55999755859375,116.05000305175781
2017-05-10,116.41999816894531,116.5,115.86000061035156,116.04000091552734
2017-05-11,116.20999908447266,116.8499984741211,116.19000244140625,116.5
2017-05-12,117.06999969482422,117.16000366210938,116.7300033569336,116.83000183105469
2017-05-15,117.5199966430664,117.54000091552734,116.98999786376953,117.13999938964844
2017-05-16,117.44999694824219,117.91000366210938,117.4000015258789,117.6500015258789
2017-05-17,119.36000061035156,120.0199966430664,119.2699966430664,119.79000091552734
2017-05-18,119.7699966430664,119.83999633789062,118.55999755859375,118.80999755859375
2017-05-19,119.38999938964844,119.55000305175781,118.87999725341797,119.4000015258789
2017-05-22,119.62999725341797,120.13999938964844,119.58000183105469,119.9000015258789
2017-05-23,120.12999725341797,120.19000244140625,118.9800033569336,119.13999938964844
2017-05-24,119.06999969482422,119.73999786376953,118.91999816894531,119.61000061035156
2017-05-25,119.5199966430664,119.69999694824219,119.29000091552734,119.4800033569336
2017-05-26,120.48999786376953,120.79000091552734,120.33000183105469,120.54000091552734
2017-05-30,120.23999786376953,120.33000183105469,119.94999694824219,120.13999938964844
2017-05-31,120.30999755859375,121.2300033569336,120.26000213623047,120.62000274658203
2017-06-01,120.16999816894531,120.73999786376953,120.05999755859375,120.72000122070312
2017-06-02,121.30999755859375,121.70999908447266,121.19000244140625,121.61000061035156
2017-06-05,121.91000366210938,121.94000244140625,121.58000183105469,121.7300033569336
2017-06-06,123.08999633789062,123.30999755859375,122.7699966430664,123.0999984741211
2017-06-07,122.79000091552734,123.16000366210938,122.0199966430664,122.44999694824219
2017-06-08,122.06999969482422,122.08000183105469,120.94999694824219,121.6500015258789
2017-06-09,120.45999908447266,120.91000366210938,120.4000015258789,120.54000091552734
2017-06-12,120.33000183105469,120.69000244140625,120.2699966430664,120.36000061035156
2017-06-13,119.94999694824219,120.70999908447266,119.91999816894531,120.4800033569336
2017-06-14,121.51000213623047,121.87999725341797,119.56999969482422,119.81999969482422
2017-06-15,119.22000122070312,119.5,119.12999725341797,119.31999969482422
2017-06-16,119.3499984741211,119.5,119.23999786376953,119.33999633789062
2017-06-19,118.73999786376953,118.83999633789062,118.33000183105469,118.43000030517578
2017-06-20,118.41999816894531,118.45999908447266,118.06999969482422,118.18000030517578
2017-06-21,118.1500015258789,118.66000366210938,118.1500015258789,118.5199966430664
2017-06-22,119.12999725341797,119.19999694824219,118.5999984741211,118.91999816894531
2017-06-23,119.6500015258789,119.66000366210938,119.30999755859375,119.43000030517578
2017-06-26,118.29000091552734,118.54000091552734,118.16999816894531,118.36000061035156
2017-06-27,118.87000274658203,119.05000305175781,118.4800033569336,118.80999755859375
2017-06-28,119.05999755859375,119.05999755859375,118.69000244140625,118.9000015258789
2017-06-29,117.97000122070312,118.63999938964844,117.91000366210938,118.31999969482422
2017-06-30,118.08000183105469,118.41000366210938,117.94999694824219,118.0199966430664
2017-07-03,116.54000091552734,116.8499984741211,115.94000244140625,116.08999633789062
2017-07-05,115.91000366210938,116.66999816894531,115.87000274658203,116.5199966430664
2017-07-06,116.58000183105469,116.61000061035156,116.23999786376953,116.47000122070312
2017-07-07,115.77999877929688,115.79000091552734,114.80000305175781,115.27999877929688
2017-07-10,115.0199966430664,115.56999969482422,114.83000183105469,115.47000122070312
2017-07-11,115.26000213623047,115.7699966430664,114.87999725341797,115.62000274658203
2017-07-12,116.20999908447266,116.33000183105469,115.87000274658203,116.02999877929688
2017-07-13,116.04000091552734,116.04000091552734,115.66999816894531,115.81999969482422
2017-07-14,117.04000091552734,117.25,116.63999938964844,116.7699966430664
2017-07-17,117.41999816894531,117.52999877929688,117.2300033569336,117.29000091552734
2017-07-18,117.98999786376953,118.33000183105469,117.87999725341797,118.11000061035156
2017-07-19,118.18000030517578,118.2699966430664,117.83999633789062,118.08000183105469
2017-07-20,117.91999816894531,118.62000274658203,117.66000366210938,118.23999786376953
2017-07-21,119.0,119.38999938964844,118.75,119.26000213623047
2017-07-24,119.5199966430664,119.58000183105469,119.18000030517578,119.30999755859375
2017-07-25,118.98999786376953,119.31999969482422,118.79000091552734,118.91999816894531
2017-07-26,118.56999969482422,120.1500015258789,118.55000305175781,119.87999725341797
2017-07-27,120.0999984741211,120.13999938964844,119.27999877929688,119.79000091552734
2017-07-28,120.1500015258789,120.86000061035156,120.13999938964844,120.69000244140625
2017-07-31,120.5,120.80999755859375,120.44999694824219,120.75
2017-08-01,120.44000244140625,121.13999938964844,120.44000244140625,120.6500015258789
2017-08-02,120.51000213623047,121.0199966430664,120.33999633789062,120.4000015258789
2017-08-03,120.30999755859375,120.83000183105469,120.30999755859375,120.58999633789062
2017-08-04,119.97000122070312,120.04000091552734,119.22000122070312,119.6500015258789
2017-08-07,119.43000030517578,119.79000091552734,119.43000030517578,119.51000213623047
2017-08-08,120.0199966430664,120.12000274658203,118.97000122070312,119.86000061035156
2017-08-09,121.0199966430664,121.55000305175781,120.76000213623047,121.30999755859375
2017-08-10,122.08000183105469,122.44000244140625,122.02999877929688,122.20999908447266
2017-08-11,122.23999786376953,122.83000183105469,122.02999877929688,122.79000091552734
2017-08-14,121.9800033569336,122.23999786376953,121.68000030517578,121.91999816894531
2017-08-15,120.5999984741211,121.2300033569336,120.58000183105469,120.9800033569336
2017-08-16,120.66000366210938,122.05999755859375,120.66000366210938,121.87000274658203
2017-08-17,122.29000091552734,122.61000061035156,121.76000213623047,122.48999786376953
2017-08-18,123.37000274658203,123.54000091552734,122.0,122.30000305175781
2017-08-21,122.54000091552734,122.9800033569336,122.5,122.76000213623047
2017-08-22,122.55999755859375,122.55999755859375,121.8499984741211,122.20999908447266
2017-08-23,122.58000183105469,122.69000244140625,122.30999755859375,122.66999816894531
2017-08-24,122.38999938964844,122.63999938964844,122.12999725341797,122.29000091552734
2017-08-25,122.7699966430664,123.0199966430664,121.29000091552734,122.73999786376953
2017-08-28,123.33000183105469,124.7300033569336,123.33000183105469,124.69000244140625
2017-08-29,125.80999755859375,125.87000274658203,124.05000305175781,124.41999816894531
2017-08-30,124.33000183105469,124.62000274658203,124.16000366210938,124.36000061035156
2017-08-31,124.58000183105469,125.83999633789062,124.55000305175781,125.81999969482422
2017-09-01,126.01000213623047,126.16999816894531,125.12000274658203,126.05999755859375
2017-09-05,126.6500015258789,127.77999877929688,126.56999969482422,127.45999908447266
2017-09-06,127.33999633789062,127.44000244140625,126.55000305175781,126.80999755859375
2017-09-07,127.55999755859375,128.32000732421875,127.38999938964844,128.1300048828125
2017-09-08,128.2100067138672,128.3000030517578,127.58999633789062,127.97000122070312
2017-09-11,126.73999786376953,126.94000244140625,126.05000305175781,126.19000244140625
2017-09-12,126.02999877929688,126.58999633789062,125.94000244140625,126.55999755859375
2017-09-13,126.4000015258789,126.44999694824219,125.5,125.61000061035156
2017-09-14,125.66000366210938,126.44000244140625,125.62000274658203,126.16000366210938
2017-09-15,125.98999786376953,125.98999786376953,125.41000366210938,125.52999877929688
2017-09-18,124.70999908447266,124.76000213623047,123.97000122070312,124.36000061035156
2017-09-19,124.48999786376953,124.6500015258789,124.02999877929688,124.62000274658203
2017-09-20,124.68000030517578,125.05999755859375,123.1500015258789,123.62000274658203
2017-09-21,122.55999755859375,123.06999969482422,122.48999786376953,122.68000030517578
2017-09-22,123.02999877929688,123.38999938964844,122.93000030517578,123.23999786376953
2017-09-25,122.77999877929688,124.66000366210938,122.70999908447266,124.52999877929688
2017-09-26,123.56999969482422,123.80999755859375,122.9000015258789,123.13999938964844
2017-09-27,122.04000091552734,122.51000213623047,121.87999725341797,121.9800033569336
2017-09-28,122.04000091552734,122.4800033569336,121.83000183105469,122.20999908447266
2017-09-29,122.29000091552734,122.30000305175781,121.55000305175781,121.58000183105469
2017-10-02,121.16999816894531,121.33999633789062,120.73999786376953,120.7699966430664
2017-10-03,120.72000122070312,121.0999984741211,120.69999694824219,120.83000183105469
2017-10-04,121.20999908447266,121.2699966430664,120.70999908447266,121.16999816894531
2017-10-05,121.1500015258789,121.23999786376953,120.4000015258789,120.5199966430664
2017-10-06,120.26000213623047,121.20999908447266,119.77999877929688,121.08999633789062
2017-10-09,121.63999938964844,122.11000061035156,121.55000305175781,122.08000183105469
2017-10-10,122.62000274658203,122.97000122070312,122.36000061035156,122.4000015258789
2017-10-11,122.56999969482422,122.87999725341797,122.02999877929688,122.79000091552734
2017-10-12,122.83999633789062,123.04000091552734,122.5,122.88999938964844
2017-10-13,123.66000366210938,123.86000061035156,123.33999633789062,123.81999969482422
2017-10-16,123.81999969482422,123.97000122070312,122.56999969482422,122.97000122070312
2017-10-17,122.02999877929688,122.31999969482422,121.7300033569336,122.12999725341797
2017-10-18,121.70999908447266,121.94000244140625,121.55000305175781,121.66999816894531
2017-10-19,122.19999694824219,122.55000305175781,122.11000061035156,122.38999938964844
2017-10-20,121.68000030517578,121.9800033569336,121.38999938964844,121.61000061035156
2017-10-23,120.9800033569336,121.9000015258789,120.95999908447266,121.80000305175781
2017-10-24,121.26000213623047,121.70999908447266,120.9800033569336,121.33000183105469
2017-10-25,121.30999755859375,121.58999633789062,120.83999633789062,121.3499984741211
2017-10-26,121.16000366210938,121.16000366210938,120.22000122070312,120.33000183105469
2017-10-27,120.37999725341797,120.98999786376953,120.20999908447266,120.9000015258789
2017-10-30,120.37999725341797,121.47000122070312,120.37999725341797,121.12999725341797
2017-10-31,120.81999969482422,120.83999633789062,120.37999725341797,120.66999816894531
2017-11-01,120.9800033569336,121.55000305175781,120.83999633789062,121.11000061035156
2017-11-02,121.29000091552734,121.95999908447266,121.05000305175781,121.19000244140625
2017-11-03,121.36000061035156,121.43000030517578,120.18000030517578,120.62000274658203
2017-11-06,120.72000122070312,121.8499984741211,120.68000030517578,121.6500015258789
2017-11-07,121.51000213623047,121.55999755859375,120.77999877929688,121.20999908447266
2017-11-08,121.94999694824219,122.25,121.58999633789062,121.62999725341797
2017-11-09,121.8499984741211,122.41000366210938,121.7300033569336,122.12999725341797
2017-11-10,121.98999786376953,122.11000061035156,120.94000244140625,121.12999725341797
2017-11-13,121.43000030517578,121.55000305175781,121.2699966430664,121.30999755859375
2017-11-14,120.9000015258789,121.91000366210938,120.7699966430664,121.55999755859375
2017-11-15,122.12999725341797,122.36000061035156,121.25,121.41000366210938
2017-11-16,121.44999694824219,121.70999908447266,121.29000091552734,121.4000015258789
2017-11-17,122.1500015258789,123.16999816894531,121.94999694824219,122.86000061035156
2017-11-20,122.30000305175781,122.41000366210938,121.04000091552734,121.30999755859375
2017-11-21,121.66999816894531,122.0,121.5,121.51000213623047
2017-11-22,122.26000213623047,122.94999694824219,122.16999816894531,122.62999725341797
2017-11-24,122.36000061035156,122.61000061035156,122.22000122070312,122.31999969482422
2017-11-27,123.26000213623047,123.33000183105469,122.66999816894531,122.83000183105469
2017-11-28,123.05000305175781,123.16999816894531,122.52999877929688,122.80999755859375
2017-11-29,122.23999786376953,122.33000183105469,121.73999786376953,122.04000091552734
2017-11-30,121.44000244140625,121.69999694824219,120.63999938964844,121.0999984741211
2017-12-01,120.94000244140625,122.43000030517578,120.73999786376953,121.58999633789062
2017-12-04,121.1500015258789,121.19999694824219,120.83999633789062,121.18000030517578
2017-12-05,120.0999984741211,120.51000213623047,119.72000122070312,120.31999969482422
2017-12-06,120.04000091552734,120.44000244140625,119.87000274658203,120.06999969482422
2017-12-07,119.01000213623047,119.23999786376953,118.0999984741211,118.48999786376953
2017-12-08,118.48999786376953,118.91999816894531,118.33000183105469,118.4800033569336
2017-12-11,118.37000274658203,118.54000091552734,117.80000305175781,118.01000213623047
2017-12-12,117.6500015258789,118.16999816894531,117.4000015258789,118.1500015258789
2017-12-13,118.19000244140625,119.3499984741211,118.01000213623047,119.16999816894531
2017-12-14,119.0999984741211,119.29000091552734,118.70999908447266,118.93000030517578
2017-12-15,119.41000366210938,119.5,118.97000122070312,119.18000030517578
2017-12-18,119.62999725341797,119.98999786376953,119.5999984741211,119.7300033569336
2017-12-19,119.66999816894531,119.9000015258789,119.52999877929688,119.81999969482422
2017-12-20,119.9800033569336,120.36000061035156,119.80999755859375,120.13999938964844
2017-12-21,120.06999969482422,120.44999694824219,120.0,120.30999755859375
2017-12-22,120.66999816894531,121.13999938964844,120.56999969482422,120.94000244140625
2017-12-26,121.55000305175781,121.87000274658203,121.51000213623047,121.7699966430664
2017-12-27,122.0,122.33999633789062,121.87999725341797,122.2300033569336
2017-12-28,122.81999969482422,122.91999816894531,122.55999755859375,122.8499984741211
2017-12-29,123.69999694824219,124.08999633789062,123.45999908447266,123.6500015258789
2018-01-02,124.66000366210938,125.18000030517578,124.38999938964844,125.1500015258789
2018-01-03,125.05000305175781,125.08999633789062,124.0999984741211,124.81999969482422
2018-01-04,124.88999938964844,125.8499984741211,124.73999786376953,125.45999908447266
2018-01-05,124.93000030517578,125.4800033569336,124.83000183105469,125.33000183105469
2018-01-08,125.19999694824219,125.31999969482422,124.9000015258789,125.30999755859375
2018-01-09,124.48999786376953,124.86000061035156,124.2300033569336,124.7300033569336
2018-01-10,125.16999816894531,125.30999755859375,124.72000122070312,125.02999877929688
2018-01-11,125.37000274658203,125.66000366210938,125.25,125.44000244140625
2018-01-12,126.01000213623047,127.12999725341797,125.80999755859375,126.95999908447266
2018-01-16,126.5999984741211,127.18000030517578,126.4000015258789,127.16999816894531
2018-01-17,126.7699966430664,127.22000122070312,125.9000015258789,126.13999938964844
2018-01-18,126.12999725341797,126.5199966430664,125.80000305175781,125.86000061035156
2018-01-19,126.56999969482422,126.7300033569336,126.41000366210938,126.41999816894531
2018-01-22,126.51000213623047,126.75,126.27999877929688,126.6500015258789
2018-01-23,126.52999877929688,127.3499984741211,126.33999633789062,127.27999877929688
2018-01-24,128.38999938964844,129.25999450683594,128.22999572753906,128.8300018310547
2018-01-25,128.69000244140625,129.50999450683594,127.36000061035156,127.97000122070312
2018-01-26,128.24000549316406,128.52000427246094,127.97000122070312,128.07000732421875
2018-01-29,127.58000183105469,127.62999725341797,126.91999816894531,127.3499984741211
2018-01-30,127.91000366210938,127.91999816894531,126.73999786376953,126.80000305175781
2018-01-31,127.44999694824219,127.8499984741211,126.4000015258789,127.6500015258789
2018-02-01,127.18000030517578,128.14999389648438,127.08000183105469,128.07000732421875
2018-02-02,126.80999755859375,126.8499984741211,125.95999908447266,126.38999938964844
2018-02-05,126.81999969482422,127.30999755859375,126.44000244140625,126.70999908447266
2018-02-06,126.54000091552734,126.55000305175781,125.22000122070312,125.37999725341797
2018-02-07,125.4800033569336,125.7699966430664,124.41000366210938,124.79000091552734
2018-02-08,124.91999816894531,125.44000244140625,124.51000213623047,124.9800033569336
2018-02-09,124.6500015258789,125.13999938964844,124.38999938964844,124.7699966430664
2018-02-12,125.19000244140625,125.81999969482422,125.11000061035156,125.37000274658203
2018-02-13,125.66999816894531,126.18000030517578,125.5199966430664,126.08000183105469
2018-02-14,126.47000122070312,128.58999633789062,126.29000091552734,128.22999572753906
2018-02-15,128.42999267578125,128.57000732421875,127.94000244140625,128.3800048828125
2018-02-16,128.3000030517578,128.6999969482422,127.56999969482422,127.95999908447266
2018-02-20,127.27999877929688,127.4000015258789,126.04000091552734,126.23999786376953
2018-02-21,126.36000061035156,126.76000213623047,125.44000244140625,125.66000366210938
2018-02-22,125.91999816894531,126.37000274658203,125.87999725341797,126.30000305175781
2018-02-23,126.05999755859375,126.30000305175781,125.8499984741211,126.13999938964844
2018-02-26,126.44999694824219,126.62000274658203,126.18000030517578,126.44999694824219
2018-02-27,126.05999755859375,126.1500015258789,124.58999633789062,125.12999725341797
2018-02-28,125.08999633789062,125.45999908447266,124.80999755859375,125.0
2018-03-01,124.1500015258789,125.30999755859375,123.58000183105469,124.72000122070312
2018-03-02,125.66999816894531,125.69000244140625,124.97000122070312,125.38999938964844
2018-03-05,125.3499984741211,125.4800033569336,124.95999908447266,125.18000030517578
2018-03-06,126.19999694824219,126.95999908447266,126.12999725341797,126.52999877929688
2018-03-07,126.22000122070312,126.29000091552734,125.41999816894531,125.72000122070312
2018-03-08,125.69000244140625,125.69999694824219,125.12999725341797,125.41999816894531
2018-03-09,124.94000244140625,125.69000244140625,124.77999877929688,125.54000091552734
2018-03-12,125.04000091552734,125.56999969482422,124.83999633789062,125.54000091552734
2018-03-13,125.66999816894531,125.98999786376953,125.05000305175781,125.77999877929688
2018-03-14,125.48999786376953,125.76000213623047,125.33999633789062,125.69999694824219
2018-03-15,125.12000274658203,125.20999908447266,124.72000122070312,124.9000015258789
2018-03-16,124.83999633789062,124.87000274658203,124.20999908447266,124.5999984741211
2018-03-19,124.56999969482422,125.16000366210938,124.41999816894531,124.87000274658203
2018-03-20,124.41000366210938,124.55000305175781,123.95999908447266,124.30999755859375
2018-03-21,125.4000015258789,126.76000213623047,125.02999877929688,126.4800033569336
2018-03-22,126.08999633789062,126.33999633789062,125.63999938964844,125.9800033569336
2018-03-23,127.81999969482422,128.05999755859375,127.61000061035156,127.61000061035156
2018-03-26,128.0500030517578,128.5800018310547,128.00999450683594,128.27999877929688
2018-03-27,127.2300033569336,127.62000274658203,127.05000305175781,127.48999786376953
2018-03-28,126.4800033569336,126.61000061035156,125.51000213623047,125.7300033569336
2018-03-29,125.41999816894531,125.80999755859375,125.30999755859375,125.79000091552734
2018-04-02,126.6500015258789,127.54000091552734,126.37999725341797,127.26000213623047
2018-04-03,126.54000091552734,126.58999633789062,126.01000213623047,126.30000305175781
2018-04-04,127.5,127.52999877929688,126.31999969482422,126.44999694824219
2018-04-05,125.44999694824219,126.08000183105469,125.43000030517578,125.80000305175781
2018-04-06,126.56999969482422,126.5999984741211,126.12999725341797,126.38999938964844
2018-04-09,126.44999694824219,126.86000061035156,126.2300033569336,126.81999969482422
2018-04-10,127.0199966430664,127.30999755859375,126.66999816894531,127.12000274658203
2018-04-11,128.08999633789062,129.47000122070312,127.77999877929688,128.11000061035156
2018-04-12,127.25,127.33999633789062,126.47000122070312,126.62000274658203
2018-04-13,127.06999969482422,127.75,127.02999877929688,127.44999694824219
2018-04-16,127.73999786376953,128.0500030517578,127.56999969482422,127.62999725341797
2018-04-17,127.0199966430664,127.77999877929688,127.0,127.75
2018-04-18,128.32000732421875,128.5399932861328,127.75,127.8499984741211
2018-04-19,127.80999755859375,127.87999725341797,127.12999725341797,127.5999984741211
2018-04-20,126.69000244140625,126.97000122070312,126.55000305175781,126.62999725341797
2018-04-23,125.62000274658203,125.76000213623047,125.33999633789062,125.62000274658203
2018-04-24,125.77999877929688,126.33999633789062,125.66999816894531,126.2300033569336
2018-04-25,125.2300033569336,125.51000213623047,125.05999755859375,125.41000366210938
2018-04-26,125.54000091552734,125.56999969482422,124.69000244140625,124.97000122070312
2018-04-27,125.19999694824219,125.62000274658203,125.16999816894531,125.5
2018-04-30,124.41000366210938,125.19999694824219,124.19000244140625,124.58999633789062
2018-05-01,123.9000015258789,123.9800033569336,123.38999938964844,123.70999908447266
2018-05-02,123.9000015258789,124.54000091552734,123.58000183105469,123.6500015258789
2018-05-03,124.66000366210938,124.76000213623047,124.23999786376953,124.27999877929688
2018-05-04,124.0999984741211,124.6500015258789,124.0,124.54000091552734
2018-05-07,124.5,124.69999694824219,124.30000305175781,124.56999969482422
2018-05-08,124.13999938964844,124.94999694824219,123.79000091552734,124.58999633789062
2018-05-09,124.44999694824219,124.87000274658203,124.23999786376953,124.33000183105469
2018-05-10,125.22000122070312,125.37000274658203,124.75,125.18000030517578
2018-05-11,125.56999969482422,125.58999633789062,124.94000244140625,125.0
2018-05-14,125.16000366210938,125.20999908447266,124.44000244140625,124.48999786376953
2018-05-15,122.81999969482422,122.81999969482422,122.12999725341797,122.4800033569336
2018-05-16,122.37999725341797,122.61000061035156,122.02999877929688,122.29000091552734
2018-05-17,122.2300033569336,122.43000030517578,122.04000091552734,122.36000061035156
2018-05-18,122.05000305175781,122.6500015258789,122.01000213623047,122.41000366210938
2018-05-21,122.16000366210938,122.52999877929688,121.97000122070312,122.4800033569336
2018-05-22,122.69999694824219,122.73999786376953,122.33999633789062,122.41000366210938
2018-05-23,122.13999938964844,122.73999786376953,122.11000061035156,122.54000091552734
2018-05-24,123.0999984741211,123.81999969482422,123.08000183105469,123.58999633789062
2018-05-25,123.66000366210938,123.69999694824219,123.20999908447266,123.20999908447266
2018-05-29,122.83999633789062,123.63999938964844,122.66000366210938,123.19000244140625
2018-05-30,123.16999816894531,123.61000061035156,123.16999816894531,123.37000274658203
2018-05-31,123.26000213623047,123.77999877929688,123.0999984741211,123.0999984741211
2018-06-01,122.58000183105469,123.08999633789062,122.44000244140625,122.48999786376953
2018-06-04,122.8499984741211,122.93000030517578,122.37000274658203,122.37000274658203
2018-06-05,122.55000305175781,123.2300033569336,122.27999877929688,122.8499984741211
2018-06-06,123.08000183105469,123.3499984741211,122.62999725341797,122.91999816894531
2018-06-07,122.95999908447266,123.1500015258789,122.69000244140625,122.86000061035156
2018-06-08,123.08000183105469,123.12000274658203,122.91000366210938,123.01000213623047
2018-06-11,123.0999984741211,123.41999816894531,123.0199966430664,123.2300033569336
2018-06-12,122.94999694824219,123.18000030517578,122.63999938964844,122.81999969482422
2018-06-13,122.83999633789062,123.33999633789062,122.47000122070312,123.19000244140625
2018-06-14,123.62999725341797,123.86000061035156,123.31999969482422,123.37999725341797
2018-06-15,122.18000030517578,122.19999694824219,120.83000183105469,121.33999633789062
2018-06-18,121.3499984741211,121.44000244140625,120.98999786376953,121.11000061035156
2018-06-19,120.80999755859375,121.02999877929688,120.58000183105469,120.80000305175781
2018-06-20,120.79000091552734,120.80999755859375,120.16000366210938,120.26000213623047
2018-06-21,119.91999816894531,120.31999969482422,119.81999969482422,120.05000305175781
2018-06-22,120.20999908447266,120.4000015258789,120.0999984741211,120.33999633789062
2018-06-25,120.0,120.2300033569336,119.83000183105469,119.88999938964844
2018-06-26,119.27999877929688,119.58999633789062,119.08999633789062,119.26000213623047
2018-06-27,118.95999908447266,119.05000305175781,118.4800033569336,118.58000183105469
2018-06-28,118.58999633789062,118.66999816894531,118.01000213623047,118.22000122070312
2018-06-29,118.43000030517578,118.94000244140625,118.26000213623047,118.6500015258789
2018-07-02,118.18000030517578,118.20999908447266,117.4000015258789,117.45999908447266
2018-07-03,118.41000366210938,119.08000183105469,118.37999725341797,118.6500015258789
2018-07-05,118.91999816894531,119.33000183105469,118.7699966430664,119.05000305175781
2018-07-06,118.97000122070312,119.02999877929688,118.7300033569336,118.86000061035156
2018-07-09,119.6500015258789,119.7300033569336,119.13999938964844,119.1500015258789
2018-07-10,118.88999938964844,119.0,118.61000061035156,118.93000030517578
2018-07-11,118.44999694824219,118.52999877929688,117.62000274658203,117.63999938964844
2018-07-12,118.0,118.26000213623047,117.94000244140625,118.12999725341797
2018-07-13,117.62000274658203,117.75,117.44999694824219,117.61000061035156
2018-07-16,117.51000213623047,117.62999725341797,117.27999877929688,117.55000305175781
2018-07-17,116.72000122070312,116.93000030517578,116.12000274658203,116.27999877929688
2018-07-18,116.02999877929688,116.3499984741211,115.83000183105469,116.30999755859375
2018-07-19,115.12999725341797,116.47000122070312,115.12000274658203,115.80999755859375
2018-07-20,116.4000015258789,116.70999908447266,116.23999786376953,116.55999755859375
2018-07-23,116.25,116.30999755859375,115.76000213623047,116.0
2018-07-24,116.22000122070312,116.43000030517578,115.91000366210938,116.04000091552734
2018-07-25,116.79000091552734,116.83999633789062,116.2699966430664,116.68000030517578
2018-07-26,116.23999786376953,116.51000213623047,115.7699966430664,115.7699966430664
2018-07-27,115.91999816894531,116.23999786376953,115.7699966430664,115.83000183105469
2018-07-30,115.80000305175781,116.0199966430664,115.63999938964844,115.6500015258789
2018-07-31,115.47000122070312,116.3499984741211,115.38999938964844,115.98999786376953
2018-08-01,115.62999725341797,115.69999694824219,115.12999725341797,115.13999938964844
2018-08-02,115.16999816894531,115.2300033569336,114.41999816894531,114.5199966430664
2018-08-03,115.08999633789062,115.52999877929688,114.86000061035156,114.91999816894531
2018-08-06,114.55999755859375,114.72000122070312,114.30999755859375,114.33000183105469
2018-08-07,114.8499984741211,114.94000244140625,114.41999816894531,114.58999633789062
2018-08-08,114.75,114.94999694824219,114.41000366210938,114.91000366210938
2018-08-09,115.0199966430664,115.12000274658203,114.69000244140625,114.73999786376953
2018-08-10,114.80999755859375,115.2300033569336,114.61000061035156,114.69000244140625
2018-08-13,113.80999755859375,113.80999755859375,112.83000183105469,112.95999908447266
2018-08-14,113.25,113.4800033569336,112.83999633789062,113.06999969482422
2018-08-15,112.16999816894531,112.18000030517578,111.05999755859375,111.19000244140625
2018-08-16,111.45999908447266,111.87999725341797,111.0999984741211,111.0999984741211
2018-08-17,111.69000244140625,112.1500015258789,111.37999725341797,112.12999725341797
2018-08-20,112.37999725341797,112.73999786376953,112.16000366210938,112.69000244140625
2018-08-21,112.7699966430664,113.0999984741211,112.44000244140625,113.0199966430664
2018-08-22,113.38999938964844,113.48999786376953,113.06999969482422,113.2699966430664
2018-08-23,112.68000030517578,112.87999725341797,112.05999755859375,112.19999694824219
2018-08-24,113.25,114.41999816894531,113.20999908447266,114.16000366210938
2018-08-27,114.12000274658203,114.77999877929688,114.12000274658203,114.58999633789062
2018-08-28,114.76000213623047,114.87000274658203,113.55000305175781,113.68000030517578
2018-08-29,114.16000366210938,114.20999908447266,113.8499984741211,114.19999694824219
2018-08-30,113.91999816894531,113.93000030517578,113.23999786376953,113.63999938964844
2018-08-31,113.72000122070312,114.05999755859375,113.44000244140625,113.51000213623047
2018-09-04,112.75,113.06999969482422,112.61000061035156,112.93000030517578
2018-09-05,113.36000061035156,113.44000244140625,113.12000274658203,113.31999969482422
2018-09-06,113.88999938964844,114.26000213623047,113.27999877929688,113.54000091552734
2018-09-07,113.26000213623047,113.5999984741211,112.97000122070312,113.2300033569336
2018-09-10,113.26000213623047,113.43000030517578,113.0,113.1500015258789
2018-09-11,112.6500015258789,113.37000274658203,112.41999816894531,113.22000122070312
2018-09-12,113.12000274658203,114.38999938964844,113.05999755859375,114.16999816894531
2018-09-13,114.72000122070312,114.77999877929688,113.58000183105469,113.76000213623047
2018-09-14,113.79000091552734,113.9000015258789,112.91000366210938,113.0199966430664
2018-09-17,113.5999984741211,114.02999877929688,113.55000305175781,113.61000061035156
2018-09-18,113.79000091552734,113.91000366210938,113.27999877929688,113.44000244140625
2018-09-19,113.94000244140625,114.1500015258789,113.68000030517578,113.87999725341797
2018-09-20,114.20999908447266,114.37000274658203,113.86000061035156,114.2699966430664
2018-09-21,112.87000274658203,113.68000030517578,112.79000091552734,113.48999786376953
2018-09-24,113.68000030517578,113.95999908447266,113.43000030517578,113.47000122070312
2018-09-25,113.75,113.88999938964844,113.56999969482422,113.6500015258789
2018-09-26,113.11000061035156,113.5999984741211,112.66000366210938,113.05000305175781
2018-09-27,112.0999984741211,112.41999816894531,111.8499984741211,112.05000305175781
2018-09-28,112.16000366210938,113.0,112.06999969482422,112.76000213623047
2018-10-01,112.4000015258789,112.62000274658203,112.1500015258789,112.56999969482422
2018-10-02,113.69999694824219,114.33000183105469,113.61000061035156,113.87000274658203
2018-10-03,113.87000274658203,114.05000305175781,113.26000213623047,113.41999816894531
2018-10-04,113.83000183105469,114.19000244140625,113.26000213623047,113.4800033569336
2018-10-05,113.80999755859375,114.0999984741211,113.56999969482422,113.80000305175781
2018-10-08,112.25,112.58999633789062,111.9000015258789,112.54000091552734
2018-10-09,112.37000274658203,112.66999816894531,111.97000122070312,112.5999984741211
2018-10-10,112.47000122070312,112.95999908447266,112.25,112.87999725341797
2018-10-11,114.19999694824219,116.04000091552734,114.08999633789062,115.77999877929688
2018-10-12,115.58000183105469,115.70999908447266,115.08000183105469,115.2300033569336
2018-10-15,116.12000274658203,116.52999877929688,115.88999938964844,116.0
2018-10-16,116.48999786376953,116.5999984741211,115.80000305175781,115.80000305175781
2018-10-17,115.88999938964844,116.33000183105469,115.68000030517578,115.79000091552734
2018-10-18,115.83000183105469,116.41000366210938,115.62999725341797,115.91999816894531
2018-10-19,116.2300033569336,116.23999786376953,115.95999908447266,116.01000213623047
2018-10-22,115.56999969482422,115.77999877929688,115.43000030517578,115.70999908447266
2018-10-23,117.16000366210938,117.25,116.33000183105469,116.38999938964844
2018-10-24,116.37999725341797,116.72000122070312,116.11000061035156,116.66000366210938
2018-10-25,116.58000183105469,116.7300033569336,116.19000244140625,116.4000015258789
2018-10-26,116.83000183105469,117.6500015258789,116.45999908447266,116.7699966430664
2018-10-29,116.41000366210938,116.54000091552734,115.83999633789062,116.30999755859375
2018-10-30,115.8499984741211,116.04000091552734,115.63999938964844,115.80000305175781
2018-10-31,114.88999938964844,115.16999816894531,114.66000366210938,115.1500015258789
2018-11-01,116.33000183105469,117.06999969482422,116.18000030517578,116.62999725341797
2018-11-02,116.61000061035156,116.9800033569336,116.38999938964844,116.6500015258789
2018-11-05,116.27999877929688,116.66999816894531,116.2300033569336,116.37000274658203
2018-11-06,116.44000244140625,116.52999877929688,115.73999786376953,116.04000091552734
2018-11-07,116.26000213623047,116.3499984741211,115.9000015258789,116.02999877929688
2018-11-08,115.7699966430664,116.1500015258789,115.5,115.77999877929688
2018-11-09,114.5999984741211,114.75,114.13999938964844,114.4800033569336
2018-11-12,114.01000213623047,114.05000305175781,113.58000183105469,113.66000366210938
2018-11-13,113.72000122070312,113.93000030517578,113.41999816894531,113.69999694824219
2018-11-14,113.52999877929688,115.05999755859375,113.45999908447266,114.63999938964844
2018-11-15,114.83000183105469,114.98999786376953,114.55999755859375,114.7699966430664
2018-11-16,115.83000183105469,115.87999725341797,115.37000274658203,115.62000274658203
2018-11-19,115.44999694824219,115.91999816894531,115.37000274658203,115.66999816894531
2018-11-20,115.94000244140625,115.94999694824219,115.37000274658203,115.66999816894531
2018-11-21,115.94000244140625,116.3499984741211,115.86000061035156,115.86000061035156
2018-11-23,115.76000213623047,115.87999725341797,115.58999633789062,115.7699966430664
2018-11-26,115.83999633789062,115.87000274658203,115.52999877929688,115.63999938964844
2018-11-27,115.55000305175781,115.62999725341797,114.5999984741211,114.94999694824219
2018-11-28,114.76000213623047,116.06999969482422,114.58999633789062,115.37999725341797
2018-11-29,115.97000122070312,116.23999786376953,115.55999755859375,115.73999786376953
2018-11-30,115.41999816894531,115.66000366210938,115.04000091552734,115.54000091552734
2018-12-03,116.5999984741211,116.7699966430664,116.30000305175781,116.41000366210938
2018-12-04,117.37000274658203,117.38999938964844,116.93000030517578,117.12000274658203
2018-12-06,117.37999725341797,117.69000244140625,116.91999816894531,117.13999938964844
2018-12-07,117.62000274658203,118.2300033569336,117.54000091552734,118.08999633789062
2018-12-10,117.69999694824219,117.94000244140625,117.41999816894531,117.68000030517578
2018-12-11,117.66999816894531,117.88999938964844,117.3499984741211,117.54000091552734
2018-12-12,117.69999694824219,117.94999694824219,117.61000061035156,117.79000091552734
2018-12-13,117.54000091552734,117.62000274658203,117.26000213623047,117.52999877929688
2018-12-14,116.62999725341797,117.30000305175781,116.58000183105469,117.05999755859375
2018-12-17,117.37000274658203,118.02999877929688,117.3499984741211,117.87000274658203
2018-12-18,117.8499984741211,118.19999694824219,117.80999755859375,118.1500015258789
2018-12-19,118.23999786376953,118.95999908447266,117.4000015258789,117.43000030517578
2018-12-20,119.11000061035156,119.73999786376953,118.68000030517578,119.23999786376953
2018-12-21,119.19000244140625,119.25,118.56999969482422,118.72000122070312
2018-12-24,119.56999969482422,120.13999938964844,119.56999969482422,120.0199966430664
2018-12-26,120.62000274658203,121.0,119.56999969482422,119.66000366210938
2018-12-27,120.56999969482422,120.9000015258789,120.13999938964844,120.56999969482422
2018-12-28,120.80000305175781,121.08000183105469,120.72000122070312,121.05999755859375
2018-12-31,120.9800033569336,121.26000213623047,120.83000183105469,121.25
2019-01-02,121.3499984741211,121.75,120.87999725341797,121.33000183105469
2019-01-03,121.77999877929688,122.45999908447266,121.7300033569336,122.43000030517578
2019-01-04,121.31999969482422,121.5999984741211,120.69000244140625,121.44000244140625
2019-01-07,122.16000366210938,122.22000122070312,121.56999969482422,121.86000061035156
2019-01-08,121.1500015258789,121.70999908447266,121.05999755859375,121.52999877929688
2019-01-09,121.44999694824219,122.33999633789062,121.44000244140625,122.30999755859375
2019-01-10,121.9800033569336,122.18000030517578,121.56999969482422,121.58999633789062
2019-01-11,121.73999786376953,122.05000305175781,121.66000366210938,121.80000305175781
2019-01-14,122.1500015258789,122.23999786376953,121.87000274658203,122.08999633789062
2019-01-15,122.27999877929688,122.37999725341797,121.62000274658203,121.87999725341797
2019-01-16,122.04000091552734,122.44000244140625,122.0199966430664,122.2699966430664
2019-01-17,122.02999877929688,122.26000213623047,121.80999755859375,122.11000061035156
2019-01-18,121.2300033569336,121.5199966430664,121.0199966430664,121.0199966430664
2019-01-22,121.18000030517578,121.5,120.9000015258789,121.44999694824219
2019-01-23,120.95999908447266,121.54000091552734,120.86000061035156,121.27999877929688
2019-01-24,121.16000366210938,121.36000061035156,120.91999816894531,121.08999633789062
2019-01-25,122.0199966430664,122.91000366210938,122.0199966430664,122.86000061035156
2019-01-28,122.75,123.29000091552734,122.72000122070312,123.29000091552734
2019-01-29,123.70999908447266,124.0,123.45999908447266,123.9800033569336
2019-01-30,123.91000366210938,125.06999969482422,123.69999694824219,124.69000244140625
2019-01-31,125.18000030517578,125.2300033569336,124.62000274658203,124.75
2019-02-01,124.88999938964844,125.05000305175781,124.37000274658203,124.5
2019-02-04,123.98999786376953,124.29000091552734,123.81999969482422,123.95999908447266
2019-02-05,124.29000091552734,124.41999816894531,124.05000305175781,124.27999877929688
2019-02-06,124.16000366210938,124.19000244140625,123.4000015258789,123.44000244140625
2019-02-07,123.80000305175781,123.94999694824219,123.44000244140625,123.73999786376953
2019-02-08,124.05000305175781,124.33000183105469,123.9800033569336,124.20999908447266
2019-02-11,123.19000244140625,123.81999969482422,123.19000244140625,123.5999984741211
2019-02-12,123.95999908447266,124.02999877929688,123.61000061035156,123.86000061035156
2019-02-13,123.83999633789062,124.55000305175781,123.30999755859375,123.37000274658203
2019-02-14,123.83999633789062,124.19999694824219,123.52999877929688,124.05999755859375
2019-02-15,124.58999633789062,125.0,124.18000030517578,124.80000305175781
2019-02-19,125.9800033569336,126.79000091552734,125.93000030517578,126.69999694824219
2019-02-20,127.0,127.20999908447266,126.30999755859375,126.4800033569336
2019-02-21,126.1500015258789,126.22000122070312,125.05000305175781,125.05000305175781
2019-02-22,125.52999877929688,125.94999694824219,125.38999938964844,125.5
2019-02-25,125.77999877929688,125.9000015258789,125.2300033569336,125.37000274658203
2019-02-26,125.33000183105469,125.62000274658203,125.05000305175781,125.58000183105469
2019-02-27,125.16999816894531,125.2300033569336,124.4000015258789,124.69000244140625
2019-02-28,124.70999908447266,124.70999908447266,123.9800033569336,123.98999786376953
2019-03-01,123.4800033569336,123.95999908447266,121.87000274658203,121.87999725341797
2019-03-04,121.55999755859375,121.8499984741211,121.18000030517578,121.55999755859375
2019-03-05,121.37999725341797,121.7300033569336,121.02999877929688,121.72000122070312
2019-03-06,121.43000030517578,121.63999938964844,121.26000213623047,121.61000061035156
2019-03-07,121.2699966430664,121.70999908447266,121.18000030517578,121.51000213623047
2019-03-08,122.69999694824219,122.88999938964844,122.37000274658203,122.83999633789062
2019-03-11,122.5199966430664,122.54000091552734,121.91999816894531,122.23999786376953
2019-03-12,122.54000091552734,123.02999877929688,122.4000015258789,122.9800033569336
2019-03-13,123.55999755859375,123.87999725341797,123.43000030517578,123.83999633789062
2019-03-14,122.33000183105469,122.55000305175781,122.12000274658203,122.41000366210938
2019-03-15,123.05999755859375,123.4000015258789,122.91000366210938,122.97000122070312
2019-03-18,123.30000305175781,123.4000015258789,122.88999938964844,123.04000091552734
2019-03-19,123.72000122070312,123.79000091552734,123.33999633789062,123.37999725341797
2019-03-20,123.66000366210938,124.41999816894531,122.6500015258789,124.18000030517578
2019-03-21,124.36000061035156,124.37000274658203,123.11000061035156,123.68000030517578
2019-03-22,123.93000030517578,124.22000122070312,123.7300033569336,123.97000122070312
2019-03-25,124.55999755859375,125.11000061035156,124.4800033569336,124.91999816894531
2019-03-26,124.4800033569336,124.51000213623047,124.06999969482422,124.30000305175781
2019-03-27,124.3499984741211,124.37999725341797,123.55999755859375,123.6500015258789
2019-03-28,122.27999877929688,122.36000061035156,121.70999908447266,121.9000015258789
2019-03-29,122.63999938964844,122.75,122.01000213623047,122.01000213623047
2019-04-01,122.4000015258789,122.43000030517578,121.45999908447266,121.52999877929688
2019-04-02,121.72000122070312,122.01000213623047,121.68000030517578,121.9800033569336
2019-04-03,121.7300033569336,122.01000213623047,121.68000030517578,121.80000305175781
2019-04-04,121.0999984741211,122.23999786376953,120.95999908447266,122.11000061035156
2019-04-05,121.87999725341797,122.12999725341797,121.66000366210938,121.9800033569336
2019-04-08,122.97000122070312,123.0199966430664,122.4000015258789,122.51000213623047
2019-04-09,123.26000213623047,123.3499984741211,123.02999877929688,123.1500015258789
2019-04-10,123.22000122070312,123.7699966430664,123.19000244140625,123.52999877929688
2019-04-11,122.54000091552734,122.75,121.79000091552734,121.94999694824219
2019-04-12,121.95999908447266,122.30999755859375,121.80000305175781,121.83000183105469
2019-04-15,121.19999694824219,121.81999969482422,121.0999984741211,121.5999984741211
2019-04-16,120.37999725341797,120.62999725341797,120.19000244140625,120.51000213623047
2019-04-17,120.45999908447266,120.51000213623047,120.19999694824219,120.27999877929688
2019-04-18,120.23999786376953,120.54000091552734,120.1500015258789,120.37000274658203
2019-04-22,120.45999908447266,120.5,120.2699966430664,120.37000274658203
2019-04-23,119.66999816894531,120.19999694824219,119.55000305175781,120.12000274658203
2019-04-24,120.05999755859375,120.72000122070312,120.04000091552734,120.47000122070312
2019-04-25,120.72000122070312,121.0999984741211,120.5,120.56999969482422
2019-04-26,121.26000213623047,121.66999816894531,121.22000122070312,121.37000274658203
2019-04-29,120.87999725341797,120.91000366210938,120.66999816894531,120.83000183105469
2019-04-30,120.88999938964844,121.36000061035156,120.8499984741211,121.19999694824219
2019-05-01,121.02999877929688,121.55000305175781,120.18000030517578,120.4000015258789
2019-05-02,119.69000244140625,120.11000061035156,119.54000091552734,119.94000244140625
2019-05-03,120.55999755859375,121.08000183105469,120.4800033569336,120.6500015258789
2019-05-06,120.61000061035156,121.12000274658203,120.54000091552734,120.80999755859375
2019-05-07,121.0199966430664,121.41999816894531,120.91000366210938,121.20999908447266
2019-05-08,121.54000091552734,121.54000091552734,120.7699966430664,120.91000366210938
2019-05-09,120.95999908447266,121.62000274658203,120.86000061035156,121.19999694824219
2019-05-10,121.41000366210938,121.7300033569336,121.30000305175781,121.43000030517578
2019-05-13,122.62999725341797,122.8499984741211,122.33000183105469,122.66999816894531
2019-05-14,122.5999984741211,122.66000366210938,122.12000274658203,122.45999908447266
2019-05-15,122.70999908447266,122.7699966430664,122.22000122070312,122.38999938964844
2019-05-16,122.02999877929688,122.06999969482422,121.19000244140625,121.51000213623047
2019-05-17,121.02999877929688,121.05999755859375,120.33000183105469,120.6500015258789
2019-05-20,120.51000213623047,120.73999786376953,120.41999816894531,120.63999938964844
2019-05-21,120.08000183105469,120.36000061035156,119.83000183105469,120.36000061035156
2019-05-22,120.3499984741211,120.5,120.19000244140625,120.23999786376953
2019-05-23,120.81999969482422,121.5199966430664,120.7699966430664,121.16999816894531
2019-05-24,121.12999725341797,121.30999755859375,120.88999938964844,121.30000305175781
2019-05-28,120.80000305175781,120.83999633789062,120.45999908447266,120.83000183105469
2019-05-29,121.11000061035156,121.26000213623047,120.75,120.87000274658203
2019-05-30,120.95999908447266,121.69000244140625,120.80000305175781,121.69000244140625
2019-05-31,122.55000305175781,123.4000015258789,122.31999969482422,123.33000183105469
2019-06-03,124.08999633789062,125.33999633789062,123.9000015258789,125.11000061035156
2019-06-04,124.87999725341797,125.41999816894531,124.61000061035156,125.1500015258789
2019-06-05,126.18000030517578,126.37000274658203,125.23999786376953,125.47000122070312
2019-06-06,125.93000030517578,126.44999694824219,125.80000305175781,125.87999725341797
2019-06-07,126.79000091552734,127.25,126.31999969482422,126.58999633789062
2019-06-10,125.45999908447266,125.52999877929688,125.06999969482422,125.33000183105469
2019-06-11,124.94000244140625,125.4000015258789,124.87999725341797,125.18000030517578
2019-06-12,125.5999984741211,126.19999694824219,125.55999755859375,125.83000183105469
2019-06-13,126.02999877929688,126.7699966430664,125.95999908447266,126.5999984741211
2019-06-14,127.20999908447266,127.62999725341797,126.26000213623047,126.55999755859375
2019-06-17,126.69999694824219,126.7699966430664,126.16999816894531,126.4800033569336
2019-06-18,127.58000183105469,127.75,126.38999938964844,127.12000274658203
2019-06-19,126.7699966430664,127.98999786376953,126.69999694824219,127.88999938964844
2019-06-20,130.41000366210938,131.49000549316406,130.19000244140625,131.11000061035156
2019-06-21,131.77000427246094,132.1699981689453,131.07000732421875,131.97999572753906
2019-06-24,132.77000427246094,134.0399932861328,132.5800018310547,133.94000244140625
2019-06-25,134.89999389648438,135.5500030517578,133.2100067138672,134.1999969482422
2019-06-26,132.99000549316406,133.5500030517578,132.41000366210938,132.97000122070312
2019-06-27,132.3800048828125,132.97000122070312,132.25999450683594,132.83999633789062
2019-06-28,133.0500030517578,133.33999633789062,132.61000061035156,133.1999969482422
2019-07-01,131.55999755859375,131.75999450683594,130.5500030517578,130.6199951171875
2019-07-02,131.27000427246094,133.6300048828125,131.16000366210938,133.41000366210938
2019-07-03,133.61000061035156,134.10000610351562,133.22999572753906,133.6300048828125
2019-07-05,131.4600067138672,132.32000732421875,130.80999755859375,132.13999938964844
2019-07-08,132.17999267578125,132.33999633789062,131.27999877929688,131.2899932861328
2019-07-09,131.42999267578125,132.10000610351562,131.16000366210938,131.75
2019-07-10,132.94000244140625,133.8699951171875,132.35000610351562,133.8300018310547
2019-07-11,133.5800018310547,133.6999969482422,132.41000366210938,132.6999969482422
2019-07-12,132.88999938964844,133.69000244140625,132.52999877929688,133.52999877929688
2019-07-15,133.17999267578125,133.52999877929688,132.80999755859375,133.52999877929688
2019-07-16,133.17999267578125,133.3000030517578,132.1300048828125,132.39999389648438
2019-07-17,133.0,134.60000610351562,132.88999938964844,134.5800018310547
2019-07-18,133.8300018310547,136.6300048828125,133.61000061035156,136.47999572753906
2019-07-19,135.4499969482422,136.02999877929688,133.97000122070312,134.47000122070312
2019-07-22,134.55999755859375,134.82000732421875,134.32000732421875,134.4499969482422
2019-07-23,134.42999267578125,134.9499969482422,133.55999755859375,133.69000244140625
2019-07-24,134.58999633789062,134.83999633789062,133.97999572753906,134.3699951171875
2019-07-25,134.24000549316406,134.27999877929688,133.08999633789062,133.4199981689453
2019-07-26,134.24000549316406,134.2899932861328,133.58999633789062,133.63999938964844
2019-07-29,134.05999755859375,134.72999572753906,133.44000244140625,134.52999877929688
2019-07-30,134.75999450683594,135.17999267578125,134.41000366210938,134.97999572753906
2019-07-31,135.02999877929688,135.4199981689453,133.02000427246094,133.2100067138672
2019-08-01,132.4199981689453,136.42999267578125,132.30999755859375,136.41000366210938
2019-08-02,135.38999938964844,136.60000610351562,135.3699951171875,135.88999938964844
2019-08-05,137.92999267578125,138.63999938964844,137.0500030517578,137.7899932861328
2019-08-06,138.3300018310547,139.02999877929688,138.00999450683594,138.91000366210938
2019-08-07,141.27999877929688,142.47000122070312,140.8800048828125,141.02000427246094
2019-08-08,140.89999389648438,142.3699951171875,140.7100067138672,141.72999572753906
2019-08-09,141.27999877929688,142.02999877929688,140.9600067138672,141.25999450683594
2019-08-12,141.6699981689453,143.3800048828125,141.63999938964844,142.6300048828125
2019-08-13,143.1699981689453,143.2899932861328,139.35000610351562,141.77999877929688
2019-08-14,142.89999389648438,143.75,142.0500030517578,142.75
2019-08-15,142.9600067138672,144.02000427246094,142.61000061035156,143.6999969482422
2019-08-16,142.75,143.1300048828125,141.8000030517578,142.77999877929688
2019-08-19,141.3300018310547,141.7899932861328,140.85000610351562,141.11000061035156
2019-08-20,141.77000427246094,142.25999450683594,141.60000610351562,142.2100067138672
2019-08-21,141.6199951171875,142.1699981689453,141.4600067138672,141.75999450683594
2019-08-22,141.38999938964844,141.89999389648438,141.1699981689453,141.39999389648438
2019-08-23,141.83999633789062,144.3300018310547,141.63999938964844,144.1699981689453
2019-08-26,144.35000610351562,144.97000122070312,143.91000366210938,144.19000244140625
2019-08-27,144.3000030517578,145.67999267578125,144.27000427246094,145.57000732421875
2019-08-28,145.38999938964844,145.67999267578125,144.63999938964844,145.16000366210938
2019-08-29,145.39999389648438,145.49000549316406,143.27999877929688,144.1199951171875
2019-08-30,143.83999633789062,144.8800048828125,143.02000427246094,143.75
2019-09-03,144.9600067138672,146.1300048828125,144.74000549316406,145.75
2019-09-04,145.5399932861328,146.82000732421875,145.5,146.66000366210938
2019-09-05,144.97999572753906,145.00999450683594,142.0,143.13999938964844
2019-09-06,143.63999938964844,144.05999755859375,141.86000061035156,141.9199981689453
2019-09-09,142.3699951171875,142.4600067138672,141.17999267578125,141.38999938964844
2019-09-10,141.22999572753906,141.52999877929688,140.16000366210938,140.17999267578125
2019-09-11,140.33999633789062,141.25999450683594,140.27999877929688,141.02999877929688
2019-09-12,142.67999267578125,143.10000610351562,141.11000061035156,141.32000732421875
2019-09-13,141.72999572753906,141.99000549316406,140.05999755859375,140.14999389648438
2019-09-16,141.60000610351562,142.0500030517578,141.02000427246094,141.32000732421875
2019-09-17,141.82000732421875,142.11000061035156,141.22000122070312,141.60000610351562
2019-09-18,141.92999267578125,142.52999877929688,139.80999755859375,140.7100067138672
2019-09-19,141.57000732421875,141.74000549316406,141.08999633789062,141.27999877929688
2019-09-20,141.61000061035156,143.02999877929688,141.4600067138672,142.9499969482422
2019-09-23,143.22000122070312,143.94000244140625,143.07000732421875,143.75
2019-09-24,143.2100067138672,144.77000427246094,142.8800048828125,144.50999450683594
2019-09-25,144.0800018310547,144.2899932861328,141.44000244140625,141.8300018310547
2019-09-26,142.19000244140625,142.57000732421875,141.55999755859375,141.7899932861328
2019-09-27,140.35000610351562,141.67999267578125,140.16000366210938,141.05999755859375
2019-09-30,139.77000427246094,140.2100067138672,138.02999877929688,138.8699951171875
2019-10-01,138.07000732421875,140.19000244140625,137.8000030517578,139.6300048828125
2019-10-02,140.7899932861328,141.8800048828125,140.4600067138672,141.25999450683594
2019-10-03,141.36000061035156,143.25,141.2899932861328,141.89999389648438
2019-10-04,141.47999572753906,142.30999755859375,141.13999938964844,141.89999389648438
2019-10-07,141.16000366210938,141.77000427246094,140.24000549316406,140.69000244140625
2019-10-08,142.02999877929688,142.2899932861328,141.1699981689453,141.9199981689453
2019-10-09,142.16000366210938,142.5800018310547,141.6199951171875,142.0500030517578
2019-10-10,141.58999633789062,141.66000366210938,140.5800018310547,140.80999755859375
2019-10-11,139.97000122070312,140.19000244140625,138.91000366210938,140.02999877929688
2019-10-14,140.4499969482422,140.82000732421875,140.33999633789062,140.58999633789062
2019-10-15,140.27000427246094,140.3000030517578,139.2100067138672,139.61000061035156
2019-10-16,140.13999938964844,140.52999877929688,139.6999969482422,140.41000366210938
2019-10-17,140.5,141.1199951171875,140.4199981689453,140.61000061035156
2019-10-18,140.5,140.7100067138672,140.32000732421875,140.4600067138672
2019-10-21,140.72000122070312,140.75999450683594,139.60000610351562,139.7899932861328
2019-10-22,140.1300048828125,140.3000030517578,139.72000122070312,140.1999969482422
2019-10-23,140.58999633789062,141.0,140.5,140.52999877929688
2019-10-24,141.02000427246094,141.74000549316406,140.92999267578125,141.52999877929688
2019-10-25,142.7899932861328,142.8300018310547,141.39999389648438,141.86000061035156
2019-10-28,141.25,141.25,140.39999389648438,140.63999938964844
2019-10-29,140.0,140.6300048828125,139.77999877929688,140.25
2019-10-30,140.5399932861328,141.0399932861328,139.5500030517578,141.02000427246094
2019-10-31,141.97999572753906,142.69000244140625,141.88999938964844,142.42999267578125
2019-11-01,142.2100067138672,142.89999389648438,142.00999450683594,142.55999755859375
2019-11-04,142.25999450683594,142.4499969482422,141.74000549316406,142.14999389648438
2019-11-05,140.64999389648438,140.88999938964844,139.3800048828125,139.85000610351562
2019-11-06,140.1199951171875,140.7899932861328,140.0,140.4499969482422
2019-11-07,140.11000061035156,140.1999969482422,137.60000610351562,138.27000427246094
2019-11-08,137.72999572753906,138.3300018310547,137.38999938964844,137.38999938964844
2019-11-11,137.61000061035156,137.7899932861328,136.44000244140625,137.05999755859375
2019-11-12,137.02999877929688,137.58999633789062,136.19000244140625,137.42999267578125
2019-11-13,137.8000030517578,138.22000122070312,137.63999938964844,137.97999572753906
2019-11-14,138.38999938964844,138.94000244140625,137.8699951171875,138.55999755859375
2019-11-15,138.02999877929688,138.4199981689453,137.97000122070312,138.2100067138672
2019-11-18,138.44000244140625,138.85000610351562,138.3000030517578,138.6199951171875
2019-11-19,138.1300048828125,138.97000122070312,138.1300048828125,138.69000244140625
2019-11-20,138.52999877929688,139.0,138.10000610351562,138.75999450683594
2019-11-21,138.38999938964844,138.55999755859375,137.77000427246094,138.0
2019-11-22,138.3699951171875,138.4600067138672,137.66000366210938,137.74000549316406
2019-11-25,137.32000732421875,137.6199951171875,136.99000549316406,137.0800018310547
2019-11-26,136.97999572753906,137.8000030517578,136.5800018310547,137.74000549316406
2019-11-27,137.02999877929688,137.2100067138672,136.8300018310547,137.00999450683594
2019-11-29,137.10000610351562,138.1300048828125,137.0800018310547,137.86000061035156
2019-12-02,137.32000732421875,138.08999633789062,137.3000030517578,137.7899932861328
2019-12-03,139.0399932861328,139.57000732421875,138.97000122070312,139.11000061035156
2019-12-04,139.16000366210938,139.1699981689453,138.58999633789062,138.9199981689453
2019-12-05,138.8000030517578,139.4499969482422,138.7899932861328,139.0
2019-12-06,137.75999450683594,137.8300018310547,137.39999389648438,137.6199951171875
2019-12-09,137.8000030517578,137.80999755859375,137.4499969482422,137.5800018310547
2019-12-10,138.25,138.3300018310547,137.74000549316406,137.97000122070312
2019-12-11,138.1999969482422,139.3000030517578,138.1199951171875,138.9199981689453
2019-12-12,139.77999877929688,139.85000610351562,137.8800048828125,138.42999267578125
2019-12-13,138.52000427246094,139.2100067138672,137.97999572753906,139.0500030517578
2019-12-16,139.1999969482422,139.38999938964844,138.8000030517578,139.0399932861328
2019-12-17,139.02000427246094,139.3000030517578,138.85000610351562,139.00999450683594
2019-12-18,138.86000061035156,139.25,138.80999755859375,139.02000427246094
2019-12-19,139.0399932861328,139.5500030517578,138.8699951171875,139.3800048828125
2019-12-20,139.3699951171875,139.52000427246094,138.97999572753906,139.52000427246094
2019-12-23,139.52999877929688,139.9600067138672,139.52999877929688,139.9499969482422
2019-12-24,140.44000244140625,141.3300018310547,140.42999267578125,141.27000427246094
2019-12-26,142.05999755859375,142.47000122070312,141.91000366210938,142.3800048828125
2019-12-27,142.25999450683594,142.72999572753906,142.1699981689453,142.3300018310547
2019-12-30,142.55999755859375,142.8000030517578,142.4600067138672,142.6300048828125
2019-12-31,143.30999755859375,143.60000610351562,142.8000030517578,142.89999389648438
2020-01-02,143.86000061035156,144.2100067138672,143.39999389648438,143.9499969482422
2020-01-03,145.75,146.32000732421875,145.39999389648438,145.86000061035156
2020-01-06,148.44000244140625,148.47999572753906,146.9499969482422,147.38999938964844
2020-01-07,147.57000732421875,148.13999938964844,147.42999267578125,147.97000122070312
2020-01-08,148.49000549316406,148.61000061035156,146.13999938964844,146.86000061035156
2020-01-09,146.07000732421875,146.41000366210938,145.44000244140625,146.02999877929688
2020-01-10,146.22000122070312,146.99000549316406,146.1699981689453,146.91000366210938
2020-01-13,146.35000610351562,146.3800048828125,145.77999877929688,145.82000732421875
2020-01-14,145.4199981689453,145.80999755859375,145.0800018310547,145.69000244140625
2020-01-15,146.2100067138672,146.72999572753906,145.82000732421875,146.5399932861328
2020-01-16,146.27000427246094,146.47000122070312,145.75999450683594,146.30999755859375
2020-01-17,146.50999450683594,146.99000549316406,146.30999755859375,146.5800018310547
2020-01-21,145.77000427246094,146.86000061035156,145.5500030517578,146.74000549316406
2020-01-22,146.67999267578125,146.80999755859375,146.3800048828125,146.7899932861328
2020-01-23,147.0,147.6199951171875,146.6199951171875,147.1199951171875
2020-01-24,146.89999389648438,148.3800048828125,146.88999938964844,147.97999572753906
2020-01-27,149.24000549316406,149.32000732421875,148.4600067138672,148.99000549316406
2020-01-28,148.36000061035156,148.55999755859375,147.52999877929688,147.66000366210938
2020-01-29,147.6999969482422,148.55999755859375,147.61000061035156,148.4600067138672
2020-01-30,148.69000244140625,149.30999755859375,148.00999450683594,148.47000122070312
2020-01-31,148.8800048828125,149.67999267578125,148.80999755859375,149.3300018310547
2020-02-03,148.66000366210938,148.77999877929688,147.67999267578125,148.36000061035156
2020-02-04,146.97000122070312,147.02999877929688,145.8000030517578,146.42999267578125
2020-02-05,146.3800048828125,146.80999755859375,146.16000366210938,146.61000061035156
2020-02-06,147.27999877929688,147.6300048828125,147.0,147.39999389648438
2020-02-07,147.8300018310547,148.17999267578125,147.33999633789062,147.7899932861328
2020-02-10,148.2100067138672,148.4499969482422,147.91000366210938,148.1699981689453
2020-02-11,148.02999877929688,148.16000366210938,147.00999450683594,147.66000366210938
2020-02-12,147.4199981689453,147.80999755859375,147.16000366210938,147.5399932861328
2020-02-13,148.24000549316406,148.5800018310547,147.9499969482422,148.3800048828125
2020-02-14,148.74000549316406,149.1300048828125,148.6300048828125,149.0
2020-02-18,149.8800048828125,151.08999633789062,149.47000122070312,150.91000366210938
2020-02-19,151.0,151.82000732421875,150.82000732421875,151.7899932861328
2020-02-20,152.0,152.8300018310547,151.9499969482422,152.41000366210938
2020-02-21,154.42999267578125,155.22000122070312,154.17999267578125,154.6999969482422
2020-02-24,158.5,158.52999877929688,155.36000061035156,156.08999633789062
2020-02-25,155.1199951171875,156.0800018310547,152.91000366210938,153.3000030517578
2020-02-26,153.82000732421875,155.27999877929688,152.89999389648438,153.97000122070312
2020-02-27,155.5800018310547,156.27000427246094,153.89999389648438,154.0
2020-02-28,152.7100067138672,152.77000427246094,147.0500030517578,148.3800048828125
2020-03-02,150.0,150.72999572753906,149.0399932861328,149.1999969482422
2020-03-03,150.83999633789062,155.24000549316406,150.74000549316406,153.88999938964844
2020-03-04,154.39999389648438,154.9600067138672,153.6999969482422,154.16000366210938
2020-03-05,156.05999755859375,157.6199951171875,155.72000122070312,157.49000549316406
2020-03-06,158.3300018310547,159.25,154.5399932861328,157.5500030517578
2020-03-09,158.60000610351562,159.3699951171875,156.3300018310547,157.80999755859375
2020-03-10,156.17999267578125,156.41000366210938,154.38999938964844,154.47999572753906
2020-03-11,156.25,156.5,153.61000061035156,153.92999267578125
2020-03-12,151.52999877929688,151.5500030517578,146.85000610351562,147.7899932861328
2020-03-13,149.4199981689453,149.60000610351562,141.5800018310547,143.27999877929688
2020-03-16,137.55999755859375,142.9600067138672,136.1199951171875,141.63999938964844
2020-03-17,140.17999267578125,146.1999969482422,139.92999267578125,143.55999755859375
2020-03-18,141.75,142.8800048828125,138.5,140.6999969482422
2020-03-19,139.0800018310547,140.5,137.85000610351562,138.0399932861328
2020-03-20,140.7100067138672,141.1699981689453,139.13999938964844,140.11000061035156
2020-03-23,142.67999267578125,146.92999267578125,142.27999877929688,146.3000030517578
2020-03-24,153.5,155.66000366210938,152.0500030517578,153.39999389648438
2020-03-25,152.5800018310547,152.8800048828125,151.00999450683594,151.3000030517578
2020-03-26,153.30999755859375,154.80999755859375,152.0800018310547,153.24000549316406
2020-03-27,153.0,153.5500030517578,152.0,152.25
2020-03-30,152.41000366210938,153.0800018310547,151.57000732421875,152.9199981689453
2020-03-31,151.36000061035156,151.8000030517578,147.97000122070312,148.0500030517578
2020-04-01,148.1999969482422,150.0800018310547,147.85000610351562,149.4499969482422
2020-04-02,151.1999969482422,152.5,150.6999969482422,151.89999389648438
2020-04-03,152.22999572753906,153.08999633789062,151.66000366210938,152.64999389648438
2020-04-06,154.16000366210938,157.22000122070312,153.9600067138672,156.8800048828125
2020-04-07,155.3300018310547,156.13999938964844,154.3800048828125,156.0399932861328
2020-04-08,155.91000366210938,155.94000244140625,154.58999633789062,154.64999389648438
2020-04-09,158.0800018310547,159.0800018310547,157.2100067138672,158.69000244140625
2020-04-13,159.1699981689453,162.3800048828125,158.6300048828125,161.41000366210938
2020-04-14,162.72999572753906,164.4199981689453,161.77999877929688,162.67999267578125
2020-04-15,161.8000030517578,162.5399932861328,160.80999755859375,161.85000610351562
2020-04-16,161.8800048828125,163.14999389648438,160.64999389648438,161.7100067138672
2020-04-17,159.72000122070312,160.07000732421875,158.1199951171875,158.57000732421875
2020-04-20,158.6199951171875,160.22000122070312,158.4600067138672,159.6999969482422
2020-04-21,157.60000610351562,159.2100067138672,157.0399932861328,158.61000061035156
2020-04-22,160.5,161.74000549316406,160.4199981689453,161.72999572753906
2020-04-23,162.38999938964844,163.60000610351562,161.83999633789062,163.33999633789062
2020-04-24,163.1300048828125,163.30999755859375,160.88999938964844,162.63999938964844
2020-04-27,161.8800048828125,162.0,160.41000366210938,161.55999755859375
2020-04-28,160.88999938964844,160.97999572753906,159.16000366210938,160.83999633789062
2020-04-29,160.10000610351562,161.85000610351562,159.75999450683594,161.72999572753906
2020-04-30,160.22000122070312,160.82000732421875,158.1300048828125,158.8000030517578
2020-05-01,158.0,160.4499969482422,157.8000030517578,159.77999877929688
2020-05-04,160.3300018310547,160.9499969482422,159.91000366210938,160.33999633789062
2020-05-05,160.16000366210938,161.10000610351562,159.3300018310547,161.02000427246094
2020-05-06,158.99000549316406,159.80999755859375,158.10000610351562,158.9499969482422
2020-05-07,159.5,161.9600067138672,159.36000061035156,161.38999938964844
2020-05-08,161.0800018310547,162.0,160.0,160.4199981689453
2020-05-11,160.33999633789062,160.7100067138672,158.88999938964844,159.4199981689453
2020-05-12,160.3000030517578,160.9499969482422,159.72000122070312,160.0399932861328
2020-05-13,160.94000244140625,161.6199951171875,160.5399932861328,161.5800018310547
2020-05-14,161.52999877929688,163.33999633789062,161.50999450683594,163.00999450683594
2020-05-15,164.02000427246094,164.8000030517578,163.0800018310547,163.92999267578125
2020-05-18,164.3300018310547,164.5,162.41000366210938,162.69000244140625
2020-05-19,163.60000610351562,164.42999267578125,163.0399932861328,164.25999450683594
2020-05-20,164.5399932861328,164.9600067138672,163.88999938964844,164.64999389648438
2020-05-21,163.4600067138672,163.5800018310547,161.3699951171875,162.25
2020-05-22,162.8800048828125,163.47000122070312,162.74000549316406,163.2100067138672
2020-05-26,162.5800018310547,162.5800018310547,160.69000244140625,160.88999938964844
2020-05-27,159.4199981689453,161.33999633789062,159.1999969482422,161.17999267578125
2020-05-28,162.1199951171875,162.4600067138672,160.89999389648438,161.72000122070312
2020-05-29,162.5800018310547,163.39999389648438,162.32000732421875,162.91000366210938
2020-06-01,162.9199981689453,163.74000549316406,162.38999938964844,163.66000366210938
2020-06-02,163.88999938964844,164.0800018310547,161.86000061035156,162.60000610351562
2020-06-03,160.33999633789062,160.89999389648438,158.82000732421875,159.60000610351562
2020-06-04,161.13999938964844,161.8699951171875,159.83999633789062,161.27999877929688
2020-06-05,158.72000122070312,158.72000122070312,157.0399932861328,158.00999450683594
2020-06-08,158.89999389648438,159.86000061035156,158.47000122070312,159.72000122070312
2020-06-09,161.10000610351562,161.77999877929688,160.8699951171875,161.25999450683594
2020-06-10,162.10000610351562,163.6300048828125,160.52000427246094,163.57000732421875
2020-06-11,163.35000610351562,164.05999755859375,161.97000122070312,162.38999938964844
2020-06-12,163.41000366210938,163.8800048828125,162.55999755859375,162.6199951171875
2020-06-15,160.52000427246094,162.55999755859375,160.16000366210938,162.3300018310547
2020-06-16,161.85000610351562,162.69000244140625,161.36000061035156,162.25
2020-06-17,162.0,162.6199951171875,161.77000427246094,162.55999755859375
2020-06-18,162.1999969482422,162.32000732421875,161.44000244140625,162.24000549316406
2020-06-19,162.8699951171875,164.08999633789062,162.77999877929688,164.02999877929688
2020-06-22,165.05999755859375,165.72999572753906,164.41000366210938,165.08999633789062
2020-06-23,165.6300048828125,166.52000427246094,165.52000427246094,166.47999572753906
2020-06-24,166.00999450683594,166.99000549316406,165.4499969482422,165.89999389648438
2020-06-25,165.88999938964844,165.91000366210938,165.16000366210938,165.8000030517578
2020-06-26,164.8699951171875,166.55999755859375,164.22000122070312,166.5399932861328
2020-06-29,166.55999755859375,166.8000030517578,166.17999267578125,166.6300048828125
2020-06-30,166.30999755859375,167.99000549316406,166.19000244140625,167.3699951171875
2020-07-01,167.0500030517578,167.05999755859375,165.33999633789062,166.6199951171875
2020-07-02,166.1999969482422,167.24000549316406,166.02000427246094,166.97999572753906
2020-07-06,167.75,168.0,167.19000244140625,167.97999572753906
2020-07-07,167.41000366210938,169.0399932861328,167.3800048828125,169.0399932861328
2020-07-08,170.32000732421875,170.86000061035156,169.77999877929688,170.08999633789062
2020-07-09,170.47999572753906,170.63999938964844,168.77999877929688,169.6300048828125
2020-07-10,169.9499969482422,170.14999389648438,168.57000732421875,169.19000244140625
2020-07-13,170.2899932861328,170.4199981689453,169.16000366210938,169.39999389648438
2020-07-14,168.97000122070312,170.1999969482422,168.80999755859375,170.19000244140625
2020-07-15,169.6199951171875,170.42999267578125,169.38999938964844,170.33999633789062
2020-07-16,169.8000030517578,170.0,168.64999389648438,168.72999572753906
2020-07-17,169.94000244140625,170.27000427246094,169.61000061035156,170.1199951171875
2020-07-20,170.75999450683594,171.07000732421875,170.27000427246094,170.94000244140625
2020-07-21,172.52999877929688,173.25,172.30999755859375,173.0
2020-07-22,174.0500030517578,175.77000427246094,173.75999450683594,175.6300048828125
2020-07-23,176.1699981689453,178.41000366210938,175.64999389648438,177.17999267578125
2020-07-24,179.13999938964844,179.16000366210938,178.1999969482422,178.6999969482422
2020-07-27,181.85000610351562,182.8300018310547,181.52999877929688,182.22999572753906
2020-07-28,182.02000427246094,184.25999450683594,181.4199981689453,183.75
2020-07-29,184.00999450683594,186.13999938964844,182.38999938964844,185.1300048828125
2020-07-30,183.44000244140625,184.3300018310547,182.1300048828125,183.75999450683594
2020-07-31,184.50999450683594,185.75,184.1699981689453,185.42999267578125
2020-08-03,185.0500030517578,185.82000732421875,184.1999969482422,185.63999938964844
2020-08-04,185.61000061035156,189.60000610351562,185.2100067138672,189.58999633789062
2020-08-05,191.64999389648438,193.1300048828125,190.6199951171875,191.35000610351562
2020-08-06,193.74000549316406,194.4499969482422,192.52000427246094,193.88999938964844
2020-08-07,192.7100067138672,192.9600067138672,189.3300018310547,190.80999755859375
2020-08-10,191.1999969482422,192.61000061035156,189.66000366210938,190.14999389648438
2020-08-11,183.57000732421875,183.97999572753906,179.42999267578125,179.94000244140625
2020-08-12,182.61000061035156,183.10000610351562,179.0399932861328,179.10000610351562
2020-08-13,181.55999755859375,184.6999969482422,181.36000061035156,183.3300018310547
2020-08-14,183.44000244140625,183.72000122070312,181.49000549316406,182.5399932861328
2020-08-17,184.69000244140625,187.00999450683594,184.66000366210938,186.5
2020-08-18,189.17999267578125,189.39999389648438,185.6300048828125,188.17999267578125
2020-08-19,187.2100067138672,187.4600067138672,181.7100067138672,182.24000549316406
2020-08-20,181.19000244140625,183.7100067138672,180.92999267578125,183.5
2020-08-21,182.13999938964844,182.80999755859375,180.47000122070312,182.02999877929688
2020-08-24,182.91000366210938,182.92999267578125,180.69000244140625,181.0
2020-08-25,181.05999755859375,181.25,179.72999572753906,181.22000122070312
2020-08-26,180.25999450683594,183.5800018310547,180.1999969482422,183.36000061035156
2020-08-27,185.0,185.1699981689453,179.3699951171875,181.24000549316406
2020-08-28,183.97999572753906,185.39999389648438,183.39999389648438,184.38999938964844
2020-08-31,184.7899932861328,185.52999877929688,184.27999877929688,184.8300018310547
2020-09-01,186.99000549316406,186.99000549316406,184.3300018310547,185.0500030517578
2020-09-02,183.75,183.86000061035156,181.5,182.6199951171875
2020-09-03,182.3000030517578,182.82000732421875,180.49000549316406,181.13999938964844
2020-09-04,180.9499969482422,182.10000610351562,180.0500030517578,181.63999938964844
2020-09-08,179.5,182.27000427246094,179.02000427246094,181.2899932861328
2020-09-09,182.5,183.22000122070312,182.19000244140625,183.0500030517578
2020-09-10,184.22999572753906,184.67999267578125,182.27999877929688,182.4600067138672
2020-09-11,183.13999938964844,183.5500030517578,182.00999450683594,182.4499969482422
2020-09-14,183.57000732421875,184.3000030517578,183.38999938964844,183.88999938964844
2020-09-15,184.4600067138672,184.6699981689453,182.9199981689453,183.4499969482422
2020-09-16,184.97999572753906,185.00999450683594,183.3300018310547,183.97000122070312
2020-09-17,181.9199981689453,183.08999633789062,181.47999572753906,182.9600067138672
2020-09-18,183.07000732421875,184.08999633789062,182.63999938964844,183.1999969482422
2020-09-21,179.83999633789062,180.2899932861328,176.75,179.52000427246094
2020-09-22,179.6300048828125,180.02000427246094,178.11000061035156,178.64999389648438
2020-09-23,176.97999572753906,177.25999450683594,174.10000610351562,174.7899932861328
2020-09-24,174.36000061035156,176.24000549316406,173.77000427246094,175.44000244140625
2020-09-25,174.41000366210938,175.3000030517578,173.88999938964844,174.94000244140625
2020-09-28,175.8300018310547,176.80999755859375,175.08999633789062,176.6999969482422
2020-09-29,177.19000244140625,178.3300018310547,176.9499969482422,178.19000244140625
2020-09-30,177.7100067138672,178.61000061035156,176.66000366210938,177.1199951171875
2020-10-01,178.7100067138672,179.5,178.0399932861328,178.6999969482422
2020-10-02,178.69000244140625,179.2899932861328,178.16000366210938,178.5399932861328
2020-10-05,179.02000427246094,180.13999938964844,178.89999389648438,179.41000366210938
2020-10-06,180.16000366210938,180.3699951171875,177.0500030517578,177.3000030517578
2020-10-07,177.08999633789062,177.4199981689453,176.42999267578125,177.22000122070312
2020-10-08,178.17999267578125,178.4499969482422,176.6699981689453,177.85000610351562
2020-10-09,180.1300048828125,181.1699981689453,179.92999267578125,181.0800018310547
2020-10-12,180.57000732421875,180.8300018310547,180.19000244140625,180.55999755859375
2020-10-13,178.55999755859375,178.60000610351562,177.10000610351562,177.72000122070312
2020-10-14,179.08999633789062,179.58999633789062,178.27000427246094,178.27000427246094
2020-10-15,177.7100067138672,179.14999389648438,177.58999633789062,178.9199981689453
2020-10-16,179.22000122070312,179.32000732421875,178.1300048828125,178.3000030517578
2020-10-19,179.41000366210938,179.47999572753906,178.3699951171875,178.38999938964844
2020-10-20,178.5399932861328,179.6699981689453,178.0800018310547,179.25
2020-10-21,180.47000122070312,181.30999755859375,180.22999572753906,180.60000610351562
2020-10-22,178.8800048828125,179.02999877929688,177.72000122070312,178.8300018310547
2020-10-23,179.08999633789062,179.1999969482422,177.75999450683594,178.63999938964844
2020-10-26,178.75,179.13999938964844,178.22000122070312,178.5500030517578
2020-10-27,178.7100067138672,179.42999267578125,178.50999450683594,179.02000427246094
2020-10-28,176.4499969482422,176.85000610351562,175.44000244140625,176.1300048828125
2020-10-29,175.02000427246094,176.13999938964844,174.8300018310547,175.39999389648438
2020-10-30,177.17999267578125,177.36000061035156,175.9499969482422,176.1999969482422
2020-11-02,177.4499969482422,177.92999267578125,177.1300048828125,177.91000366210938
2020-11-03,178.9499969482422,179.38999938964844,178.3000030517578,178.9199981689453
2020-11-04,178.92999267578125,179.19000244140625,177.66000366210938,178.82000732421875
2020-11-05,181.0,183.2899932861328,180.97000122070312,182.92999267578125
2020-11-06,183.39999389648438,183.52999877929688,182.19000244140625,183.19000244140625
2020-11-09,176.4199981689453,176.4499969482422,173.63999938964844,175.0800018310547
2020-11-10,176.75,176.91000366210938,175.66000366210938,175.66000366210938
2020-11-11,174.6999969482422,175.27999877929688,174.44000244140625,174.89999389648438
2020-11-12,176.0399932861328,176.77000427246094,175.83999633789062,175.9600067138672
2020-11-13,177.64999389648438,177.8000030517578,176.83999633789062,177.16000366210938
2020-11-16,177.22999572753906,177.91000366210938,176.8699951171875,177.14999389648438
2020-11-17,177.25,177.44000244140625,176.08999633789062,176.5
2020-11-18,176.25999450683594,176.86000061035156,175.35000610351562,175.49000549316406
2020-11-19,174.3000030517578,175.22000122070312,174.1699981689453,175.16000366210938
2020-11-20,176.1199951171875,176.3800048828125,175.5800018310547,175.69000244140625
2020-11-23,175.10000610351562,175.24000549316406,171.77999877929688,172.22999572753906
2020-11-24,169.3000030517578,169.69000244140625,168.86000061035156,169.58999633789062
2020-11-25,169.97999572753906,170.52000427246094,169.24000549316406,169.50999450683594
2020-11-27,166.89999389648438,167.8300018310547,166.77999877929688,167.7899932861328
2020-11-30,166.67999267578125,167.42999267578125,166.02999877929688,166.6699981689453
2020-12-01,169.75999450683594,170.47999572753906,169.3000030517578,170.17999267578125
2020-12-02,170.57000732421875,171.75999450683594,170.14999389648438,171.4600067138672
2020-12-03,172.63999938964844,172.85000610351562,171.0800018310547,172.80999755859375
2020-12-04,172.77999877929688,173.32000732421875,171.58999633789062,172.32000732421875
2020-12-07,172.55999755859375,175.2899932861328,172.50999450683594,174.88999938964844
2020-12-08,175.50999450683594,175.92999267578125,174.72000122070312,175.5
2020-12-09,173.9199981689453,174.0399932861328,171.24000549316406,172.5
2020-12-10,172.89999389648438,173.5800018310547,171.6999969482422,172.1699981689453
2020-12-11,172.25,173.32000732421875,172.11000061035156,172.49000549316406
2020-12-14,171.91000366210938,172.52000427246094,170.91000366210938,171.5399932861328
2020-12-15,173.42999267578125,173.97999572753906,173.05999755859375,173.94000244140625
2020-12-16,174.1300048828125,175.02000427246094,173.02000427246094,174.89999389648438
2020-12-17,177.14999389648438,177.8699951171875,176.5800018310547,176.74000549316406
2020-12-18,176.64999389648438,176.97999572753906,176.10000610351562,176.44000244140625
2020-12-21,176.2899932861328,176.94000244140625,175.75999450683594,175.8800048828125
2020-12-22,176.1999969482422,176.33999633789062,174.33999633789062,174.49000549316406
2020-12-23,175.10000610351562,176.2100067138672,175.05999755859375,175.64999389648438
2020-12-24,175.5500030517578,176.3699951171875,175.50999450683594,176.35000610351562
2020-12-28,177.25999450683594,177.91000366210938,175.6300048828125,175.7100067138672
2020-12-29,176.25,176.97000122070312,175.57000732421875,176.35000610351562
2020-12-30,176.44000244140625,177.72000122070312,176.44000244140625,177.6999969482422
2020-12-31,178.07000732421875,178.39999389648438,177.32000732421875,178.36000061035156
2021-01-04,181.97000122070312,182.39999389648438,180.9600067138672,182.3300018310547
2021-01-05,182.8699951171875,183.2100067138672,181.82000732421875,182.8699951171875
2021-01-06,181.49000549316406,181.5800018310547,178.24000549316406,179.89999389648438
2021-01-07,179.69000244140625,179.9199981689453,178.83999633789062,179.47999572753906
2021-01-08,176.8300018310547,176.99000549316406,171.47999572753906,173.33999633789062
2021-01-11,172.13999938964844,173.67999267578125,172.02999877929688,173.0
2021-01-12,173.1300048828125,174.17999267578125,172.32000732421875,174.1199951171875
2021-01-13,173.67999267578125,174.4600067138672,173.0500030517578,173.3699951171875
2021-01-14,173.44000244140625,174.22000122070312,172.66000366210938,173.27999877929688
2021-01-15,172.83999633789062,173.07000732421875,170.97999572753906,171.1300048828125
2021-01-19,172.7100067138672,172.85000610351562,171.9199981689453,172.5800018310547
2021-01-20,174.3699951171875,175.47000122070312,173.82000732421875,175.38999938964844
2021-01-21,175.11000061035156,175.50999450683594,174.50999450683594,175.27999877929688
2021-01-22,172.88999938964844,174.2899932861328,172.35000610351562,173.89999389648438
2021-01-25,174.82000732421875,174.9600067138672,173.19000244140625,174.0500030517578
2021-01-26,173.97999572753906,174.25999450683594,173.4199981689453,173.6199951171875
2021-01-27,172.92999267578125,173.52000427246094,171.66000366210938,172.52000427246094
2021-01-28,174.27999877929688,174.72999572753906,172.0399932861328,172.67999267578125
2021-01-29,174.8699951171875,175.16000366210938,172.61000061035156,172.61000061035156
2021-02-01,175.02000427246094,175.25999450683594,174.05999755859375,174.22999572753906
2021-02-02,172.49000549316406,172.52999877929688,171.50999450683594,172.11000061035156
2021-02-03,172.36000061035156,172.58999633789062,171.5,171.85000610351562
2021-02-04,168.2899932861328,168.39999389648438,167.33999633789062,168.14999389648438
2021-02-05,168.99000549316406,170.17999267578125,168.6699981689453,169.80999755859375
2021-02-08,171.97999572753906,172.39999389648438,171.49000549316406,171.52000427246094
2021-02-09,172.57000732421875,173.02999877929688,171.75,172.0800018310547
2021-02-10,173.14999389648438,173.22000122070312,172.00999450683594,172.7100067138672
2021-02-11,172.6999969482422,172.8699951171875,170.7100067138672,171.2100067138672
2021-02-12,170.2899932861328,171.64999389648438,169.8800048828125,170.69000244140625
2021-02-16,168.13999938964844,170.07000732421875,167.72999572753906,168.24000549316406
2021-02-17,166.9199981689453,167.33999633789062,165.85000610351562,166.3300018310547
2021-02-18,166.97999572753906,167.3000030517578,165.72999572753906,166.32000732421875
2021-02-19,166.75999450683594,167.94000244140625,166.60000610351562,167.00999450683594
2021-02-22,168.5399932861328,169.88999938964844,168.3000030517578,169.50999450683594
2021-02-23,169.47999572753906,169.74000549316406,168.27999877929688,169.1199951171875
2021-02-24,167.64999389648438,169.13999938964844,167.14999389648438,169.0
2021-02-25,166.9199981689453,167.66000366210938,165.4499969482422,165.82000732421875
2021-02-26,165.0,165.10000610351562,160.9499969482422,161.80999755859375
2021-03-01,163.02999877929688,163.35000610351562,161.16000366210938,161.52999877929688
2021-03-02,161.92999267578125,162.92999267578125,161.22000122070312,162.41000366210938
2021-03-03,160.61000061035156,161.69000244140625,159.49000549316406,160.6199951171875
2021-03-04,160.60000610351562,161.4600067138672,158.42999267578125,159.0399932861328
2021-03-05,159.66000366210938,159.82000732421875,158.5500030517578,159.13999938964844
2021-03-08,158.5800018310547,158.74000549316406,157.1300048828125,157.49000549316406
2021-03-09,160.75,161.25,160.4199981689453,160.83999633789062
2021-03-10,161.05999755859375,161.77999877929688,160.66000366210938,161.66000366210938
2021-03-11,161.47000122070312,161.97999572753906,161.1199951171875,161.52000427246094
2021-03-12,159.5399932861328,161.69000244140625,159.35000610351562,161.49000549316406
2021-03-15,162.30999755859375,162.5500030517578,161.42999267578125,162.1999969482422
2021-03-16,162.36000061035156,163.1999969482422,161.80999755859375,162.35000610351562
2021-03-17,162.27000427246094,164.14999389648438,161.47999572753906,163.50999450683594
2021-03-18,161.14999389648438,162.82000732421875,161.11000061035156,162.55999755859375
2021-03-19,162.55999755859375,163.42999267578125,162.42999267578125,163.24000549316406
2021-03-22,162.27000427246094,163.1300048828125,162.16000366210938,163.0
2021-03-23,162.4499969482422,162.49000549316406,161.58999633789062,161.80999755859375
2021-03-24,162.2100067138672,162.88999938964844,161.94000244140625,162.3699951171875
2021-03-25,163.05999755859375,163.5800018310547,161.32000732421875,161.77999877929688
2021-03-26,161.7100067138672,162.72999572753906,161.64999389648438,162.24000549316406
2021-03-29,161.4600067138672,161.52000427246094,159.8300018310547,160.30999755859375
2021-03-30,157.94000244140625,158.1999969482422,157.5500030517578,157.57000732421875
2021-03-31,158.05999755859375,160.67999267578125,158.0500030517578,159.9600067138672
2021-04-01,161.55999755859375,162.11000061035156,161.27999877929688,161.97999572753906
2021-04-05,161.52000427246094,162.39999389648438,161.36000061035156,161.9199981689453
2021-04-06,162.7899932861328,163.52999877929688,162.75,163.22000122070312
2021-04-07,162.82000732421875,163.30999755859375,162.5,162.75999450683594
2021-04-08,164.1699981689453,164.77000427246094,164.13999938964844,164.50999450683594
2021-04-09,162.75,163.66000366210938,162.47999572753906,163.27000427246094
2021-04-12,162.72999572753906,162.8000030517578,161.80999755859375,162.27999877929688
2021-04-13,163.17999267578125,163.85000610351562,163.02999877929688,163.42999267578125
2021-04-14,162.77000427246094,163.0500030517578,162.3000030517578,162.72000122070312
2021-04-15,164.07000732421875,165.7899932861328,164.02999877929688,165.35000610351562
2021-04-16,166.24000549316406,166.80999755859375,165.94000244140625,166.35000610351562
2021-04-19,165.91000366210938,166.44000244140625,165.72000122070312,165.88999938964844
2021-04-20,165.64999389648438,166.80999755859375,165.6199951171875,166.47999572753906
2021-04-21,167.17999267578125,168.38999938964844,167.14999389648438,168.1300048828125
2021-04-22,167.11000061035156,167.52999877929688,166.49000549316406,167.0399932861328
2021-04-23,167.3699951171875,167.52999877929688,165.77999877929688,166.39999389648438
2021-04-26,166.6300048828125,166.8699951171875,166.0500030517578,166.83999633789062
2021-04-27,166.9199981689453,167.14999389648438,166.27999877929688,166.4199981689453
2021-04-28,165.75,166.9600067138672,165.49000549316406,166.91000366210938
2021-04-29,165.5800018310547,166.25999450683594,164.47000122070312,166.22000122070312
2021-04-30,165.86000061035156,166.0,165.24000549316406,165.66000366210938
2021-05-03,167.61000061035156,168.42999267578125,167.41000366210938,167.80999755859375
2021-05-04,167.69000244140625,168.5500030517578,165.5,166.5800018310547
2021-05-05,166.6300048828125,167.30999755859375,166.61000061035156,167.27000427246094
2021-05-06,167.9499969482422,170.2899932861328,167.9199981689453,170.05999755859375
2021-05-07,171.52999877929688,172.5500030517578,171.0,171.58999633789062
2021-05-10,172.74000549316406,172.83999633789062,171.77999877929688,172.11000061035156
2021-05-11,170.55999755859375,172.1699981689453,170.27000427246094,172.13999938964844
2021-05-12,171.42999267578125,171.83999633789062,170.35000610351562,170.42999267578125
2021-05-13,170.35000610351562,171.27000427246094,170.22999572753906,171.1300048828125
2021-05-14,172.0500030517578,172.6999969482422,171.82000732421875,172.69000244140625
2021-05-17,173.3000030517578,175.0,173.27999877929688,174.6999969482422
2021-05-18,175.17999267578125,175.2100067138672,174.4600067138672,175.0399932861328
2021-05-19,175.13999938964844,177.0,174.35000610351562,175.16000366210938
2021-05-20,175.32000732421875,176.4600067138672,175.11000061035156,175.9600067138672
2021-05-21,176.5800018310547,176.86000061035156,175.14999389648438,176.0399932861328
2021-05-24,176.14999389648438,176.58999633789062,175.8699951171875,176.35000610351562
2021-05-25,176.14999389648438,177.9499969482422,176.0399932861328,177.9499969482422
2021-05-26,178.3699951171875,178.61000061035156,177.0399932861328,177.63999938964844
2021-05-27,177.38999938964844,177.82000732421875,176.80999755859375,177.7100067138672
2021-05-28,177.4600067138672,178.42999267578125,177.24000549316406,178.3800048828125
2021-06-01,178.75999450683594,178.85000610351562,177.19000244140625,177.89999389648438
2021-06-02,178.33999633789062,178.77999877929688,177.97000122070312,178.77000427246094
2021-06-03,175.8300018310547,175.8300018310547,174.66000366210938,175.27000427246094
2021-06-04,176.64999389648438,177.57000732421875,176.61000061035156,177.16000366210938
2021-06-07,176.9600067138672,177.89999389648438,176.6300048828125,177.8699951171875
2021-06-08,177.22999572753906,177.5399932861328,176.3699951171875,177.32000732421875
2021-06-09,177.3800048828125,177.8000030517578,176.77999877929688,176.97999572753906
2021-06-10,176.6999969482422,177.85000610351562,176.47999572753906,177.74000549316406
2021-06-11,176.3300018310547,176.57000732421875,175.47999572753906,175.74000549316406
2021-06-14,173.16000366210938,175.05999755859375,172.9499969482422,174.7100067138672
2021-06-15,174.77999877929688,174.9199981689453,173.33999633789062,174.0500030517578
2021-06-16,173.91000366210938,174.47000122070312,171.02999877929688,171.11000061035156
2021-06-17,167.02000427246094,167.6199951171875,165.44000244140625,165.85000610351562
2021-06-18,166.13999938964844,166.72000122070312,164.8699951171875,164.92999267578125
2021-06-21,166.52000427246094,167.22000122070312,166.0,166.9499969482422
2021-06-22,166.35000610351562,166.9199981689453,166.00999450683594,166.25
2021-06-23,166.97000122070312,168.02999877929688,165.97000122070312,166.13999938964844
2021-06-24,167.0,167.22999572753906,166.00999450683594,166.0399932861328
2021-06-25,167.4499969482422,167.52999877929688,166.2899932861328,166.58999633789062
2021-06-28,166.67999267578125,166.91000366210938,166.36000061035156,166.5800018310547
2021-06-29,164.33999633789062,165.27999877929688,164.00999450683594,164.8300018310547
2021-06-30,164.57000732421875,166.10000610351562,164.2899932861328,165.6300048828125
2021-07-01,166.64999389648438,166.8800048828125,165.5,166.1999969482422
2021-07-02,167.35000610351562,167.72000122070312,166.39999389648438,167.2899932861328
2021-07-06,169.27000427246094,169.64999389648438,167.5399932861328,168.1199951171875
2021-07-07,168.72000122070312,169.22999572753906,168.19000244140625,168.75999450683594
2021-07-08,169.82000732421875,169.86000061035156,167.91000366210938,168.64999389648438
2021-07-09,168.83999633789062,169.6199951171875,168.66000366210938,169.2100067138672
2021-07-12,168.6999969482422,169.16000366210938,167.63999938964844,169.0
2021-07-13,169.50999450683594,169.89999389648438,168.92999267578125,169.22000122070312
2021-07-14,170.91000366210938,171.0399932861328,170.27999877929688,171.0399932861328
2021-07-15,170.88999938964844,171.3000030517578,170.33999633789062,171.07000732421875
2021-07-16,170.64999389648438,170.9499969482422,169.27999877929688,169.41000366210938
2021-07-19,169.50999450683594,169.91000366210938,168.88999938964844,169.61000061035156
2021-07-20,170.50999450683594,170.8000030517578,168.9199981689453,169.38999938964844
2021-07-21,168.3300018310547,169.0,168.13999938964844,168.75999450683594
2021-07-22,168.49000549316406,169.19000244140625,168.05999755859375,169.08999633789062
2021-07-23,168.5,168.8800048828125,167.9499969482422,168.55999755859375
2021-07-26,168.5800018310547,168.86000061035156,168.0800018310547,168.16000366210938
2021-07-27,168.72999572753906,168.91000366210938,167.92999267578125,168.44000244140625
2021-07-28,168.25999450683594,169.3800048828125,167.72000122070312,169.2899932861328
2021-07-29,170.6999969482422,171.52000427246094,170.6699981689453,171.1699981689453
2021-07-30,170.72000122070312,170.99000549316406,169.3800048828125,169.82000732421875
2021-08-02,169.3000030517578,170.25,169.10000610351562,169.61000061035156
2021-08-03,169.4199981689453,169.8300018310547,169.2100067138672,169.49000549316406
2021-08-04,171.27999877929688,171.39999389648438,168.99000549316406,169.52999877929688
2021-08-05,169.3699951171875,169.44000244140625,168.1999969482422,168.86000061035156
2021-08-06,165.83999633789062,165.92999267578125,164.5500030517578,164.63999938964844
2021-08-09,163.00999450683594,163.2899932861328,161.25999450683594,161.72000122070312
2021-08-10,161.38999938964844,162.11000061035156,160.67999267578125,161.77000427246094
2021-08-11,163.14999389648438,164.1699981689453,162.67999267578125,164.0
2021-08-12,163.64999389648438,164.10000610351562,162.92999267578125,164.0399932861328
2021-08-13,165.02000427246094,166.4600067138672,164.88999938964844,166.38999938964844
2021-08-16,166.72999572753906,167.38999938964844,166.58999633789062,167.22000122070312
2021-08-17,167.2899932861328,167.72999572753906,166.55999755859375,166.97000122070312
2021-08-18,167.24000549316406,167.50999450683594,166.25999450683594,167.10000610351562
2021-08-19,167.24000549316406,167.2899932861328,166.16000366210938,166.61000061035156
2021-08-20,166.8000030517578,167.13999938964844,166.36000061035156,166.6999969482422
2021-08-23,168.82000732421875,168.91000366210938,167.9600067138672,168.72999572753906
2021-08-24,169.0399932861328,169.27000427246094,168.52000427246094,168.64999389648438
2021-08-25,167.8800048828125,167.9199981689453,166.74000549316406,167.47999572753906
2021-08-26,167.2100067138672,168.2100067138672,166.8300018310547,167.6699981689453
2021-08-27,167.5800018310547,170.19000244140625,166.8699951171875,170.19000244140625
2021-08-30,169.66000366210938,169.83999633789062,169.08999633789062,169.35000610351562
2021-08-31,169.22999572753906,169.9199981689453,168.75,169.69000244140625
2021-09-01,169.94000244140625,170.0,169.16000366210938,169.6999969482422
2021-09-02,169.5,169.6300048828125,168.82000732421875,169.25
2021-09-03,170.58999633789062,171.5500030517578,170.14999389648438,171.05999755859375
2021-09-07,169.55999755859375,169.77999877929688,167.6300048828125,167.7100067138672
2021-09-08,168.02000427246094,168.0800018310547,166.6999969482422,167.2899932861328
2021-09-09,168.1699981689453,168.27999877929688,166.8300018310547,168.02999877929688
2021-09-10,167.80999755859375,168.0800018310547,167.14999389648438,167.17999267578125
2021-09-13,167.4499969482422,168.22000122070312,167.39999389648438,167.74000549316406
2021-09-14,168.22000122070312,169.16000366210938,167.47999572753906,168.82000732421875
2021-09-15,168.1300048828125,168.36000061035156,167.4499969482422,167.8300018310547
2021-09-16,164.3800048828125,164.44000244140625,163.22999572753906,164.02999877929688
2021-09-17,163.86000061035156,164.32000732421875,163.39999389648438,163.77000427246094
2021-09-20,164.2899932861328,165.27999877929688,164.07000732421875,164.94000244140625
2021-09-21,165.80999755859375,166.6300048828125,165.49000549316406,166.0399932861328
2021-09-22,165.88999938964844,167.14999389648438,165.02999877929688,165.4199981689453
2021-09-23,164.10000610351562,164.1999969482422,163.27000427246094,163.50999450683594
2021-09-24,163.0,164.0,162.74000549316406,163.3000030517578
2021-09-27,163.85000610351562,164.36000061035156,163.50999450683594,163.63999938964844
2021-09-28,162.72999572753906,162.82000732421875,161.72999572753906,162.0500030517578
2021-09-29,162.35000610351562,162.74000549316406,160.97000122070312,161.32000732421875
2021-09-30,162.66000366210938,164.9499969482422,162.33999633789062,164.22000122070312
2021-10-01,164.27000427246094,164.9600067138672,163.88999938964844,164.58999633789062
2021-10-04,163.69000244140625,165.5399932861328,163.47000122070312,165.36000061035156
2021-10-05,163.94000244140625,164.85000610351562,163.49000549316406,164.58999633789062
2021-10-06,164.22999572753906,165.05999755859375,164.14999389648438,165.02999877929688
2021-10-07,164.02000427246094,164.85000610351562,163.9600067138672,164.16000366210938
2021-10-08,166.32000732421875,166.4199981689453,164.13999938964844,164.22999572753906
2021-10-11,164.0399932861328,164.5800018310547,163.91000366210938,163.9199981689453
2021-10-12,164.57000732421875,165.44000244140625,164.30999755859375,164.66000366210938
2021-10-13,165.27999877929688,167.9199981689453,165.27999877929688,167.58999633789062
2021-10-14,168.19000244140625,168.22000122070312,167.7100067138672,168.0
2021-10-15,165.38999938964844,166.08999633789062,165.10000610351562,165.3300018310547
2021-10-18,165.4199981689453,165.58999633789062,164.80999755859375,164.9199981689453
2021-10-19,166.5,166.5,165.1999969482422,165.4499969482422
2021-10-20,166.2100067138672,167.11000061035156,165.92999267578125,166.89999389648438
2021-10-21,166.6999969482422,166.94000244140625,166.24000549316406,166.75
2021-10-22,168.6699981689453,169.5399932861328,166.6699981689453,167.77000427246094
2021-10-25,168.66000366210938,169.2100067138672,168.52999877929688,168.92999267578125
2021-10-26,167.8800048828125,167.91000366210938,166.6300048828125,167.67999267578125
2021-10-27,167.72999572753906,168.1999969482422,166.86000061035156,168.1199951171875
2021-10-28,168.97999572753906,169.25,167.52999877929688,168.0800018310547
2021-10-29,166.2899932861328,166.72999572753906,165.63999938964844,166.64999389648438
2021-11-01,167.3800048828125,167.83999633789062,166.91000366210938,167.52000427246094
2021-11-02,167.42999267578125,167.6300048828125,166.9600067138672,167.16000366210938
2021-11-03,165.33999633789062,165.9499969482422,164.3800048828125,165.77000427246094
2021-11-04,167.50999450683594,168.13999938964844,167.3699951171875,167.64999389648438
2021-11-05,168.4199981689453,169.94000244140625,167.85000610351562,169.83999633789062
2021-11-08,170.42999267578125,170.6999969482422,170.05999755859375,170.4499969482422
2021-11-09,170.72999572753906,171.30999755859375,170.1199951171875,171.2899932861328
2021-11-10,173.6699981689453,174.64999389648438,172.11000061035156,173.14999389648438
2021-11-11,173.97999572753906,174.27000427246094,173.74000549316406,174.1199951171875
2021-11-12,173.50999450683594,174.6699981689453,173.39999389648438,174.4499969482422
2021-11-15,174.10000610351562,174.58999633789062,173.69000244140625,174.17999267578125
2021-11-16,173.97000122070312,174.47999572753906,172.86000061035156,172.9199981689453
2021-11-17,174.24000549316406,174.61000061035156,173.88999938964844,174.5
2021-11-18,173.9600067138672,174.36000061035156,173.52999877929688,173.94000244140625
2021-11-19,173.69000244140625,174.10000610351562,172.24000549316406,172.61000061035156
2021-11-22,169.89999389648438,170.44000244140625,168.4199981689453,168.74000549316406
2021-11-23,167.27999877929688,167.60000610351562,166.52999877929688,167.27999877929688
2021-11-24,166.5800018310547,167.44000244140625,166.32000732421875,167.1199951171875
2021-11-26,168.60000610351562,168.63999938964844,166.3699951171875,166.85000610351562
2021-11-29,166.83999633789062,167.25999450683594,166.3800048828125,166.6199951171875
2021-11-30,167.77000427246094,169.00999450683594,165.3699951171875,165.5
2021-12-01,166.83999633789062,167.47000122070312,166.05999755859375,166.16000366210938
2021-12-02,165.88999938964844,165.94000244140625,164.6300048828125,165.24000549316406
2021-12-03,165.49000549316406,166.92999267578125,165.0,166.6300048828125
2021-12-06,166.13999938964844,166.8000030517578,165.92999267578125,166.22000122070312
2021-12-07,166.1999969482422,167.0800018310547,166.17999267578125,166.80999755859375
2021-12-08,166.50999450683594,166.9600067138672,166.27999877929688,166.89999389648438
2021-12-09,166.5399932861328,166.5800018310547,165.64999389648438,165.8800048828125
2021-12-10,166.72000122070312,166.9199981689453,166.17999267578125,166.5800018310547
2021-12-13,166.89999389648438,167.25999450683594,166.6699981689453,167.0
2021-12-14,165.33999633789062,166.13999938964844,165.16000366210938,165.44000244140625
2021-12-15,165.27000427246094,166.39999389648438,163.8000030517578,166.14999389648438
2021-12-16,167.00999450683594,168.17999267578125,166.94000244140625,168.16000366210938
2021-12-17,168.72999572753906,169.1300048828125,167.77999877929688,167.8000030517578
2021-12-20,167.8800048828125,168.0,167.05999755859375,167.08999633789062
2021-12-21,167.69000244140625,167.77999877929688,166.74000549316406,167.02000427246094
2021-12-22,167.5800018310547,168.63999938964844,167.11000061035156,168.58999633789062
2021-12-23,168.69000244140625,169.16000366210938,168.00999450683594,168.97000122070312
2021-12-27,168.9600067138672,169.4199981689453,168.77999877929688,169.3699951171875
2021-12-28,169.3300018310547,169.64999389648438,168.6199951171875,168.63999938964844
2021-12-29,167.36000061035156,168.69000244140625,167.27999877929688,168.58999633789062
2021-12-30,168.42999267578125,169.80999755859375,168.3699951171875,169.8000030517578
2021-12-31,170.52999877929688,171.0399932861328,170.0399932861328,170.9600067138672
2022-01-03,168.86000061035156,169.00999450683594,168.0,168.3300018310547
2022-01-04,168.89999389648438,169.72000122070312,168.72999572753906,169.57000732421875
2022-01-05,170.6199951171875,170.92999267578125,168.89999389648438,169.05999755859375
2022-01-06,167.16000366210938,167.75,166.86000061035156,166.99000549316406
2022-01-07,167.3699951171875,168.00999450683594,166.86000061035156,167.75
2022-01-10,167.36000061035156,168.3000030517578,167.30999755859375,168.25999450683594
2022-01-11,168.44000244140625,170.30999755859375,168.3699951171875,170.2899932861328
2022-01-12,170.19000244140625,170.75,170.00999450683594,170.74000549316406
2022-01-13,170.08999633789062,170.22000122070312,169.27000427246094,170.16000366210938
2022-01-14,170.22000122070312,170.55999755859375,169.47999572753906,169.6699981689453
2022-01-18,169.63999938964844,170.00999450683594,169.08999633789062,169.38999938964844
2022-01-19,170.38999938964844,172.19000244140625,170.1999969482422,172.0800018310547
2022-01-20,172.30999755859375,172.60000610351562,171.58999633789062,171.64999389648438
2022-01-21,172.0399932861328,172.1199951171875,170.74000549316406,171.08999633789062
2022-01-24,171.77999877929688,172.13999938964844,170.85000610351562,172.02999877929688
2022-01-25,171.9499969482422,173.14999389648438,171.77999877929688,172.5800018310547
2022-01-26,171.38999938964844,171.72999572753906,169.47999572753906,169.7899932861328
2022-01-27,168.02000427246094,169.08999633789062,167.3300018310547,167.60000610351562
2022-01-28,166.55999755859375,167.4600067138672,166.3699951171875,167.10000610351562
2022-01-31,167.7899932861328,168.13999938964844,167.4600067138672,168.08999633789062
2022-02-01,168.57000732421875,168.85000610351562,167.8699951171875,168.22999572753906
2022-02-02,168.33999633789062,169.1199951171875,168.16000366210938,168.83999633789062
2022-02-03,168.30999755859375,168.82000732421875,167.02999877929688,168.60000610351562
2022-02-04,168.0399932861328,169.10000610351562,167.99000549316406,168.86000061035156
2022-02-07,169.4499969482422,170.3000030517578,169.19000244140625,170.11000061035156
2022-02-08,170.10000610351562,170.77999877929688,169.9499969482422,170.6300048828125
2022-02-09,170.67999267578125,171.4199981689453,170.5500030517578,171.2100067138672
2022-02-10,170.52000427246094,171.99000549316406,170.4600067138672,170.55999755859375
2022-02-11,170.75,174.1999969482422,170.7100067138672,173.80999755859375
2022-02-14,173.77999877929688,175.0,173.67999267578125,174.74000549316406
2022-02-15,173.10000610351562,173.33999633789062,172.38999938964844,173.0800018310547
2022-02-16,173.49000549316406,174.86000061035156,173.47999572753906,174.86000061035156
2022-02-17,176.6999969482422,177.52999877929688,176.38999938964844,177.25
2022-02-18,177.07000732421875,177.25,176.50999450683594,177.1199951171875
2022-02-22,177.6699981689453,178.07000732421875,176.82000732421875,177.49000549316406
2022-02-23,177.38999938964844,178.38999938964844,177.36000061035156,178.2899932861328
2022-02-24,182.58999633789062,182.60000610351562,175.27000427246094,177.13999938964844
2022-02-25,176.4199981689453,176.7899932861328,175.7899932861328,176.5500030517578
2022-02-28,178.86000061035156,178.99000549316406,176.5,178.3800048828125
2022-03-01,179.0500030517578,181.75999450683594,179.02999877929688,181.6199951171875
2022-03-02,180.1300048828125,180.7100067138672,178.7899932861328,179.72999572753906
2022-03-03,179.9600067138672,181.3000030517578,179.5,180.8000030517578
2022-03-04,182.11000061035156,183.97999572753906,181.36000061035156,183.67999267578125
2022-03-07,184.4499969482422,186.63999938964844,184.22000122070312,186.41000366210938
2022-03-08,188.35000610351562,193.3000030517578,188.25999450683594,191.50999450683594
2022-03-09,186.0399932861328,187.22999572753906,184.75999450683594,185.82000732421875
2022-03-10,186.8800048828125,187.3800048828125,184.99000549316406,186.39999389648438
2022-03-11,183.74000549316406,185.77999877929688,183.44000244140625,185.08999633789062
2022-03-14,183.02999877929688,183.2899932861328,181.9499969482422,182.3000030517578
2022-03-15,179.10000610351562,180.27000427246094,178.00999450683594,178.88999938964844
2022-03-16,179.1300048828125,180.1199951171875,176.8699951171875,180.00999450683594
2022-03-17,181.16000366210938,182.02999877929688,180.64999389648438,180.88999938964844
2022-03-18,179.92999267578125,180.92999267578125,179.0399932861328,179.3000030517578
2022-03-21,179.3300018310547,181.2899932861328,179.32000732421875,180.6699981689453
2022-03-22,179.60000610351562,179.7100067138672,178.32000732421875,179.36000061035156
2022-03-23,180.2899932861328,181.88999938964844,179.75999450683594,181.80999755859375
2022-03-24,182.35000610351562,183.50999450683594,181.77000427246094,183.1300048828125
2022-03-25,181.80999755859375,183.1300048828125,181.35000610351562,182.3800048828125
2022-03-28,180.3800048828125,181.3300018310547,178.85000610351562,179.05999755859375
2022-03-29,177.02000427246094,179.3300018310547,176.69000244140625,179.13999938964844
2022-03-30,179.75999450683594,180.9199981689453,179.67999267578125,180.5800018310547
2022-03-31,180.91000366210938,181.9600067138672,180.55999755859375,180.64999389648438
2022-04-01,179.5500030517578,180.4600067138672,178.97999572753906,179.5
2022-04-04,180.24000549316406,180.80999755859375,179.5800018310547,180.3699951171875
2022-04-05,180.91000366210938,181.49000549316406,178.92999267578125,179.24000549316406
2022-04-06,179.77999877929688,180.30999755859375,178.6999969482422,179.66000366210938
2022-04-07,179.8699951171875,180.8800048828125,179.8000030517578,180.33999633789062
2022-04-08,180.52000427246094,181.82000732421875,180.52000427246094,181.47000122070312
2022-04-11,183.1699981689453,183.3300018310547,181.11000061035156,182.3699951171875
2022-04-12,184.0399932861328,184.63999938964844,182.9600067138672,183.77000427246094
2022-04-13,184.5,184.94000244140625,184.1300048828125,184.64999389648438
2022-04-14,184.27999877929688,184.41000366210938,182.8800048828125,184.0399932861328
2022-04-18,185.9499969482422,186.10000610351562,184.38999938964844,184.61000061035156
2022-04-19,183.19000244140625,183.64999389648438,181.3300018310547,181.82000732421875
2022-04-20,181.58999633789062,182.72000122070312,181.35000610351562,182.7100067138672
2022-04-21,181.77000427246094,182.32000732421875,180.77999877929688,182.05999755859375
2022-04-22,180.72000122070312,181.61000061035156,179.74000549316406,180.2899932861328
2022-04-25,177.1699981689453,177.50999450683594,176.47999572753906,177.0500030517578
2022-04-26,177.9499969482422,178.3000030517578,176.9199981689453,177.32000732421875
2022-04-27,176.4600067138672,176.63999938964844,175.5,175.97999572753906
2022-04-28,175.9199981689453,176.97000122070312,175.69000244140625,176.92999267578125
2022-04-29,178.07000732421875,178.6199951171875,176.7100067138672,176.91000366210938
2022-05-02,173.61000061035156,174.64999389648438,172.97999572753906,173.6300048828125
2022-05-03,173.88999938964844,175.2100067138672,173.85000610351562,174.08999633789062
2022-05-04,174.32000732421875,176.35000610351562,173.6699981689453,175.8000030517578
2022-05-05,177.55999755859375,177.61000061035156,174.66000366210938,175.1300048828125
2022-05-06,175.38999938964844,176.55999755859375,174.86000061035156,175.4199981689453
2022-05-09,174.27000427246094,174.27000427246094,172.7899932861328,172.8800048828125
2022-05-10,173.8000030517578,173.9600067138672,171.1999969482422,171.4199981689453
2022-05-11,172.50999450683594,173.32000732421875,172.1999969482422,172.82000732421875
2022-05-12,172.07000732421875,172.39999389648438,169.89999389648438,170.1699981689453
2022-05-13,168.30999755859375,169.6199951171875,168.00999450683594,168.7899932861328
2022-05-16,168.42999267578125,170.42999267578125,168.33999633789062,170.39999389648438
2022-05-17,170.44000244140625,170.52999877929688,169.13999938964844,169.3300018310547
2022-05-18,169.00999450683594,170.2100067138672,168.80999755859375,169.4199981689453
2022-05-19,171.5500030517578,172.52000427246094,170.88999938964844,171.91000366210938
2022-05-20,171.7100067138672,172.24000549316406,170.88999938964844,172.02999877929688
2022-05-23,173.1300048828125,173.3800048828125,172.27999877929688,172.8300018310547
2022-05-24,173.47000122070312,174.41000366210938,173.35000610351562,174.1300048828125
2022-05-25,172.7899932861328,173.16000366210938,171.72999572753906,173.0800018310547
2022-05-26,172.1300048828125,172.92999267578125,171.75999450683594,172.75999450683594
2022-05-27,173.49000549316406,173.52000427246094,172.63999938964844,172.85000610351562
2022-05-31,172.7100067138672,173.07000732421875,171.0800018310547,171.13999938964844
2022-06-01,172.2100067138672,172.52999877929688,171.38999938964844,172.22999572753906
2022-06-02,173.66000366210938,174.4499969482422,173.49000549316406,174.35000610351562
2022-06-03,173.52999877929688,173.97000122070312,172.25,172.5800018310547
2022-06-06,172.80999755859375,172.88999938964844,171.64999389648438,171.82000732421875
2022-06-07,172.11000061035156,173.0500030517578,171.99000549316406,172.94000244140625
2022-06-08,172.88999938964844,173.4499969482422,172.6699981689453,172.77999877929688
2022-06-09,172.4499969482422,172.58999633789062,171.5800018310547,172.22999572753906
2022-06-10,170.88999938964844,174.94000244140625,170.4600067138672,174.5399932861328
2022-06-13,171.17999267578125,171.33999633789062,169.61000061035156,169.92999267578125
2022-06-14,169.61000061035156,169.72999572753906,168.3000030517578,168.57000732421875
2022-06-15,170.39999389648438,171.83999633789062,169.0800018310547,170.77000427246094
2022-06-16,170.55999755859375,172.77000427246094,170.1699981689453,172.69000244140625
2022-06-17,172.14999389648438,172.3000030517578,170.97000122070312,171.27000427246094
2022-06-21,171.05999755859375,171.91000366210938,170.47000122070312,170.6300048828125
2022-06-22,171.61000061035156,172.3000030517578,171.10000610351562,171.30999755859375
2022-06-23,171.38999938964844,172.1300048828125,169.89999389648438,170.25999450683594
2022-06-24,170.24000549316406,170.74000549316406,169.85000610351562,170.08999633789062
2022-06-27,170.60000610351562,170.6699981689453,169.75,169.89999389648438
2022-06-28,170.07000732421875,170.2100067138672,169.50999450683594,169.6199951171875
2022-06-29,170.5800018310547,170.6999969482422,169.1699981689453,169.49000549316406
2022-06-30,169.50999450683594,169.9600067138672,168.24000549316406,168.4600067138672
2022-07-01,167.13999938964844,168.67999267578125,166.9600067138672,168.32000732421875
2022-07-05,167.17999267578125,167.3300018310547,164.41000366210938,164.75
2022-07-06,164.32000732421875,164.57000732421875,161.47000122070312,162.13999938964844
2022-07-07,162.42999267578125,163.0399932861328,162.05999755859375,162.22999572753906
2022-07-08,162.35000610351562,163.3800048828125,161.83999633789062,162.3000030517578
2022-07-11,161.92999267578125,162.44000244140625,161.3800048828125,161.42999267578125
2022-07-12,161.22000122070312,161.6199951171875,160.72000122070312,160.8300018310547
2022-07-13,160.10000610351562,162.7100067138672,160.05999755859375,161.60000610351562
2022-07-14,159.02000427246094,159.8300018310547,158.22000122070312,159.3300018310547
2022-07-15,159.00999450683594,159.25,158.35000610351562,159.00999450683594
2022-07-18,160.0800018310547,160.42999267578125,159.0500030517578,159.16000366210938
2022-07-19,159.47000122070312,159.8699951171875,159.3300018310547,159.5399932861328
2022-07-20,159.7100067138672,159.82000732421875,158.02999877929688,158.0399932861328
2022-07-21,158.30999755859375,160.30999755859375,158.27000427246094,160.27000427246094
2022-07-22,160.5500030517578,162.1300048828125,160.35000610351562,160.6699981689453
2022-07-25,160.63999938964844,160.6999969482422,159.80999755859375,160.22999572753906
2022-07-26,160.22999572753906,160.5,159.7899932861328,160.0399932861328
2022-07-27,160.02000427246094,162.2100067138672,159.50999450683594,161.6699981689453
2022-07-28,163.30999755859375,163.75999450683594,162.8800048828125,163.63999938964844
2022-07-29,163.88999938964844,164.69000244140625,163.27999877929688,164.10000610351562
2022-08-01,164.97999572753906,165.41000366210938,164.41000366210938,165.02999877929688
2022-08-02,165.66000366210938,166.4600067138672,164.02000427246094,164.0500030517578
2022-08-03,164.77000427246094,164.91000366210938,163.47999572753906,164.4499969482422
2022-08-04,165.52999877929688,167.30999755859375,165.33999633789062,167.1699981689453
2022-08-05,164.99000549316406,165.83999633789062,164.8699951171875,165.2899932861328
2022-08-08,166.02999877929688,166.80999755859375,165.92999267578125,166.69000244140625
2022-08-09,167.47999572753906,167.8000030517578,166.82000732421875,167.1999969482422
2022-08-10,167.38999938964844,167.97999572753906,166.6199951171875,166.77999877929688
2022-08-11,167.16000366210938,167.66000366210938,166.30999755859375,166.33999633789062
2022-08-12,167.1699981689453,167.94000244140625,166.8300018310547,167.8699951171875
2022-08-15,165.99000549316406,166.25,165.44000244140625,165.7100067138672
2022-08-16,165.30999755859375,165.72000122070312,165.17999267578125,165.4199981689453
2022-08-17,165.2100067138672,165.22999572753906,163.9499969482422,164.35000610351562
2022-08-18,164.60000610351562,164.91000366210938,163.5399932861328,163.9199981689453
2022-08-19,163.64999389648438,163.74000549316406,162.6199951171875,162.72000122070312
2022-08-22,161.66000366210938,162.1199951171875,161.36000061035156,161.63999938964844
2022-08-23,161.9600067138672,163.42999267578125,161.91000366210938,162.77000427246094
2022-08-24,162.44000244140625,163.61000061035156,162.3699951171875,163.25
2022-08-25,163.97000122070312,163.99000549316406,163.24000549316406,163.75
2022-08-26,163.1199951171875,163.61000061035156,161.5500030517578,161.75999450683594
2022-08-29,161.8800048828125,162.6199951171875,161.6999969482422,161.86000061035156
2022-08-30,161.27000427246094,161.42999267578125,160.33999633789062,160.50999450683594
2022-08-31,159.5,160.57000732421875,159.25999450683594,159.27000427246094
2022-09-01,158.1699981689453,158.38999938964844,157.32000732421875,157.8699951171875
2022-09-02,159.35000610351562,160.05999755859375,159.13999938964844,159.25999450683594
2022-09-06,159.1699981689453,159.4600067138672,158.32000732421875,158.3300018310547
2022-09-07,158.14999389648438,160.14999389648438,158.0800018310547,159.94000244140625
2022-09-08,159.5399932861328,159.86000061035156,158.7100067138672,158.97999572753906
2022-09-09,159.72000122070312,160.24000549316406,159.41000366210938,159.82000732421875
2022-09-12,161.0399932861328,161.6199951171875,160.5500030517578,160.6300048828125
2022-09-13,158.47000122070312,159.27000427246094,158.38999938964844,158.5399932861328
2022-09-14,158.67999267578125,158.97999572753906,157.72999572753906,157.92999267578125
2022-09-15,156.75999450683594,157.49000549316406,154.6199951171875,154.97999572753906
2022-09-16,154.66000366210938,156.55999755859375,154.33999633789062,155.83999633789062
2022-09-19,154.8699951171875,156.0399932861328,154.82000732421875,155.9600067138672
2022-09-20,155.02999877929688,155.22999572753906,154.58999633789062,155.07000732421875
2022-09-21,155.97000122070312,157.25,154.00999450683594,155.7899932861328
2022-09-22,156.25999450683594,156.47999572753906,155.30999755859375,155.6999969482422
2022-09-23,153.89999389648438,154.0,152.63999938964844,153.00999450683594
2022-09-26,153.22000122070312,153.50999450683594,151.02999877929688,151.22999572753906
2022-09-27,152.25,152.72999572753906,151.5,151.5399932861328
2022-09-28,153.1999969482422,154.8800048828125,152.92999267578125,154.69000244140625
2022-09-29,154.13999938964844,155.02999877929688,153.16000366210938,154.66000366210938
2022-09-30,154.94000244140625,156.0399932861328,154.57000732421875,154.6699981689453
2022-10-03,155.44000244140625,158.47999572753906,155.22999572753906,158.42999267578125
2022-10-04,159.17999267578125,161.0800018310547,158.9199981689453,160.6999969482422
2022-10-05,159.32000732421875,160.0800018310547,158.3800048828125,159.80999755859375
2022-10-06,159.41000366210938,159.94000244140625,158.9499969482422,159.6300048828125
2022-10-07,158.4600067138672,158.97999572753906,157.67999267578125,157.8800048828125
2022-10-10,155.94000244140625,156.35000610351562,155.1199951171875,155.47999572753906
2022-10-11,155.49000549316406,156.80999755859375,154.9199981689453,155.16000366210938
2022-10-12,155.50999450683594,156.2899932861328,155.25999450683594,155.99000549316406
2022-10-13,153.47999572753906,155.72999572753906,152.9199981689453,154.91000366210938
2022-10-14,154.02000427246094,154.1999969482422,152.72000122070312,152.97999572753906
2022-10-17,154.9199981689453,155.3300018310547,153.32000732421875,153.4199981689453
2022-10-18,154.0800018310547,154.24000549316406,153.24000549316406,153.75
2022-10-19,152.08999633789062,152.49000549316406,151.5399932861328,151.69000244140625
2022-10-20,151.9199981689453,153.22999572753906,151.27000427246094,151.4499969482422
2022-10-21,151.97999572753906,154.30999755859375,151.8300018310547,154.14999389648438
2022-10-24,153.4499969482422,154.05999755859375,153.05999755859375,153.64999389648438
2022-10-25,153.9600067138672,154.7899932861328,153.8300018310547,154.0
2022-10-26,154.77999877929688,155.72999572753906,154.77999877929688,154.97999572753906
2022-10-27,154.7100067138672,155.08999633789062,154.22000122070312,154.74000549316406
2022-10-28,152.9600067138672,153.5399932861328,152.5,153.16000366210938
2022-10-31,152.16000366210938,152.8699951171875,151.88999938964844,151.91000366210938
2022-11-01,153.82000732421875,153.97999572753906,152.8699951171875,153.4600067138672
2022-11-02,154.16000366210938,155.4199981689453,152.25999450683594,152.38999938964844
2022-11-03,150.6999969482422,151.9600067138672,150.57000732421875,151.80999755859375
2022-11-04,154.9499969482422,156.60000610351562,154.66000366210938,156.47000122070312
2022-11-07,156.22000122070312,156.57000732421875,155.80999755859375,155.85000610351562
2022-11-08,155.99000549316406,159.8699951171875,155.97999572753906,159.4499969482422
2022-11-09,159.36000061035156,160.35000610351562,158.4499969482422,158.64999389648438
2022-11-10,162.00999450683594,163.50999450683594,161.66000366210938,163.47999572753906
2022-11-11,163.91000366210938,164.5800018310547,163.4199981689453,164.55999755859375
2022-11-14,164.1999969482422,165.24000549316406,164.14999389648438,164.9199981689453
2022-11-15,165.27000427246094,166.22999572753906,164.55999755859375,165.5
2022-11-16,165.41000366210938,165.7100067138672,164.8300018310547,165.1199951171875
2022-11-17,163.7899932861328,164.11000061035156,163.39999389648438,163.9199981689453
2022-11-18,163.3800048828125,163.69000244140625,162.67999267578125,162.7899932861328
2022-11-21,162.44000244140625,162.5,161.27999877929688,161.8800048828125
2022-11-22,162.3000030517578,162.60000610351562,161.72000122070312,162.07000732421875
2022-11-23,161.69000244140625,163.24000549316406,161.55999755859375,163.0800018310547
2022-11-25,162.85000610351562,163.42999267578125,162.75999450683594,163.22000122070312
2022-11-28,162.92999267578125,163.05999755859375,161.91000366210938,161.92999267578125
2022-11-29,162.6999969482422,163.6300048828125,162.60000610351562,162.72999572753906
2022-11-30,163.69000244140625,164.80999755859375,162.39999389648438,164.80999755859375
2022-12-01,167.47999572753906,167.9499969482422,166.97999572753906,167.83999633789062
2022-12-02,166.17999267578125,167.47000122070312,165.75999450683594,167.25999450683594
2022-12-05,166.5500030517578,166.72000122070312,164.32000732421875,164.38999938964844
2022-12-06,165.1999969482422,165.5399932861328,164.4499969482422,164.83999633789062
2022-12-07,165.47000122070312,166.63999938964844,165.32000732421875,166.3300018310547
2022-12-08,166.5800018310547,167.0500030517578,166.07000732421875,166.47000122070312
2022-12-09,167.25999450683594,168.08999633789062,166.60000610351562,167.05999755859375
2022-12-12,166.44000244140625,166.60000610351562,165.42999267578125,165.67999267578125
2022-12-13,169.2100067138672,169.7899932861328,168.02000427246094,168.50999450683594
2022-12-14,168.42999267578125,168.80999755859375,167.13999938964844,168.10000610351562
2022-12-15,165.72999572753906,166.2100067138672,165.10000610351562,165.35000610351562
2022-12-16,166.02000427246094,166.97999572753906,165.83999633789062,166.7899932861328
2022-12-19,166.7100067138672,167.11000061035156,165.99000549316406,166.32000732421875
2022-12-20,168.10000610351562,169.52999877929688,168.02999877929688,169.0800018310547
2022-12-21,169.0399932861328,169.7100067138672,168.67999267578125,168.8000030517578
2022-12-22,167.75999450683594,167.75999450683594,166.05999755859375,166.75999450683594
2022-12-23,166.8800048828125,167.8000030517578,166.66000366210938,167.25999450683594
2022-12-27,167.88999938964844,170.61000061035156,167.8000030517578,168.6699981689453
2022-12-28,168.0500030517578,168.33999633789062,167.10000610351562,167.91000366210938
2022-12-29,168.5399932861328,169.35000610351562,168.52000427246094,168.85000610351562
2022-12-30,169.25999450683594,169.89999389648438,168.8000030517578,169.63999938964844
2023-01-03,171.32000732421875,172.08999633789062,170.02000427246094,171.05999755859375
2023-01-04,172.86000061035156,173.08999633789062,171.85000610351562,172.6699981689453
2023-01-05,170.82000732421875,171.0,169.7899932861328,170.52000427246094
2023-01-06,171.75999450683594,173.9600067138672,171.22999572753906,173.7100067138672
2023-01-09,174.50999450683594,175.0399932861328,173.8800048828125,174.10000610351562
2023-01-10,174.61000061035156,174.97999572753906,174.05999755859375,174.74000549316406
2023-01-11,174.75999450683594,174.7899932861328,173.72000122070312,174.6199951171875
2023-01-12,176.00999450683594,176.7100067138672,174.8800048828125,176.63999938964844
2023-01-13,176.9600067138672,178.8300018310547,176.88999938964844,178.75999450683594
2023-01-17,178.2100067138672,178.24000549316406,177.08999633789062,177.58999633789062
2023-01-18,178.9199981689453,179.17999267578125,176.89999389648438,177.0800018310547
2023-01-19,178.3699951171875,180.02999877929688,178.08999633789062,179.88999938964844
2023-01-20,179.05999755859375,179.66000366210938,178.64999389648438,179.2899932861328
2023-01-23,178.35000610351562,179.69000244140625,177.77999877929688,179.6300048828125
2023-01-24,179.55999755859375,180.32000732421875,178.35000610351562,180.27999877929688
2023-01-25,179.35000610351562,181.22000122070312,179.2899932861328,181.11000061035156
2023-01-26,180.14999389648438,180.27000427246094,178.4600067138672,179.47000122070312
2023-01-27,179.27000427246094,179.72000122070312,178.25999450683594,179.22000122070312
2023-01-30,179.2899932861328,179.42999267578125,178.64999389648438,178.75999450683594
2023-01-31,178.82000732421875,179.6999969482422,178.5399932861328,179.41000366210938
2023-02-01,179.75,181.72999572753906,178.6300048828125,181.6699981689453
2023-02-02,181.0800018310547,181.11000061035156,177.74000549316406,177.89999389648438
2023-02-03,174.9199981689453,175.42999267578125,173.1199951171875,173.4600067138672
2023-02-06,174.11000061035156,174.4600067138672,173.27999877929688,173.82000732421875
2023-02-07,173.72000122070312,175.27000427246094,173.47000122070312,173.97999572753906
2023-02-08,174.94000244140625,174.99000549316406,173.8300018310547,174.41000366210938
2023-02-09,175.49000549316406,175.52000427246094,172.8699951171875,173.02999877929688
2023-02-10,173.6300048828125,173.67999267578125,172.6300048828125,173.36000061035156
2023-02-13,172.6999969482422,172.89999389648438,172.07000732421875,172.47999572753906
2023-02-14,171.97000122070312,173.50999450683594,171.41000366210938,172.61000061035156
2023-02-15,170.60000610351562,170.99000549316406,170.16000366210938,170.88999938964844
2023-02-16,170.33999633789062,171.60000610351562,169.9600067138672,170.75
2023-02-17,169.8699951171875,171.47000122070312,169.52000427246094,171.25999450683594
2023-02-21,171.1999969482422,171.5,170.33999633789062,170.6199951171875
2023-02-22,170.80999755859375,170.9600067138672,169.55999755859375,169.66000366210938
2023-02-23,169.83999633789062,170.1300048828125,169.0800018310547,169.57000732421875
2023-02-24,168.4199981689453,168.83999633789062,168.19000244140625,168.35000610351562
2023-02-27,168.8800048828125,169.22999572753906,168.5500030517578,169.00999450683594
2023-02-28,168.77999877929688,170.25,168.58999633789062,169.77999877929688
2023-03-01,170.9499969482422,171.49000549316406,170.47000122070312,170.75999450683594
2023-03-02,170.52000427246094,170.97999572753906,170.36000061035156,170.66000366210938
2023-03-03,171.4499969482422,172.60000610351562,170.97999572753906,172.49000549316406
2023-03-06,172.32000732421875,172.3699951171875,171.5399932861328,171.6199951171875
2023-03-07,170.4199981689453,170.47000122070312,168.52000427246094,168.6199951171875
2023-03-08,168.61000061035156,169.58999633789062,168.52000427246094,168.5399932861328
2023-03-09,169.75,170.64999389648438,169.7100067138672,170.1999969482422
2023-03-10,171.92999267578125,173.8800048828125,171.9199981689453,173.8699951171875
2023-03-13,176.66000366210938,178.02000427246094,176.3000030517578,177.86000061035156
2023-03-14,177.35000610351562,177.58999633789062,176.2100067138672,176.8300018310547
2023-03-15,178.86000061035156,180.1300048828125,177.49000549316406,178.2100067138672
2023-03-16,179.50999450683594,179.64999389648438,177.8699951171875,178.57000732421875
2023-03-17,181.02000427246094,184.80999755859375,180.77000427246094,183.77000427246094
2023-03-20,184.19000244140625,184.5399932861328,182.74000549316406,183.83999633789062
2023-03-21,182.64999389648438,182.72999572753906,179.89999389648438,180.3699951171875
2023-03-22,180.39999389648438,183.94000244140625,180.27999877929688,183.44000244140625
2023-03-23,183.91000366210938,186.24000549316406,183.60000610351562,185.74000549316406
2023-03-24,185.61000061035156,185.99000549316406,183.6199951171875,183.64999389648438
2023-03-27,181.14999389648438,182.14999389648438,180.69000244140625,181.9499969482422
2023-03-28,182.30999755859375,183.6199951171875,182.1199951171875,183.44000244140625
2023-03-29,182.49000549316406,183.27000427246094,182.24000549316406,182.52999877929688
2023-03-30,182.75,184.44000244140625,182.5500030517578,184.17999267578125
2023-03-31,184.11000061035156,184.4199981689453,182.8000030517578,183.22000122070312
2023-04-03,183.85000610351562,185.0399932861328,183.32000732421875,184.5399932861328
2023-04-04,184.72000122070312,188.22999572753906,184.66000366210938,187.97999572753906
2023-04-05,188.33999633789062,188.86000061035156,186.77999877929688,187.8300018310547
2023-04-06,186.88999938964844,187.25999450683594,185.9499969482422,186.49000549316406
2023-04-10,185.17999267578125,185.36000061035156,184.19000244140625,185.11000061035156
2023-04-11,185.91000366210938,186.50999450683594,185.63999938964844,186.27999877929688
2023-04-12,187.5399932861328,187.66000366210938,185.97000122070312,187.19000244140625
2023-04-13,189.75999450683594,190.41000366210938,188.99000549316406,189.72000122070312
2023-04-14,188.0800018310547,188.49000549316406,185.1699981689453,186.36000061035156
2023-04-17,185.88999938964844,185.92999267578125,184.10000610351562,185.52999877929688
2023-04-18,185.24000549316406,186.99000549316406,185.0399932861328,186.25
2023-04-19,184.35000610351562,185.5800018310547,184.27999877929688,185.36000061035156
2023-04-20,186.13999938964844,187.02999877929688,185.77999877929688,186.08999633789062
2023-04-21,184.97999572753906,185.67999267578125,183.22000122070312,184.25
2023-04-24,184.07000732421875,185.02999877929688,183.4600067138672,184.80999755859375
2023-04-25,184.83999633789062,186.22000122070312,184.3000030517578,185.75
2023-04-26,186.6300048828125,186.64999389648438,184.3000030517578,184.74000549316406
2023-04-27,183.89999389648438,184.99000549316406,183.3800048828125,184.75
2023-04-28,184.7899932861328,185.3800048828125,184.1699981689453,184.8000030517578
2023-05-01,186.0500030517578,186.22000122070312,183.91000366210938,183.97000122070312
2023-05-02,184.64999389648438,187.63999938964844,184.52000427246094,187.52000427246094
2023-05-03,187.61000061035156,189.2100067138672,186.92999267578125,189.11000061035156
2023-05-04,188.86000061035156,191.36000061035156,188.80999755859375,190.44000244140625
2023-05-05,186.55999755859375,187.5800018310547,185.77000427246094,187.4600067138672
2023-05-08,187.82000732421875,188.6699981689453,187.49000549316406,187.69000244140625
2023-05-09,188.1199951171875,189.3300018310547,188.07000732421875,189.02000427246094
2023-05-10,188.97999572753906,189.63999938964844,187.82000732421875,188.75
2023-05-11,188.44000244140625,188.80999755859375,186.86000061035156,187.1300048828125
2023-05-12,187.42999267578125,187.9199981689453,186.5800018310547,186.80999755859375
2023-05-15,187.3000030517578,187.8800048828125,187.02999877929688,187.2100067138672
2023-05-16,186.5800018310547,186.82000732421875,184.4600067138672,184.8699951171875
2023-05-17,184.30999755859375,184.4499969482422,183.47999572753906,184.22999572753906
2023-05-18,182.10000610351562,182.27999877929688,181.33999633789062,181.83999633789062
2023-05-19,182.25,184.33999633789062,181.80999755859375,183.63999938964844
2023-05-22,183.22000122070312,183.83999633789062,182.91000366210938,183.2100067138672
2023-05-23,182.77999877929688,183.75999450683594,182.47999572753906,183.42999267578125
2023-05-24,183.5399932861328,183.5399932861328,181.77000427246094,181.9499969482422
2023-05-25,181.17999267578125,181.30999755859375,180.10000610351562,180.1999969482422
2023-05-26,181.00999450683594,181.3000030517578,180.08999633789062,180.9199981689453
2023-05-30,181.72000122070312,182.39999389648438,181.1699981689453,182.0399932861328
2023-05-31,182.38999938964844,183.4499969482422,182.10000610351562,182.32000732421875
2023-06-01,182.80999755859375,184.2100067138672,182.72000122070312,183.75999450683594
2023-06-02,183.52999877929688,183.55999755859375,180.9600067138672,181.0500030517578
2023-06-05,180.7899932861328,182.44000244140625,180.60000610351562,182.13999938964844
2023-06-06,182.36000061035156,182.64999389648438,181.52000427246094,182.33999633789062
2023-06-07,181.94000244140625,183.0,180.14999389648438,180.14999389648438
2023-06-08,182.0,183.0399932861328,181.9600067138672,182.52999877929688
2023-06-09,182.36000061035156,182.7899932861328,181.72000122070312,182.0399932861328
2023-06-12,181.8000030517578,181.94000244140625,181.0399932861328,181.8800048828125
2023-06-13,182.10000610351562,182.42999267578125,180.1699981689453,180.5399932861328
2023-06-14,181.69000244140625,181.9600067138672,180.13999938964844,180.63999938964844
2023-06-15,180.27999877929688,182.0500030517578,180.17999267578125,181.91000366210938
2023-06-16,181.92999267578125,182.6199951171875,181.41000366210938,181.6300048828125
2023-06-20,180.05999755859375,180.08999633789062,179.22000122070312,179.75
2023-06-21,179.14999389648438,179.9499969482422,178.19000244140625,179.49000549316406
2023-06-22,178.36000061035156,178.99000549316406,177.6300048828125,177.7100067138672
2023-06-23,179.60000610351562,179.9499969482422,178.08999633789062,178.1999969482422
2023-06-26,179.0500030517578,179.0800018310547,178.4199981689453,178.50999450683594
2023-06-27,179.07000732421875,179.2899932861328,177.42999267578125,177.69000244140625
2023-06-28,177.22999572753906,177.69000244140625,176.6999969482422,177.27999877929688
2023-06-29,175.8300018310547,177.6300048828125,175.7899932861328,177.08999633789062
2023-06-30,177.69000244140625,178.52999877929688,177.32000732421875,178.27000427246094
2023-07-03,178.61000061035156,179.33999633789062,178.4600067138672,178.47000122070312
2023-07-05,179.41000366210938,179.4199981689453,177.8300018310547,177.83999633789062
2023-07-06,177.50999450683594,177.8000030517578,176.66000366210938,177.30999755859375
2023-07-07,178.3800048828125,179.64999389648438,178.35000610351562,178.63999938964844
2023-07-10,178.3699951171875,178.9199981689453,178.25999450683594,178.77999877929688
2023-07-11,179.42999267578125,179.7100067138672,179.1300048828125,179.4499969482422
2023-07-12,181.17999267578125,181.9499969482422,181.10000610351562,181.8800048828125
2023-07-13,181.9600067138672,182.14999389648438,181.49000549316406,182.00999450683594
2023-07-14,181.58999633789062,182.1699981689453,181.11000061035156,181.42999267578125
2023-07-17,180.99000549316406,181.6300048828125,180.63999938964844,181.55999755859375
2023-07-18,182.7899932861328,184.22999572753906,182.32000732421875,183.63999938964844
2023-07-19,183.4499969482422,183.83999633789062,182.8699951171875,183.6699981689453
2023-07-20,183.72999572753906,183.77000427246094,182.47000122070312,182.74000549316406
2023-07-21,182.05999755859375,182.4600067138672,181.67999267578125,182.17999267578125
2023-07-24,182.22000122070312,182.5399932861328,181.33999633789062,181.39999389648438
2023-07-25,181.72000122070312,182.47000122070312,181.10000610351562,182.41000366210938
2023-07-26,182.66000366210938,183.63999938964844,182.30999755859375,183.3000030517578
2023-07-27,181.63999938964844,181.63999938964844,180.32000732421875,180.4199981689453
2023-07-28,181.47999572753906,182.27000427246094,181.25,181.86000061035156
2023-07-31,182.42999267578125,183.08999633789062,182.30999755859375,182.35000610351562
2023-08-01,180.85000610351562,181.3800048828125,180.19000244140625,180.4600067138672
2023-08-02,180.57000732421875,180.7899932861328,179.41000366210938,179.60000610351562
2023-08-03,179.44000244140625,179.9499969482422,179.27999877929688,179.5399932861328
2023-08-04,180.25,180.77000427246094,179.85000610351562,180.19000244140625
2023-08-07,180.14999389648438,180.14999389648438,179.27000427246094,179.77999877929688
2023-08-08,178.63999938964844,179.3300018310547,178.4600067138672,178.63999938964844
2023-08-09,178.67999267578125,178.9199981689453,177.77999877929688,177.7899932861328
2023-08-10,178.22000122070312,178.6999969482422,177.5399932861328,177.60000610351562
2023-08-11,177.6999969482422,178.36000061035156,177.49000549316406,177.60000610351562
2023-08-14,176.86000061035156,177.5800018310547,176.5800018310547,177.05999755859375
2023-08-15,176.75,177.42999267578125,176.3300018310547,176.58999633789062
2023-08-16,176.6199951171875,176.9499969482422,175.55999755859375,175.57000732421875
2023-08-17,176.52999877929688,176.55999755859375,174.92999267578125,175.3000030517578
2023-08-18,175.8300018310547,176.05999755859375,175.10000610351562,175.3300018310547
2023-08-21,175.89999389648438,175.94000244140625,174.9600067138672,175.80999755859375
2023-08-22,175.8300018310547,176.25,175.30999755859375,176.10000610351562
2023-08-23,177.32000732421875,178.22000122070312,177.07000732421875,177.88999938964844
2023-08-24,177.66000366210938,178.49000549316406,177.41000366210938,177.85000610351562
2023-08-25,177.5800018310547,178.3800048828125,176.6300048828125,177.6199951171875
2023-08-28,177.64999389648438,178.72999572753906,177.50999450683594,178.1300048828125
2023-08-29,178.02999877929688,179.8800048828125,177.89999389648438,179.8699951171875
2023-08-30,180.5800018310547,180.8800048828125,180.2899932861328,180.32000732421875
2023-08-31,180.3699951171875,180.49000549316406,179.94000244140625,180.02000427246094
2023-09-01,180.8000030517578,181.1199951171875,179.50999450683594,180.11000061035156
2023-09-05,179.3300018310547,179.44000244140625,178.63999938964844,178.63999938964844
2023-09-06,178.3300018310547,179.00999450683594,177.6999969482422,177.8300018310547
2023-09-07,178.30999755859375,178.3699951171875,177.89999389648438,178.02000427246094
2023-09-08,178.36000061035156,179.0500030517578,177.89999389648438,178.0800018310547
2023-09-11,178.97000122070312,179.07000732421875,178.25999450683594,178.41000366210938
2023-09-12,177.11000061035156,177.6999969482422,177.0500030517578,177.49000549316406
2023-09-13,177.52999877929688,177.75,177.0399932861328,177.0800018310547
2023-09-14,176.5,177.38999938964844,176.36000061035156,177.1699981689453
2023-09-15,178.5500030517578,179.11000061035156,178.33999633789062,178.33999633789062
2023-09-18,178.82000732421875,179.41000366210938,178.3800048828125,179.38999938964844
2023-09-19,179.5399932861328,179.64999389648438,179.02999877929688,179.22000122070312
2023-09-20,179.33999633789062,180.66000366210938,179.32000732421875,179.35000610351562
2023-09-21,177.86000061035156,178.49000549316406,177.69000244140625,178.0500030517578
2023-09-22,178.64999389648438,178.9499969482422,178.50999450683594,178.6199951171875
2023-09-25,178.41000366210938,178.7100067138672,177.63999938964844,177.6999969482422
2023-09-26,176.8300018310547,177.13999938964844,176.16000366210938,176.27999877929688
2023-09-27,175.27000427246094,175.32000732421875,173.6999969482422,174.10000610351562
2023-09-28,173.91000366210938,174.13999938964844,172.32000732421875,173.22999572753906
2023-09-29,173.9199981689453,174.02999877929688,171.27000427246094,171.4499969482422
2023-10-02,170.22999572753906,170.4600067138672,169.5,169.64999389648438
2023-10-03,169.13999938964844,170.0800018310547,168.75,169.16000366210938
2023-10-04,169.2100067138672,169.41000366210938,168.5,169.13999938964844
2023-10-05,168.74000549316406,169.0,168.3000030517578,168.8300018310547
2023-10-06,169.1699981689453,170.22999572753906,168.5,169.6999969482422
2023-10-09,171.17999267578125,172.86000061035156,171.0800018310547,172.82000732421875
2023-10-10,172.0800018310547,172.8000030517578,171.89999389648438,172.52999877929688
2023-10-11,173.60000610351562,174.1300048828125,173.25999450683594,173.7899932861328
2023-10-12,174.05999755859375,174.22999572753906,173.24000549316406,173.25999450683594
2023-10-13,176.88999938964844,179.10000610351562,176.72000122070312,178.8300018310547
2023-10-16,177.83999633789062,178.3300018310547,177.5399932861328,177.9600067138672
2023-10-17,178.3699951171875,179.1300048828125,177.97999572753906,178.2899932861328
2023-10-18,180.88999938964844,182.02000427246094,179.75,180.8699951171875
2023-10-19,181.0399932861328,183.42999267578125,180.82000732421875,183.08999633789062
2023-10-20,183.42999267578125,185.22999572753906,183.08999633789062,183.58999633789062
2023-10-23,183.50999450683594,183.55999755859375,182.7100067138672,182.97000122070312
2023-10-24,182.07000732421875,183.39999389648438,181.67999267578125,182.9499969482422
2023-10-25,183.4199981689453,184.3000030517578,182.0399932861328,183.72000122070312
2023-10-26,183.39999389648438,184.49000549316406,182.8699951171875,184.00999450683594
2023-10-27,183.75999450683594,186.36000061035156,183.47000122070312,186.14999389648438
2023-10-30,185.5399932861328,185.6999969482422,184.72999572753906,185.10000610351562
2023-10-31,185.0800018310547,186.2100067138672,183.5,184.08999633789062
2023-11-01,183.91000366210938,185.0,182.6699981689453,183.50999450683594
2023-11-02,184.1300048828125,184.27999877929688,183.5,184.1199951171875
2023-11-03,184.47999572753906,185.47000122070312,184.35000610351562,184.7899932861328
2023-11-06,184.13999938964844,184.22999572753906,183.33999633789062,183.35000610351562
2023-11-07,182.25,182.64999389648438,181.75,182.58999633789062
2023-11-08,182.00999450683594,182.07000732421875,180.57000732421875,180.77000427246094
2023-11-09,180.97999572753906,182.27999877929688,180.88999938964844,181.49000549316406
2023-11-10,180.50999450683594,180.58999633789062,179.25,179.50999450683594
2023-11-13,179.39999389648438,180.72999572753906,179.11000061035156,180.50999450683594
2023-11-14,181.6999969482422,182.75,181.6199951171875,182.1199951171875
2023-11-15,182.02999877929688,182.17999267578125,181.30999755859375,181.63999938964844
2023-11-16,182.85000610351562,184.32000732421875,182.8000030517578,183.69000244140625
2023-11-17,183.9600067138672,184.1300048828125,183.4499969482422,183.6699981689453
2023-11-20,182.32000732421875,183.47999572753906,182.22999572753906,183.3699951171875
2023-11-21,185.57000732421875,186.1199951171875,185.07000732421875,185.35000610351562
2023-11-22,185.47000122070312,185.72000122070312,184.27000427246094,184.55999755859375
2023-11-24,185.47000122070312,185.75,185.16000366210938,185.52000427246094
2023-11-27,186.55999755859375,186.8000030517578,185.92999267578125,186.77000427246094
2023-11-28,187.89999389648438,189.39999389648438,187.52000427246094,189.25999450683594
2023-11-29,189.16000366210938,189.99000549316406,189.02000427246094,189.5399932861328
2023-11-30,188.88999938964844,189.24000549316406,188.27999877929688,188.75
2023-12-01,188.80999755859375,192.39999389648438,188.69000244140625,192.00999450683594
2023-12-04,189.60000610351562,190.3800048828125,187.25999450683594,187.86000061035156
2023-12-05,187.5500030517578,187.8800048828125,186.3000030517578,187.14999389648438
2023-12-06,188.32000732421875,188.4600067138672,187.5,187.83999633789062
2023-12-07,188.4499969482422,188.58999633789062,187.25999450683594,188.14999389648438
2023-12-08,185.92999267578125,186.77999877929688,184.89999389648438,185.63999938964844
2023-12-11,184.5,184.52999877929688,183.14999389648438,183.58999633789062
2023-12-12,183.83999633789062,183.97999572753906,183.25999450683594,183.49000549316406
2023-12-13,183.82000732421875,187.66000366210938,183.3800048828125,187.6300048828125
2023-12-14,188.86000061035156,189.82000732421875,188.0800018310547,188.72999572753906
2023-12-15,188.52000427246094,188.9600067138672,186.82000732421875,187.0
2023-12-18,187.5,188.49000549316406,187.24000549316406,187.85000610351562
2023-12-19,188.22999572753906,189.72000122070312,188.1300048828125,189.1300048828125
2023-12-20,188.69000244140625,188.9600067138672,188.08999633789062,188.10000610351562
2023-12-21,189.2100067138672,189.6199951171875,188.75,189.42999267578125
2023-12-22,191.60000610351562,191.8800048828125,190.07000732421875,190.27000427246094
2023-12-26,190.97000122070312,191.74000549316406,190.39999389648438,191.72000122070312
2023-12-27,191.77000427246094,193.17999267578125,191.5399932861328,192.58999633789062
2023-12-28,192.33999633789062,192.88999938964844,191.44000244140625,191.47000122070312
2023-12-29,190.99000549316406,191.63999938964844,190.74000549316406,191.1699981689453
2024-01-02,191.44000244140625,191.88999938964844,190.5,190.72000122070312
2024-01-03,188.77000427246094,189.86000061035156,188.16000366210938,189.1300048828125
2024-01-04,189.0800018310547,189.75,188.69000244140625,189.32000732421875
2024-01-05,189.67999267578125,191.25999450683594,189.0800018310547,189.35000610351562
2024-01-08,187.2100067138672,188.74000549316406,187.11000061035156,187.8699951171875
2024-01-09,188.67999267578125,188.77999877929688,187.72999572753906,187.92999267578125
2024-01-10,188.13999938964844,188.44000244140625,187.2100067138672,187.5
2024-01-11,188.02000427246094,188.5500030517578,186.55999755859375,187.8699951171875
2024-01-12,190.6699981689453,191.0800018310547,189.16000366210938,189.7100067138672
2024-01-16,189.14999389648438,189.25999450683594,187.5399932861328,187.91000366210938
2024-01-17,187.30999755859375,187.4199981689453,185.4499969482422,185.83999633789062
2024-01-18,186.36000061035156,187.39999389648438,186.3000030517578,187.3699951171875
2024-01-19,188.25999450683594,188.3000030517578,187.44000244140625,187.92999267578125
2024-01-22,187.22999572753906,187.75999450683594,186.85000610351562,187.22000122070312
2024-01-23,187.4499969482422,188.14999389648438,187.27999877929688,187.9499969482422
2024-01-24,188.3300018310547,188.3699951171875,186.32000732421875,186.39999389648438
2024-01-25,187.33999633789062,187.63999938964844,186.4600067138672,187.13999938964844
2024-01-26,187.27000427246094,187.3800048828125,186.75999450683594,187.00999450683594
2024-01-29,188.30999755859375,188.5399932861328,187.19000244140625,188.3300018310547
2024-01-30,189.6999969482422,189.8300018310547,187.97999572753906,188.58999633789062
2024-01-31,189.3699951171875,190.4600067138672,188.1300048828125,188.4499969482422
2024-02-01,189.7100067138672,191.36000061035156,188.99000549316406,190.41000366210938
2024-02-02,188.07000732421875,188.8699951171875,187.85000610351562,188.61000061035156
2024-02-05,186.8800048828125,187.82000732421875,186.6999969482422,187.57000732421875
2024-02-06,187.94000244140625,188.85000610351562,187.74000549316406,188.5500030517578
2024-02-07,188.4499969482422,189.38999938964844,188.27999877929688,188.5
2024-02-08,187.91000366210938,188.52999877929688,187.82000732421875,188.3300018310547
2024-02-09,187.55999755859375,187.77000427246094,187.13999938964844,187.60000610351562
2024-02-12,186.60000610351562,187.27000427246094,186.36000061035156,187.11000061035156
2024-02-13,185.35000610351562,185.3800048828125,184.3300018310547,184.52999877929688
2024-02-14,184.27000427246094,184.8800048828125,183.77999877929688,184.4199981689453
2024-02-15,185.60000610351562,186.02000427246094,185.10000610351562,185.66000366210938
2024-02-16,185.0800018310547,186.6699981689453,184.83999633789062,186.33999633789062
2024-02-20,187.9600067138672,188.02999877929688,187.39999389648438,187.47000122070312
2024-02-21,187.8800048828125,188.0399932861328,187.10000610351562,187.47999572753906
2024-02-22,187.55999755859375,187.63999938964844,187.0500030517578,187.55999755859375
2024-02-23,187.55999755859375,189.17999267578125,187.4600067138672,188.6199951171875
2024-02-26,187.7899932861328,188.36000061035156,187.52999877929688,188.1999969482422
2024-02-27,188.5800018310547,188.72000122070312,187.8800048828125,188.0
2024-02-28,188.33999633789062,188.52000427246094,188.02999877929688,188.33999633789062
2024-02-29,189.63999938964844,189.9199981689453,189.22999572753906,189.30999755859375
2024-03-01,190.27000427246094,193.39999389648438,189.44000244140625,192.88999938964844
2024-03-04,194.14999389648438,196.3300018310547,193.8800048828125,196.00999450683594
2024-03-05,197.44000244140625,198.13999938964844,196.64999389648438,197.19000244140625
2024-03-06,198.0800018310547,199.3000030517578,197.44000244140625,198.80999755859375
2024-03-07,199.5399932861328,200.11000061035156,198.91000366210938,199.94000244140625
2024-03-08,200.88999938964844,203.3000030517578,200.4499969482422,201.6300048828125
2024-03-11,201.7100067138672,202.41000366210938,201.4600067138672,202.0
2024-03-12,200.4199981689453,200.6300048828125,199.16000366210938,199.7899932861328
2024-03-13,200.44000244140625,201.86000061035156,200.35000610351562,201.19000244140625
2024-03-14,200.3699951171875,200.47000122070312,199.33999633789062,200.35000610351562
2024-03-15,199.94000244140625,200.6300048828125,199.57000732421875,199.7100067138672
2024-03-18,199.66000366210938,200.14999389648438,199.50999450683594,200.02999877929688
2024-03-19,199.6199951171875,199.80999755859375,198.94000244140625,199.8000030517578
2024-03-20,199.16000366210938,202.66000366210938,199.1199951171875,202.17999267578125
2024-03-21,203.8800048828125,203.9199981689453,200.60000610351562,201.97000122070312
2024-03-22,201.32000732421875,201.86000061035156,199.72000122070312,200.35000610351562
2024-03-25,201.19000244140625,201.9499969482422,200.97000122070312,200.99000549316406
2024-03-26,202.64999389648438,202.75999450683594,201.07000732421875,201.63999938964844
2024-03-27,202.32000732421875,203.22000122070312,202.32000732421875,203.10000610351562
2024-03-28,204.5399932861328,206.0500030517578,203.8699951171875,205.72000122070312
2024-04-01,208.67999267578125,208.72999572753906,206.2899932861328,207.82000732421875
2024-04-02,209.07000732421875,211.02999877929688,208.36000061035156,210.88999938964844
2024-04-03,210.57000732421875,212.8300018310547,210.3000030517578,212.74000549316406
2024-04-04,212.0,213.4499969482422,211.02000427246094,211.52000427246094
2024-04-05,212.49000549316406,215.74000549316406,212.22000122070312,215.13999938964844
2024-04-08,215.97999572753906,216.80999755859375,214.61000061035156,216.47999572753906
2024-04-09,217.80999755859375,218.86000061035156,216.4499969482422,217.6699981689453
2024-04-10,215.3699951171875,217.77999877929688,214.67999267578125,215.61000061035156
2024-04-11,216.85000610351562,219.83999633789062,215.88999938964844,219.8000030517578
2024-04-12,221.8699951171875,225.08999633789062,216.02000427246094,216.88999938964844
2024-04-15,217.94000244140625,221.02999877929688,215.16000366210938,220.9499969482422
2024-04-16,220.17999267578125,221.99000549316406,218.77999877929688,221.22000122070312
2024-04-17,221.0500030517578,221.75999450683594,218.52000427246094,219.58999633789062
2024-04-18,221.30999755859375,221.4600067138672,219.30999755859375,220.33999633789062
2024-04-19,220.49000549316406,222.36000061035156,220.0800018310547,221.02999877929688
2024-04-22,216.35000610351562,216.9600067138672,215.13999938964844,215.57000732421875
2024-04-23,213.9600067138672,215.86000061035156,213.8699951171875,215.0399932861328
2024-04-24,214.75999450683594,216.35000610351562,214.36000061035156,214.63999938964844
2024-04-25,214.47000122070312,217.0500030517578,214.33999633789062,215.9199981689453
2024-04-26,216.77000427246094,217.07000732421875,215.52999877929688,216.6199951171875
2024-04-29,216.02000427246094,217.22000122070312,215.25,216.17999267578125
2024-04-30,213.3800048828125,214.1300048828125,211.8000030517578,211.8699951171875
2024-05-01,212.9600067138672,215.5,212.41000366210938,213.7899932861328
2024-05-02,211.89999389648438,213.7100067138672,211.49000549316406,213.1300048828125
2024-05-03,212.88999938964844,213.22999572753906,210.7100067138672,212.9600067138672
2024-05-06,215.13999938964844,215.91000366210938,214.47000122070312,215.1999969482422
2024-05-07,214.52000427246094,214.92999267578125,213.8800048828125,214.2100067138672
2024-05-08,213.6199951171875,214.8000030517578,213.5,213.5800018310547
2024-05-09,214.47999572753906,216.9499969482422,214.44000244140625,216.9499969482422
2024-05-10,219.22000122070312,219.60000610351562,218.0800018310547,218.7100067138672
2024-05-13,217.05999755859375,217.30999755859375,215.8000030517578,216.25999450683594
2024-05-14,217.30999755859375,218.3800048828125,216.97999572753906,218.08999633789062
2024-05-15,219.05999755859375,221.19000244140625,217.64999389648438,220.88999938964844
2024-05-16,220.13999938964844,220.58999633789062,219.41000366210938,220.02999877929688
2024-05-17,222.17999267578125,223.85000610351562,221.6699981689453,223.66000366210938
2024-05-20,223.7899932861328,225.66000366210938,223.02000427246094,224.55999755859375
2024-05-21,224.77000427246094,225.2100067138672,223.6999969482422,224.22999572753906
2024-05-22,223.08999633789062,223.24000549316406,219.74000549316406,220.11000061035156
2024-05-23,218.77999877929688,219.22999572753906,215.66000366210938,215.72000122070312
2024-05-24,216.9600067138672,217.2100067138672,215.74000549316406,215.9199981689453
2024-05-28,218.42999267578125,218.58999633789062,217.2100067138672,218.19000244140625
2024-05-29,216.9199981689453,217.16000366210938,216.1199951171875,216.16000366210938
2024-05-30,216.69000244140625,217.50999450683594,216.41000366210938,216.57000732421875
2024-05-31,217.77000427246094,217.9600067138672,214.64999389648438,215.3000030517578
2024-06-03,215.9199981689453,217.82000732421875,215.5399932861328,217.22000122070312
2024-06-04,216.24000549316406,216.24000549316406,214.1999969482422,215.27000427246094
2024-06-05,216.69000244140625,218.0800018310547,215.92999267578125,217.82000732421875
2024-06-06,218.36000061035156,219.97000122070312,218.10000610351562,219.42999267578125
2024-06-07,215.07000732421875,215.19000244140625,211.5399932861328,211.60000610351562
2024-06-10,213.1300048828125,214.02000427246094,212.75999450683594,213.5399932861328
2024-06-11,213.9499969482422,214.3800048828125,213.24000549316406,214.14999389648438
2024-06-12,216.47000122070312,216.5500030517578,214.1999969482422,214.72000122070312
2024-06-13,214.44000244140625,214.9600067138672,212.25999450683594,212.97000122070312
2024-06-14,215.33999633789062,216.0399932861328,214.97999572753906,215.72999572753906
2024-06-17,214.89999389648438,215.24000549316406,213.60000610351562,214.61000061035156
2024-06-18,214.3800048828125,215.8300018310547,214.0399932861328,215.47000122070312
2024-06-20,216.32000732421875,218.74000549316406,216.14999389648438,218.16000366210938
2024-06-21,217.8300018310547,217.89999389648438,214.25999450683594,214.77999877929688
2024-06-24,215.5500030517578,215.94000244140625,215.1999969482422,215.6300048828125
2024-06-25,214.9600067138672,215.30999755859375,214.1199951171875,214.55999755859375
2024-06-26,212.38999938964844,213.11000061035156,212.1199951171875,212.5800018310547
2024-06-27,214.7100067138672,215.5,214.4499969482422,214.99000549316406
2024-06-28,215.63999938964844,215.80999755859375,214.82000732421875,215.00999450683594
2024-07-01,215.25,216.0,214.49000549316406,215.57000732421875
2024-07-02,215.3300018310547,216.0800018310547,214.6199951171875,215.55999755859375
2024-07-03,217.33999633789062,218.74000549316406,217.3300018310547,217.99000549316406
2024-07-05,219.5800018310547,221.27999877929688,219.5800018310547,220.92999267578125
2024-07-08,219.63999938964844,220.0399932861328,217.41000366210938,218.19000244140625
2024-07-09,218.57000732421875,219.2899932861328,217.27000427246094,218.55999755859375
2024-07-10,220.13999938964844,220.7100067138672,219.16000366210938,219.36000061035156
2024-07-11,222.64999389648438,224.14999389648438,221.47999572753906,223.25
2024-07-12,222.02999877929688,223.6199951171875,221.86000061035156,223.11000061035156
2024-07-15,223.38999938964844,225.58999633789062,223.02000427246094,223.8300018310547
2024-07-16,225.4499969482422,228.2899932861328,225.3000030517578,228.2899932861328
2024-07-17,228.7899932861328,229.64999389648438,226.6699981689453,227.22999572753906
2024-07-18,227.7100067138672,228.32000732421875,225.57000732421875,225.77999877929688
2024-07-19,221.52000427246094,222.67999267578125,221.41000366210938,221.72999572753906
2024-07-22,221.5800018310547,221.9199981689453,220.39999389648438,221.8000030517578
2024-07-23,222.33999633789062,222.75,221.86000061035156,222.5800018310547
2024-07-24,223.47000122070312,224.8800048828125,221.74000549316406,221.8000030517578
2024-07-25,219.02000427246094,219.25999450683594,217.52000427246094,218.3300018310547
2024-07-26,219.9600067138672,221.0399932861328,219.6999969482422,220.6300048828125
2024-07-29,221.25999450683594,221.5500030517578,219.0500030517578,220.32000732421875
2024-07-30,221.41000366210938,222.9199981689453,220.36000061035156,222.52000427246094
2024-07-31,223.72999572753906,226.60000610351562,223.63999938964844,226.5500030517578
2024-08-01,226.74000549316406,227.57000732421875,225.0500030517578,225.77000427246094
2024-08-02,227.9499969482422,228.75999450683594,222.8699951171875,225.33999633789062
2024-08-05,220.55999755859375,223.10000610351562,220.24000549316406,222.47999572753906
2024-08-06,221.5,222.13999938964844,220.11000061035156,220.6999969482422
2024-08-07,221.94000244140625,222.30999755859375,220.35000610351562,220.5500030517578
2024-08-08,222.72999572753906,224.25,222.52000427246094,224.00999450683594
2024-08-09,224.82000732421875,225.27999877929688,223.82000732421875,224.55999755859375
2024-08-12,226.13999938964844,228.5399932861328,225.97000122070312,228.41000366210938
2024-08-13,228.07000732421875,228.8699951171875,227.58999633789062,228.05999755859375
2024-08-14,226.5500030517578,227.47999572753906,225.35000610351562,226.1999969482422
2024-08-15,226.50999450683594,227.5,225.1199951171875,226.91000366210938
2024-08-16,229.99000549316406,232.02000427246094,229.00999450683594,231.99000549316406
2024-08-19,230.14999389648438,231.77999877929688,229.74000549316406,231.61000061035156
2024-08-20,233.7100067138672,234.00999450683594,231.1300048828125,232.4600067138672
2024-08-21,231.69000244140625,232.8699951171875,230.47999572753906,232.14999389648438
2024-08-22,230.35000610351562,230.3800048828125,228.25999450683594,229.3699951171875
2024-08-23,231.0399932861328,232.72999572753906,230.52000427246094,232.02000427246094
2024-08-26,233.4499969482422,233.5,232.05999755859375,232.75999450683594
2024-08-27,231.69000244140625,233.47000122070312,231.57000732421875,233.38999938964844
2024-08-28,232.0,232.02000427246094,230.72999572753906,231.75
2024-08-29,231.9499969482422,233.61000061035156,231.9199981689453,232.9499969482422
2024-08-30,232.52999877929688,232.86000061035156,230.5500030517578,231.2899932861328
2024-09-03,230.3800048828125,230.5399932861328,228.52000427246094,230.2899932861328
2024-09-04,229.7899932861328,231.05999755859375,229.3800048828125,230.42999267578125
2024-09-05,232.72000122070312,232.88999938964844,231.3300018310547,232.35000610351562
2024-09-06,231.8300018310547,232.75999450683594,229.6199951171875,230.6300048828125
2024-09-09,231.25999450683594,231.6199951171875,230.38999938964844,231.60000610351562
2024-09-10,232.38999938964844,232.74000549316406,231.1199951171875,232.6199951171875
2024-09-11,231.72000122070312,232.8699951171875,231.08999633789062,232.25
2024-09-12,234.6300048828125,236.4499969482422,234.4199981689453,236.3300018310547
2024-09-13,238.1300048828125,238.97999572753906,237.75999450683594,238.67999267578125
2024-09-16,238.72999572753906,239.27999877929688,238.0500030517578,238.66000366210938
2024-09-17,238.0800018310547,238.60000610351562,236.61000061035156,237.33999633789062
2024-09-18,238.19000244140625,240.2899932861328,235.3000030517578,235.50999450683594
2024-09-19,238.24000549316406,239.52000427246094,237.38999938964844,239.1699981689453
2024-09-20,241.11000061035156,242.6300048828125,240.47000122070312,242.2100067138672
2024-09-23,242.97000122070312,243.4600067138672,242.58999633789062,242.67999267578125
2024-09-24,243.38999938964844,246.19000244140625,243.14999389648438,246.07000732421875
2024-09-25,246.19000244140625,246.47000122070312,244.7899932861328,245.72999572753906
2024-09-26,246.44000244140625,247.3699951171875,245.19000244140625,246.97999572753906
2024-09-27,246.30999755859375,246.75,244.19000244140625,245.02000427246094
2024-09-30,243.97000122070312,244.0800018310547,242.5,243.05999755859375
2024-10-01,245.1999969482422,246.97999572753906,245.05999755859375,245.61000061035156
2024-10-02,245.61000061035156,246.07000732421875,243.99000549316406,245.66000366210938
2024-10-03,244.72000122070312,245.91000366210938,243.69000244140625,245.49000549316406
2024-10-04,245.0,246.69000244140625,244.0500030517578,245.0
2024-10-07,244.5800018310547,244.82000732421875,243.80999755859375,244.1699981689453
2024-10-08,243.7899932861328,244.0399932861328,240.6300048828125,242.3699951171875
2024-10-09,241.16000366210938,241.83999633789062,240.63999938964844,241.0500030517578
2024-10-10,241.77000427246094,243.02000427246094,241.50999450683594,242.82000732421875
2024-10-11,244.5,245.9199981689453,244.47000122070312,245.47000122070312
2024-10-14,245.16000366210938,245.86000061035156,244.25999450683594,245.07000732421875
2024-10-15,244.99000549316406,246.5500030517578,244.52999877929688,245.9199981689453
2024-10-16,247.6199951171875,248.08999633789062,246.36000061035156,247.14999389648438
2024-10-17,247.75,249.05999755859375,247.6199951171875,248.6300048828125
2024-10-18,250.0,251.3699951171875,249.89999389648438,251.27000427246094
2024-10-21,252.74000549316406,253.13999938964844,250.72999572753906,251.22000122070312
2024-10-22,253.05999755859375,253.94000244140625,252.52000427246094,253.92999267578125
2024-10-23,253.0800018310547,253.17999267578125,250.1999969482422,250.8699951171875
2024-10-24,253.27000427246094,253.32000732421875,251.39999389648438,252.8000030517578
2024-10-25,252.0,253.5500030517578,251.77000427246094,253.32000732421875
2024-10-28,253.00999450683594,253.6300048828125,252.9499969482422,253.3300018310547
2024-10-29,254.49000549316406,256.2900085449219,254.22999572753906,256.0899963378906
2024-10-30,256.760009765625,257.7099914550781,255.91000366210938,257.5
2024-10-31,255.52000427246094,255.60000610351562,252.1999969482422,253.50999450683594
2024-11-01,254.3300018310547,254.86000061035156,252.44000244140625,252.47000122070312
2024-11-04,253.32000732421875,253.5800018310547,252.27000427246094,252.8300018310547
2024-11-05,253.77999877929688,253.99000549316406,252.41000366210938,253.39999389648438
2024-11-06,245.63999938964844,247.35000610351562,244.9499969482422,245.6999969482422
2024-11-07,248.2899932861328,250.24000549316406,248.1199951171875,249.64999389648438
2024-11-08,249.07000732421875,249.35000610351562,247.77999877929688,247.9600067138672
2024-11-11,242.72999572753906,242.72999572753906,241.05999755859375,242.13999938964844
2024-11-12,241.2899932861328,241.66000366210938,239.38999938964844,240.0500030517578
2024-11-13,241.30999755859375,241.47000122070312,237.58999633789062,237.6300048828125
2024-11-14,236.57000732421875,237.99000549316406,236.1300048828125,237.00999450683594
2024-11-15,237.57000732421875,237.8800048828125,236.3300018310547,236.58999633789062
2024-11-18,240.4600067138672,241.5,240.4499969482422,241.08999633789062
2024-11-19,242.75,243.30999755859375,242.02999877929688,243.25
2024-11-20,243.74000549316406,245.2100067138672,243.50999450683594,244.6199951171875
2024-11-21,246.22999572753906,246.80999755859375,245.69000244140625,246.66000366210938
2024-11-22,248.1999969482422,250.38999938964844,247.86000061035156,249.83999633789062
2024-11-25,244.27000427246094,244.39999389648438,241.47999572753906,242.47999572753906
2024-11-26,242.7100067138672,243.08999633789062,241.5800018310547,242.9499969482422
2024-11-27,244.85000610351562,245.17999267578125,243.1999969482422,243.49000549316406
2024-11-29,245.25,245.80999755859375,244.72999572753906,245.58999633789062
2024-12-02,244.4600067138672,244.5800018310547,243.13999938964844,243.44000244140625
2024-12-03,244.9600067138672,245.17999267578125,243.3000030517578,243.92999267578125
2024-12-04,244.92999267578125,245.33999633789062,244.3699951171875,244.6699981689453
2024-12-05,244.16000366210938,244.3800048828125,242.14999389648438,242.86000061035156
2024-12-06,242.7899932861328,243.86000061035156,242.44000244140625,242.9499969482422
2024-12-09,246.27999877929688,247.11000061035156,245.25999450683594,245.36000061035156
2024-12-10,247.86000061035156,248.86000061035156,247.8300018310547,248.58999633789062
2024-12-11,249.35000610351562,251.25999450683594,248.97000122070312,250.9600067138672
2024-12-12,247.80999755859375,248.24000549316406,246.8699951171875,247.27999877929688
2024-12-13,245.6699981689453,245.94000244140625,244.27000427246094,244.2899932861328
2024-12-16,245.41000366210938,245.5399932861328,244.2899932861328,244.8800048828125
2024-12-17,243.8000030517578,244.5500030517578,243.22999572753906,243.94000244140625
2024-12-18,243.57000732421875,243.7100067138672,238.82000732421875,239.25999450683594
2024-12-19,239.6699981689453,240.0500030517578,238.72999572753906,239.60000610351562
2024-12-20,241.41000366210938,242.9600067138672,241.1699981689453,242.10000610351562
2024-12-23,241.60000610351562,241.6699981689453,240.64999389648438,240.9600067138672
2024-12-24,241.49000549316406,241.66000366210938,240.82000732421875,241.44000244140625
2024-12-26,242.38999938964844,243.55999755859375,242.1999969482422,243.07000732421875
2024-12-27,241.1999969482422,241.9499969482422,241.0500030517578,241.39999389648438
2024-12-30,241.0800018310547,241.0800018310547,239.5800018310547,240.6300048828125
2024-12-31,241.0500030517578,242.52000427246094,241.0500030517578,242.1300048828125
2025-01-02,244.22000122070312,245.52999877929688,244.0800018310547,245.4199981689453
2025-01-03,244.55999755859375,244.82000732421875,243.36000061035156,243.49000549316406
2025-01-06,242.3300018310547,243.7899932861328,242.0500030517578,243.19000244140625
2025-01-07,245.52000427246094,245.77000427246094,243.80999755859375,244.55999755859375
2025-01-08,245.72000122070312,246.4499969482422,244.50999450683594,245.86000061035156
2025-01-10,248.00999450683594,249.0399932861328,247.5500030517578,248.2100067138672
2025-01-13,246.33999633789062,246.7899932861328,245.14999389648438,245.74000549316406
2025-01-14,245.6199951171875,247.0399932861328,245.52000427246094,247.02999877929688
2025-01-15,248.2100067138672,248.89999389648438,247.00999450683594,248.8800048828125
2025-01-16,250.55999755859375,251.38999938964844,250.27000427246094,250.60000610351562
2025-01-17,249.6999969482422,250.80999755859375,249.14999389648438,249.27000427246094
2025-01-21,251.9499969482422,253.36000061035156,251.8300018310547,253.1300048828125
2025-01-22,254.2899932861328,254.67999267578125,253.77999877929688,254.42999267578125
2025-01-23,253.19000244140625,254.5399932861328,252.82000732421875,254.07000732421875
2025-01-24,255.9600067138672,257.07000732421875,255.61000061035156,255.64999389648438
2025-01-27,253.86000061035156,254.25999450683594,251.9199981689453,252.99000549316406
2025-01-28,254.22999572753906,255.25,253.88999938964844,255.17999267578125
2025-01-29,254.5500030517578,254.82000732421875,253.3000030517578,254.1999969482422
2025-01-30,257.20001220703125,258.2900085449219,256.45001220703125,258.04998779296875
2025-01-31,259.0799865722656,259.989990234375,257.8599853515625,258.55999755859375
2025-02-03,259.75,261.3900146484375,259.5199890136719,259.94000244140625
2025-02-04,261.8299865722656,262.5400085449219,261.3500061035156,262.5
2025-02-05,264.45001220703125,265.989990234375,263.8900146484375,264.1300048828125
2025-02-06,263.6600036621094,263.7200012207031,261.489990234375,263.42999267578125
2025-02-07,265.2200012207031,266.3500061035156,263.260009765625,263.8999938964844
2025-02-10,268.0,268.6600036621094,267.239990234375,268.3699951171875
2025-02-11,267.70001220703125,268.3599853515625,266.7099914550781,267.3900146484375
2025-02-12,267.1499938964844,268.42999267578125,266.3500061035156,267.6700134277344
2025-02-13,268.3999938964844,270.3900146484375,268.2200012207031,270.30999755859375
2025-02-14,270.07000732421875,270.2099914550781,265.45001220703125,266.2900085449219
2025-02-18,269.67999267578125,271.010009765625,269.6000061035156,270.70001220703125
2025-02-19,270.67999267578125,271.3299865722656,269.239990234375,270.8500061035156
2025-02-20,270.2300109863281,271.8399963378906,270.1700134277344,270.989990234375
2025-02-21,270.79998779296875,271.510009765625,269.510009765625,270.739990234375
2025-02-24,271.45001220703125,272.32000732421875,270.3800048828125,272.2099914550781
2025-02-25,271.4599914550781,271.67999267578125,266.45001220703125,268.6199951171875
2025-02-26,267.0799865722656,269.0799865722656,266.6600036621094,269.0299987792969
2025-02-27,266.489990234375,266.6700134277344,264.45001220703125,264.92999267578125
2025-02-28,262.55999755859375,263.3999938964844,261.25,263.2699890136719
2025-03-03,265.07000732421875,266.8800048828125,265.07000732421875,266.739990234375
2025-03-04,269.010009765625,269.3999938964844,267.5199890136719,269.05999755859375
2025-03-05,267.9700012207031,270.260009765625,267.9599914550781,269.6199951171875
2025-03-06,268.25,269.510009765625,268.1600036621094,268.25
2025-03-07,269.0899963378906,270.3399963378906,267.6400146484375,268.3900146484375
2025-03-10,267.6199951171875,268.44000244140625,265.6400146484375,266.0400085449219
2025-03-11,268.4700012207031,269.7300109863281,268.44000244140625,269.1600036621094
2025-03-12,268.4700012207031,271.2300109863281,268.3599853515625,270.3299865722656
2025-03-13,271.57000732421875,275.3500061035156,271.54998779296875,275.1300048828125
2025-03-14,276.2699890136719,276.29998779296875,274.6600036621094,275.239990234375
2025-03-17,275.5400085449219,276.7900085449219,275.3900146484375,276.7300109863281
2025-03-18,279.8999938964844,280.2099914550781,278.9700012207031,279.9599914550781
2025-03-19,279.8500061035156,281.4800109863281,279.05999755859375,281.1099853515625
2025-03-20,279.489990234375,280.8999938964844,279.42999267578125,280.75
2025-03-21,279.4599914550781,279.4599914550781,276.5899963378906,278.489990234375
2025-03-24,278.9100036621094,279.0899963378906,276.8599853515625,277.25
2025-03-25,278.7799987792969,279.9599914550781,278.2699890136719,278.4700012207031
2025-03-26,278.92999267578125,279.0199890136719,277.7799987792969,278.239990234375
2025-03-27,280.54998779296875,282.07000732421875,279.5899963378906,281.9700012207031
2025-03-28,283.82000732421875,284.6400146484375,282.8599853515625,284.05999755859375
2025-03-31,287.5299987792969,288.3900146484375,285.8500061035156,288.1400146484375
2025-04-01,288.5400085449219,289.1300048828125,285.9100036621094,287.57000732421875
2025-04-02,288.2799987792969,289.0299987792969,287.3599853515625,288.1600036621094
2025-04-03,282.7799987792969,289.0899963378906,282.45001220703125,286.4200134277344
2025-04-04,283.6400146484375,284.0299987792969,278.0199890136719,279.7200012207031
2025-04-07,278.8599853515625,280.1400146484375,272.5799865722656,273.7099914550781
2025-04-08,277.8699951171875,278.32000732421875,274.239990234375,275.20001220703125
2025-04-09,282.2200012207031,285.8699951171875,281.0400085449219,285.3800048828125
2025-04-10,288.80999755859375,292.8599853515625,287.2300109863281,292.3500061035156
2025-04-11,297.9599914550781,299.2699890136719,296.80999755859375,297.92999267578125
2025-04-14,295.5400085449219,296.5799865722656,294.5299987792969,296.2300109863281
2025-04-15,296.92999267578125,298.0199890136719,296.0899963378906,297.7799987792969
2025-04-16,304.6499938964844,308.05999755859375,303.79998779296875,307.4700012207031
2025-04-17,306.30999755859375,307.1300048828125,302.7300109863281,306.1199951171875
2025-04-21,315.0199890136719,316.4100036621094,313.95001220703125,315.5899963378906
2025-04-22,317.489990234375,317.6300048828125,310.3599853515625,311.1099853515625
2025-04-23,304.17999267578125,304.739990234375,300.5899963378906,303.6499938964844
2025-04-24,306.9800109863281,308.5,304.7099914550781,308.07000732421875
2025-04-25,301.7799987792969,305.3699951171875,301.010009765625,304.7300109863281
2025-04-28,304.1499938964844,309.1099853515625,302.9700012207031,309.07000732421875
2025-04-29,305.80999755859375,306.95001220703125,304.0,306.05999755859375
2025-04-30,304.6099853515625,306.07000732421875,303.44000244140625,303.7699890136719
2025-05-01,297.4100036621094,297.94000244140625,295.32000732421875,297.4599914550781
2025-05-02,300.1700134277344,300.8500061035156,297.0299987792969,297.9800109863281
2025-05-05,305.9200134277344,307.6499938964844,304.67999267578125,306.8800048828125
2025-05-06,313.1199951171875,315.6199951171875,311.3999938964844,315.4800109863281
2025-05-07,312.1000061035156,313.260009765625,310.0799865722656,310.75
2025-05-08,309.760009765625,310.4800109863281,303.04998779296875,304.6300048828125
2025-05-09,307.7900085449219,308.57000732421875,306.010009765625,306.8399963378906
2025-05-12,298.3299865722656,299.4700012207031,296.82000732421875,298.19000244140625
2025-05-13,299.0199890136719,300.29998779296875,297.239990234375,299.4599914550781
2025-05-14,293.6700134277344,294.79998779296875,291.9599914550781,293.1600036621094
2025-05-15,294.1000061035156,297.8999938964844,293.75,297.8399963378906
2025-05-16,292.6199951171875,294.5799865722656,291.7799987792969,294.239990234375
2025-05-19,297.8500061035156,298.5799865722656,296.4800109863281,298.0299987792969
2025-05-20,298.3500061035156,303.67999267578125,298.29998779296875,303.5799865722656
2025-05-21,304.54998779296875,306.4599914550781,303.6700134277344,305.82000732421875
2025-05-22,305.0899963378906,305.2799987792969,302.1000061035156,303.1099853515625
2025-05-23,308.8599853515625,310.25,307.4700012207031,309.75
2025-05-27,303.80999755859375,304.8800048828125,302.739990234375,304.5
2025-05-28,304.6400146484375,304.989990234375,303.05999755859375,303.80999755859375
2025-05-29,305.739990234375,306.8900146484375,304.4599914550781,305.6099853515625
2025-05-30,303.6400146484375,304.0199890136719,301.5,303.6000061035156
2025-06-02,309.2099914550781,311.7200012207031,308.7200012207031,311.6700134277344
2025-06-03,309.55999755859375,309.55999755859375,307.1499938964844,308.9100036621094
2025-06-04,309.4100036621094,311.8800048828125,308.739990234375,310.8999938964844
2025-06-05,311.239990234375,312.20001220703125,307.6499938964844,309.3299865722656
2025-06-06,309.0899963378906,309.20001220703125,305.1000061035156,305.17999267578125
2025-06-09,305.3900146484375,307.6099853515625,305.05999755859375,306.6199951171875
2025-06-10,308.30999755859375,308.6000061035156,305.8699951171875,306.7099914550781
2025-06-11,307.5,308.6199951171875,305.8500061035156,308.3699951171875
2025-06-12,311.739990234375,313.1000061035156,311.1499938964844,312.20001220703125
2025-06-13,317.260009765625,317.6000061035156,315.0400085449219,316.2900085449219
2025-06-16,314.79998779296875,314.8699951171875,311.6499938964844,311.7799987792969
2025-06-17,312.6600036621094,313.0,310.1199951171875,311.94000244140625
2025-06-18,312.8900146484375,312.9800109863281,309.8599853515625,310.260009765625
2025-06-20,309.3299865722656,310.8900146484375,309.25,310.1300048828125
2025-06-23,310.3399963378906,312.6700134277344,310.30999755859375,311.0799865722656
2025-06-24,305.07000732421875,306.3399963378906,303.5400085449219,306.19000244140625
2025-06-25,305.30999755859375,307.3599853515625,305.1199951171875,307.1199951171875
2025-06-26,305.7699890136719,307.2799987792969,304.8599853515625,306.7799987792969
2025-06-27,300.0299987792969,302.3599853515625,299.8900146484375,301.2200012207031
2025-06-30,302.3900146484375,304.9200134277344,301.95001220703125,304.8299865722656
2025-07-01,308.55999755859375,309.0,307.3599853515625,307.54998779296875
2025-07-02,308.0400085449219,309.3999938964844,306.9599914550781,309.25
2025-07-03,307.04998779296875,307.57000732421875,306.1499938964844,307.1400146484375
2025-07-07,305.07000732421875,307.7099914550781,304.5299987792969,307.3699951171875
2025-07-08,306.29998779296875,306.45001220703125,302.7699890136719,304.1600036621094
2025-07-09,303.5799865722656,305.5400085449219,303.2300109863281,305.5199890136719
2025-07-10,306.1099853515625,306.510009765625,304.82000732421875,306.20001220703125
2025-07-11,308.8599853515625,310.2799987792969,308.5199890136719,309.1400146484375
2025-07-14,309.07000732421875,309.3800048828125,307.7300109863281,308.010009765625
2025-07-15,307.7300109863281,308.739990234375,305.7900085449219,306.7300109863281
2025-07-16,307.1099853515625,311.0899963378906,305.7300109863281,308.260009765625
2025-07-17,305.5,307.6700134277344,305.1199951171875,307.5899963378906
2025-07-18,309.239990234375,309.3699951171875,308.32000732421875,308.3900146484375
2025-07-21,311.8800048828125,313.30999755859375,311.6099853515625,313.1300048828125
2025-07-22,314.4800109863281,316.239990234375,313.6199951171875,316.1000061035156
2025-07-23,314.0,314.9599914550781,311.4200134277344,312.17999267578125
2025-07-24,309.2900085449219,310.989990234375,309.05999755859375,310.2699890136719
2025-07-25,307.82000732421875,308.30999755859375,306.20001220703125,307.3999938964844
2025-07-28,306.44000244140625,306.5799865722656,304.04998779296875,305.4100036621094
2025-07-29,305.79998779296875,307.0299987792969,304.989990234375,306.25
2025-07-30,304.4200134277344,304.6499938964844,300.9599914550781,300.9599914550781
2025-07-31,304.5899963378906,304.6099853515625,302.8599853515625,302.9599914550781
2025-08-01,308.6099853515625,309.54998779296875,307.45001220703125,309.1099853515625
2025-08-04,310.79998779296875,311.739990234375,310.3699951171875,310.9100036621094
2025-08-05,310.3699951171875,312.239990234375,310.2200012207031,311.1600036621094
2025-08-06,310.32000732421875,311.239990234375,309.8399963378906,310.5
2025-08-07,311.7200012207031,313.1400146484375,310.70001220703125,313.1199951171875
2025-08-08,312.3500061035156,313.5299987792969,311.0,313.04998779296875
2025-08-11,308.6199951171875,309.6600036621094,307.6300048828125,308.54998779296875
2025-08-12,308.2200012207031,309.30999755859375,306.7099914550781,308.2699890136719
2025-08-13,309.1000061035156,310.3900146484375,308.45001220703125,309.2099914550781
2025-08-14,307.92999267578125,308.3399963378906,306.5199890136719,307.25
2025-08-15,307.3399963378906,308.0,306.8699951171875,307.42999267578125
2025-08-18,307.7900085449219,307.8900146484375,306.6300048828125,306.95001220703125
2025-08-19,306.760009765625,307.4800109863281,305.19000244140625,305.2699890136719
2025-08-20,307.5400085449219,308.4700012207031,307.3999938964844,308.3599853515625
2025-08-21,307.8599853515625,308.1499938964844,307.0299987792969,307.2900085449219
2025-08-22,306.5199890136719,311.0199890136719,306.42999267578125,310.5799865722656
2025-08-25,309.6700134277344,310.8399963378906,309.6700134277344,309.8299865722656
2025-08-26,310.6199951171875,312.2099914550781,310.30999755859375,312.0799865722656
2025-08-27,311.3900146484375,312.9100036621094,310.7699890136719,312.7099914550781
2025-08-28,313.32000732421875,315.0799865722656,313.07000732421875,315.0299987792969
2025-08-29,314.7200012207031,318.0899963378906,314.6400146484375,318.07000732421875
2025-09-02,320.82000732421875,325.9200134277344,320.239990234375,325.5899963378906
2025-09-03,327.760009765625,329.45001220703125,326.7300109863281,328.1400146484375
2025-09-04,327.0299987792969,327.55999755859375,325.3500061035156,326.69000244140625
2025-09-05,329.5299987792969,331.44000244140625,328.92999267578125,331.04998779296875
2025-09-08,333.6600036621094,335.6700134277344,333.2300109863281,334.82000732421875
2025-09-09,337.0299987792969,338.30999755859375,333.8500061035156,334.05999755859375
2025-09-10,335.7300109863281,336.5,326.19000244140625,335.260009765625
2025-09-11,333.3699951171875,335.1600036621094,332.9700012207031,334.760009765625
2025-09-12,335.8800048828125,336.3900146484375,335.2300109863281,335.4200134277344
2025-09-15,336.30999755859375,339.2799987792969,336.2300109863281,338.9100036621094
2025-09-16,340.0899963378906,340.8800048828125,338.6199951171875,339.5899963378906
2025-09-17,338.5299987792969,341.239990234375,335.5199890136719,336.9700012207031
2025-09-18,336.2200012207031,336.32000732421875,333.80999755859375,335.6199951171875
2025-09-19,336.510009765625,339.2300109863281,336.30999755859375,339.17999267578125
2025-09-22,342.75,345.07000732421875,341.8399963378906,345.04998779296875
2025-09-23,348.2300109863281,348.75,345.32000732421875,346.4599914550781
2025-09-24,346.70001220703125,346.8299865722656,342.1400146484375,343.32000732421875
2025-09-25,344.3900146484375,345.8299865722656,342.4700012207031,344.75
2025-09-26,345.8299865722656,348.25,345.30999755859375,346.739990234375
2025-09-29,351.7900085449219,352.8299865722656,351.2799987792969,352.4599914550781
2025-09-30,351.1300048828125,355.57000732421875,350.8699951171875,355.4700012207031
2025-10-01,356.1700134277344,356.9700012207031,354.7900085449219,356.0299987792969
2025-10-02,358.260009765625,358.6700134277344,351.3999938964844,354.7900085449219
2025-10-03,357.1199951171875,358.1400146484375,355.79998779296875,357.6400146484375
2025-10-06,362.1600036621094,365.29998779296875,361.3699951171875,364.3800048828125
2025-10-07,366.510009765625,367.2699890136719,364.54998779296875,366.260009765625
2025-10-08,371.6499938964844,373.57000732421875,370.5,372.29998779296875
2025-10-09,373.1400146484375,373.2200012207031,362.8299865722656,365.42999267578125
2025-10-10,367.5400085449219,370.30999755859375,365.44000244140625,369.1199951171875
2025-10-13,376.5,378.8599853515625,375.5799865722656,378.0899963378906
2025-10-14,378.2099914550781,382.3800048828125,377.8999938964844,380.7900085449219
2025-10-15,385.92999267578125,387.760009765625,384.5899963378906,387.3900146484375
2025-10-16,391.1499938964844,396.8699951171875,390.3999938964844,396.45001220703125
2025-10-17,397.1400146484375,397.2799987792969,385.2200012207031,388.989990234375
2025-10-20,397.45001220703125,403.29998779296875,394.20001220703125,403.1499938964844
2025-10-21,386.5400085449219,388.8900146484375,375.6499938964844,377.239990234375
2025-10-22,372.75,378.4700012207031,368.92999267578125,377.2799987792969
2025-10-23,381.4599914550781,382.25,378.6499938964844,378.7900085449219
2025-10-24,378.510009765625,380.7699890136719,376.80999755859375,377.5199890136719
2025-10-27,371.1300048828125,371.5899963378906,365.3399963378906,367.010009765625
2025-10-28,361.80999755859375,365.29998779296875,360.1199951171875,364.3800048828125
2025-10-29,369.6499938964844,370.0799865722656,361.3599853515625,363.0
2025-10-30,365.0899963378906,370.3599853515625,364.5,370.1300048828125
2025-10-31,370.4700012207031,370.6600036621094,365.5,368.1199951171875
2025-11-03,368.9100036621094,370.8399963378906,367.5400085449219,368.7799987792969
2025-11-04,363.4800109863281,365.739990234375,361.3900146484375,362.32000732421875
2025-11-05,366.3900146484375,367.1000061035156,364.6499938964844,366.510009765625
2025-11-06,367.1600036621094,368.17999267578125,364.70001220703125,366.07000732421875
2025-11-07,367.94000244140625,370.4200134277344,366.4200134277344,368.30999755859375
2025-11-10,375.92999267578125,378.6600036621094,374.7799987792969,378.3800048828125
2025-11-11,379.9800109863281,380.3999938964844,376.8699951171875,379.8699951171875
2025-11-12,380.07000732421875,387.4599914550781,379.44000244140625,385.989990234375
2025-11-13,387.2900085449219,388.17999267578125,381.2099914550781,382.8699951171875
2025-11-14,372.8699951171875,378.20001220703125,370.8900146484375,375.9599914550781
2025-11-17,374.0400085449219,375.4599914550781,368.5199890136719,371.6499938964844
2025-11-18,374.8299865722656,375.5400085449219,371.6199951171875,374.3500061035156
2025-11-19,377.7799987792969,380.1700134277344,373.0299987792969,374.9599914550781
2025-11-20,375.2900085449219,377.69000244140625,371.8500061035156,374.8500061035156
2025-11-21,374.0299987792969,377.2300109863281,372.94000244140625,374.2699890136719
2025-11-24,374.8800048828125,380.2799987792969,374.19000244140625,380.20001220703125
2025-11-25,380.260009765625,382.5199890136719,378.05999755859375,380.0799865722656
2025-11-26,381.05999755859375,383.7799987792969,380.4599914550781,383.1199951171875
2025-11-28,385.9800109863281,388.0,384.989990234375,387.8800048828125
2025-12-01,390.6099853515625,390.70001220703125,388.05999755859375,389.75
2025-12-02,388.8699951171875,388.9800109863281,382.9100036621094,387.239990234375
2025-12-03,388.4599914550781,390.1300048828125,385.8299865722656,386.8800048828125
2025-12-04,386.9200134277344,388.0,385.3999938964844,387.1300048828125
2025-12-05,389.1199951171875,391.739990234375,386.17999267578125,386.44000244140625
2025-12-08,387.0199890136719,387.239990234375,384.010009765625,385.4200134277344
2025-12-09,385.6199951171875,388.2099914550781,385.2699890136719,387.3999938964844
2025-12-10,385.95001220703125,389.760009765625,384.5,389.04998779296875
2025-12-11,389.0199890136719,394.0899963378906,388.5,393.239990234375
2025-12-12,399.1600036621094,400.3900146484375,391.4700012207031,395.44000244140625
2025-12-15,397.760009765625,398.7099914550781,394.07000732421875,395.79998779296875
2025-12-16,397.75,398.7099914550781,394.5899963378906,395.8900146484375
2025-12-17,398.0799865722656,399.9800109863281,397.25,399.2900085449219
2025-12-18,398.2799987792969,402.2099914550781,396.04998779296875,398.57000732421875
2025-12-19,397.9200134277344,400.6300048828125,397.1700134277344,399.0199890136719
2025-12-22,406.9800109863281,408.5199890136719,405.7200012207031,408.2300109863281
2025-12-23,410.29998779296875,413.760009765625,407.1000061035156,413.6400146484375
2025-12-24,412.25,412.6300048828125,408.8299865722656,411.92999267578125
2025-12-26,416.4800109863281,418.45001220703125,414.75,416.739990234375
2025-12-29,403.6600036621094,403.760009765625,395.3299865722656,398.6000061035156
2025-12-30,403.6000061035156,403.79998779296875,398.55999755859375,398.8900146484375
2025-12-31,398.6000061035156,400.1300048828125,395.5899963378906,396.30999755859375
2026-01-02,401.6199951171875,401.82000732421875,396.25,398.2799987792969
2026-01-05,406.3900146484375,409.7200012207031,406.1499938964844,408.760009765625
2026-01-06,410.6700134277344,413.4800109863281,410.30999755859375,413.17999267578125
2026-01-07,408.6300048828125,410.80999755859375,406.6499938964844,409.2300109863281
2026-01-08,406.9700012207031,411.6400146484375,406.3999938964844,411.489990234375
2026-01-09,413.2200012207031,415.2900085449219,411.79998779296875,414.4700012207031
2026-01-12,421.5199890136719,425.739990234375,421.5199890136719,422.2300109863281
2026-01-13,424.5899963378906,426.1199951171875,420.07000732421875,421.6300048828125
2026-01-14,426.0299987792969,426.8599853515625,422.8399963378906,425.94000244140625
2026-01-15,423.0199890136719,425.05999755859375,422.7900085449219,423.3299865722656
2026-01-16,422.79998779296875,424.79998779296875,417.0400085449219,421.2900085449219
2026-01-20,436.69000244140625,438.1400146484375,434.1000061035156,437.2300109863281
2026-01-21,446.8699951171875,448.0,437.1099853515625,443.6000061035156
2026-01-22,443.8399963378906,452.9800109863281,443.55999755859375,451.7900085449219
2026-01-23,454.1099853515625,458.75,453.45001220703125,458.0
2026-01-26,466.7799987792969,469.2799987792969,460.3599853515625,464.70001220703125
2026-01-27,465.07000732421875,476.489990234375,463.95001220703125,476.1000061035156
2026-01-28,483.3900146484375,495.8800048828125,481.25,494.55999755859375
2026-01-29,509.510009765625,509.70001220703125,468.510009765625,495.8999938964844
2026-01-30,466.25,470.05999755859375,430.79998779296875,444.95001220703125
2026-02-02,434.010009765625,440.7799987792969,422.54998779296875,427.1300048828125
2026-02-03,452.6300048828125,459.0,448.30999755859375,454.2900085449219
2026-02-04,462.4700012207031,463.1000061035156,445.7099914550781,453.9700012207031
2026-02-05,444.2900085449219,450.8999938964844,440.3500061035156,441.8800048828125
2026-02-06,450.7300109863281,456.92999267578125,450.0299987792969,455.4599914550781
2026-02-09,461.3900146484375,467.55999755859375,460.8500061035156,467.0299987792969
2026-02-10,465.9599914550781,466.75,459.5199890136719,462.3999938964844
2026-02-11,466.0,468.6099853515625,462.82000732421875,467.6300048828125
2026-02-12,464.8999938964844,466.3800048828125,448.05999755859375,451.3900146484375
2026-02-13,459.7300109863281,463.8399963378906,456.25,462.6199951171875
2026-02-17,450.260009765625,451.3699951171875,445.5299987792969,448.20001220703125
2026-02-18,455.80999755859375,460.510009765625,455.32000732421875,458.2799987792969
2026-02-19,457.3399963378906,461.510009765625,456.0299987792969,459.55999755859375
2026-02-20,463.25,468.6199951171875,458.3399963378906,468.6199951171875
2026-02-23,474.6499938964844,481.4599914550781,474.6099853515625,481.2799987792969
2026-02-24,470.0899963378906,475.44000244140625,469.54998779296875,474.6099853515625
2026-02-25,475.739990234375,479.5299987792969,472.8999938964844,473.4200134277344
2026-02-26,474.95001220703125,477.8299865722656,442.0400085449219,477.4800109863281
2026-02-27,480.75,483.8999938964844,479.1099853515625,483.75
2026-03-02,490.1000061035156,492.1499938964844,483.2799987792969,490.0
2026-03-03,472.8299865722656,473.20001220703125,458.92999267578125,468.1400146484375
2026-03-04,474.82000732421875,476.4200134277344,469.3900146484375,471.79998779296875
2026-03-05,470.45001220703125,470.6700134277344,463.9100036621094,466.1300048828125
2026-03-06,469.0400085449219,475.4599914550781,467.07000732421875,473.510009765625
2026-03-09,468.0899963378906,472.67999267578125,464.7900085449219,472.5299987792969
2026-03-10,479.739990234375,481.30999755859375,474.2099914550781,477.8599853515625
2026-03-11,476.1300048828125,477.45001220703125,473.1300048828125,476.239990234375
2026-03-12,475.0199890136719,475.0199890136719,466.6000061035156,466.8800048828125
2026-03-13,469.30999755859375,470.1000061035156,460.2200012207031,460.8399963378906
2026-03-16,461.2699890136719,462.79998779296875,456.9100036621094,460.42999267578125
2026-03-17,460.510009765625,462.2099914550781,456.8699951171875,459.2699890136719
2026-03-18,446.6600036621094,450.05999755859375,444.3900146484375,444.739990234375
2026-03-19,420.3599853515625,428.2699890136719,416.79998779296875,426.4100036621094
2026-03-20,428.0899963378906,428.5899963378906,411.2300109863281,413.3800048828125
2026-03-23,405.1199951171875,414.5400085449219,399.6400146484375,404.0400085449219
2026-03-24,400.239990234375,407.2900085449219,399.20001220703125,404.1300048828125
2026-03-25,419.7099914550781,420.6600036621094,412.25,416.2900085449219
2026-03-26,408.5299987792969,411.3699951171875,400.260009765625,400.6400146484375
2026-03-27,406.20001220703125,418.3999938964844,405.4100036621094,414.70001220703125
2026-03-30,419.5400085449219,420.1000061035156,412.6600036621094,414.5799865722656
2026-03-31,420.0799865722656,430.57000732421875,419.5899963378906,430.2900085449219
2026-04-01,435.0,440.19000244140625,433.760009765625,437.82000732421875
2026-04-02,422.2900085449219,431.6700134277344,421.1700134277344,429.4100036621094
2026-04-06,428.8699951171875,431.489990234375,426.7099914550781,427.6499938964844
2026-04-07,427.8999938964844,433.42999267578125,423.1000061035156,431.80999755859375
2026-04-08,439.9800109863281,440.44000244140625,431.30999755859375,434.5299987792969
2026-04-09,436.4700012207031,440.9100036621094,435.8699951171875,437.9100036621094
2026-04-10,438.5899963378906,440.3500061035156,436.0,437.1300048828125
2026-04-13,434.7799987792969,436.2200012207031,431.6300048828125,435.3599853515625
2026-04-14,439.32000732421875,445.17999267578125,439.0199890136719,445.0899963378906
2026-04-15,442.8800048828125,443.739990234375,439.6000061035156,440.4599914550781
2026-04-16,442.1499938964844,442.9800109863281,438.17999267578125,440.0799865722656
2026-04-17,445.6499938964844,448.70001220703125,445.32000732421875,445.92999267578125
2026-04-20,443.1300048828125,443.4200134277344,440.04998779296875,442.0899963378906
2026-04-21,438.54998779296875,440.25,428.7099914550781,429.57000732421875
2026-04-22,436.2699890136719,437.1700134277344,433.7799987792969,435.260009765625
2026-04-23,433.9599914550781,435.2900085449219,428.2200012207031,431.0400085449219
2026-04-24,431.3399963378906,435.2799987792969,430.6499938964844,433.25
2026-04-27,431.6600036621094,431.79998779296875,428.5199890136719,429.8900146484375
2026-04-28,420.7200012207031,422.5199890136719,418.3999938964844,421.9100036621094
2026-04-29,416.739990234375,419.1700134277344,414.1600036621094,417.4100036621094
2026-04-30,425.3399963378906,425.4599914550781,422.739990234375,423.6600036621094
2026-05-01,421.4100036621094,427.92999267578125,421.0799865722656,423.17999267578125
2026-05-04,418.8399963378906,420.8599853515625,413.2799987792969,414.7099914550781
2026-05-05,420.1499938964844,421.1600036621094,417.9100036621094,418.2699890136719
2026-05-06,430.1499938964844,433.19000244140625,429.6000061035156,430.9599914550781
2026-05-07,435.6099853515625,437.4200134277344,430.25,431.67999267578125
2026-05-08,434.04998779296875,436.20001220703125,431.70001220703125,433.7699890136719
2026-05-11,434.17999267578125,436.0400085449219,432.2099914550781,434.6499938964844
2026-05-12,430.70001220703125,432.9800109863281,425.8500061035156,432.92999267578125
2026-05-13,430.5199890136719,432.489990234375,428.75,430.5
2026-05-14,430.29998779296875,431.5400085449219,427.1000061035156,427.2099914550781
2026-05-15,417.6400146484375,419.25,414.1199951171875,417.2900085449219
2026-05-18,419.82000732421875,420.92999267578125,416.05999755859375,418.42999267578125
2026-05-19,412.45001220703125,414.4700012207031,409.8800048828125,411.5
2026-05-20,412.1400146484375,417.989990234375,410.0799865722656,417.3999938964844
2026-05-21,413.1400146484375,418.4200134277344,411.95001220703125,416.989990234375
2026-05-22,415.1700134277344,415.67999267578125,412.0,413.82000732421875
2026-05-26,415.1600036621094,415.9800109863281,411.5,414.0
2026-05-27,404.3399963378906,409.25,404.29998779296875,408.489990234375
2026-05-28,406.4800109863281,414.510009765625,405.4100036621094,412.7699890136719
2026-05-29,415.6199951171875,421.82000732421875,415.0799865722656,417.1199951171875
2026-06-01,409.8599853515625,412.6099853515625,408.239990234375,411.260009765625
2026-06-02,414.0799865722656,414.3999938964844,411.1000061035156,411.95001220703125
2026-06-03,408.3800048828125,409.3800048828125,406.2300109863281,407.8699951171875
2026-06-04,413.3699951171875,414.3699951171875,409.010009765625,411.2699890136719
2026-06-05,404.3800048828125,404.7200012207031,395.9200134277344,396.239990234375
2026-06-08,397.5199890136719,398.9800109863281,396.0299987792969,397.2699890136719
2026-06-09,397.57000732421875,400.4800109863281,388.75,390.7799987792969
2026-06-10,380.75,384.2099914550781,374.54998779296875,374.5799865722656
2026-06-11,373.9599914550781,387.2099914550781,371.8800048828125,386.32000732421875
2026-06-12,385.7300109863281,388.7699890136719,383.3500061035156,386.5400085449219
2026-06-15,399.489990234375,401.0,396.1499938964844,396.54998779296875
2026-06-16,397.8299865722656,398.9599914550781,395.82000732421875,397.6300048828125
2026-06-17,397.82000732421875,402.0400085449219,387.0799865722656,388.6000061035156
2026-06-18,391.239990234375,392.5,385.6000061035156,387.1199951171875
2026-06-22,384.25,386.4100036621094,382.6400146484375,384.5899963378906
2026-06-23,377.7200012207031,380.3500061035156,377.1700134277344,377.32000732421875
2026-06-24,364.80999755859375,370.8999938964844,363.32000732421875,365.9200134277344
2026-06-25,368.989990234375,371.0400085449219,366.79998779296875,369.4599914550781
2026-06-26,372.2699890136719,375.8500061035156,371.17999267578125,373.6300048828125
2026-06-29,370.5799865722656,371.19000244140625,366.9700012207031,368.5799865722656
2026-06-30,369.2200012207031,372.8299865722656,368.260009765625,368.3800048828125
2026-07-01,371.2099914550781,377.7799987792969,370.2099914550781,370.6000061035156
2026-07-02,377.44000244140625,380.2699890136719,376.2900085449219,378.1300048828125
2026-07-06,380.2099914550781,382.42999267578125,378.8299865722656,382.1300048828125
2026-07-07,382.3900146484375,383.6000061035156,375.5199890136719,377.489990234375
2026-07-08,373.1700134277344,375.4700012207031,368.95001220703125,374.45001220703125
2026-07-09,378.510009765625,379.6499938964844,377.4100036621094,378.17999267578125
2026-07-10,375.0,377.54998779296875,373.70001220703125,377.010009765625
2026-07-13,372.7699890136719,372.8900146484375,365.7699890136719,367.1300048828125
2026-07-14,374.5299987792969,376.2799987792969,370.9200134277344,372.1499938964844
2026-07-15,372.1099853515625,374.489990234375,369.5,372.3500061035156
2026-07-16,367.45001220703125,368.42999267578125,364.04998779296875,364.9599914550781
2026-07-17,364.1099853515625,369.2099914550781,363.6000061035156,368.4100036621094
2026-07-20,367.7900085449219,368.7900085449219,366.79998779296875,367.6000061035156
2026-07-21,371.70001220703125,375.010009765625,371.07000732421875,374.80999755859375
2026-07-22,379.07000732421875,382.2200012207031,378.8299865722656,379.1199951171875
2026-07-23,372.3599853515625,373.0899963378906,370.5299987792969,371.5199890136719
2026-07-24,371.260009765625,374.489990234375,371.0299987792969,371.8999938964844
2026-07-27,373.8900146484375,375.5299987792969,372.9100036621094,374.6300048828125
2026-07-28,369.6099853515625,371.2300109863281,367.9800109863281,369.3699951171875
2026-07-29,368.2900085449219,377.6199951171875,366.5299987792969,371.0799865722656
2026-07-30,374.1600036621094,377.8599853515625,373.760009765625,377.1600036621094
2026-07-31,370.8399963378906,372.010009765625,368.82000732421875,371.5400085449219
2026-08-03,370.1000061035156,372.0400085449219,368.6400146484375,371.7099914550781
2026-08-04,374.1400146484375,376.69000244140625,373.7099914550781,374.1600036621094
2026-08-05,384.9599914550781,391.510009765625,384.32000732421875,389.6400146484375
2026-08-06,389.5,392.1199951171875,387.2699890136719,389.6700134277344
2026-08-07,399.6000061035156,400.6600036621094,396.95001220703125,398.4700012207031
2026-08-10,397.7099914550781,403.239990234375,395.92999267578125,402.5400085449219
2026-08-11,403.44000244140625,404.0299987792969,399.8900146484375,400.9599914550781
2026-08-12,405.30999755859375,407.2799987792969,404.40008544921875,405.8349914550781
