date,adjclose,close
2006-04-28,13.812000274658203,13.812000274658203
2006-05-01,13.869999885559082,13.869999885559082
2006-05-02,14.364999771118164,14.364999771118164
2006-05-03,13.925000190734863,13.925000190734863
2006-05-04,14.0,14.0
2006-05-05,13.994999885559082,13.994999885559082
2006-05-08,14.0,14.0
2006-05-09,14.5,14.5
2006-05-10,14.526000022888184,14.526000022888184
2006-05-11,14.859999656677246,14.859999656677246
2006-05-12,14.46399974822998,14.46399974822998
2006-05-15,13.270000457763672,13.270000457763672
2006-05-16,13.579999923706055,13.579999923706055
2006-05-17,13.09000015258789,13.09000015258789
2006-05-18,12.60200023651123,12.60200023651123
2006-05-19,12.600000381469727,12.600000381469727
2006-05-22,12.515000343322754,12.515000343322754
2006-05-23,13.045000076293945,13.045000076293945
2006-05-24,12.545000076293945,12.545000076293945
2006-05-25,12.6850004196167,12.6850004196167
2006-05-26,12.670000076293945,12.670000076293945
2006-05-30,13.097000122070312,13.097000122070312
2006-05-31,12.628000259399414,12.628000259399414
2006-06-01,12.039999961853027,12.039999961853027
2006-06-02,12.175000190734863,12.175000190734863
2006-06-05,12.092000007629395,12.092000007629395
2006-06-06,11.835000038146973,11.835000038146973
2006-06-07,11.869999885559082,11.869999885559082
2006-06-08,11.234999656677246,11.234999656677246
2006-06-09,11.192000389099121,11.192000389099121
2006-06-12,10.930000305175781,10.930000305175781
2006-06-13,9.625,9.625
2006-06-14,9.670000076293945,9.670000076293945
2006-06-15,10.263999938964844,10.263999938964844
2006-06-16,10.289999961853027,10.289999961853027
2006-06-19,9.946999549865723,9.946999549865723
2006-06-20,10.28600025177002,10.28600025177002
2006-06-21,10.5,10.5
2006-06-22,10.256999969482422,10.256999969482422
2006-06-23,10.352999687194824,10.352999687194824
2006-06-26,10.317000389099121,10.317000389099121
2006-06-27,10.21399974822998,10.21399974822998
2006-06-28,10.244999885559082,10.244999885559082
2006-06-29,10.781999588012695,10.781999588012695
2006-06-30,11.138999938964844,11.138999938964844
2006-07-03,11.380000114440918,11.380000114440918
2006-07-05,11.470000267028809,11.470000267028809
2006-07-06,11.598999977111816,11.598999977111816
2006-07-07,11.324999809265137,11.324999809265137
2006-07-10,11.083999633789062,11.083999633789062
2006-07-11,11.569999694824219,11.569999694824219
2006-07-12,11.592000007629395,11.592000007629395
2006-07-13,11.649999618530273,11.649999618530273
2006-07-14,11.49899959564209,11.49899959564209
2006-07-17,10.897000312805176,10.897000312805176
2006-07-18,10.595000267028809,10.595000267028809
2006-07-19,11.138999938964844,11.138999938964844
2006-07-20,10.899999618530273,10.899999618530273
2006-07-21,10.838000297546387,10.838000297546387
2006-07-24,10.918000221252441,10.918000221252441
2006-07-25,10.993000030517578,10.993000030517578
2006-07-26,11.107000350952148,11.107000350952148
2006-07-27,11.375,11.375
2006-07-28,11.399999618530273,11.399999618530273
2006-07-31,11.414999961853027,11.414999961853027
2006-08-01,11.760000228881836,11.760000228881836
2006-08-02,12.170000076293945,12.170000076293945
2006-08-03,12.079999923706055,12.079999923706055
2006-08-04,12.383000373840332,12.383000373840332
2006-08-07,12.3100004196167,12.3100004196167
2006-08-08,12.260000228881836,12.260000228881836
2006-08-09,12.517999649047852,12.517999649047852
2006-08-10,12.121000289916992,12.121000289916992
2006-08-11,11.918999671936035,11.918999671936035
2006-08-14,12.04800033569336,12.04800033569336
2006-08-15,12.104999542236328,12.104999542236328
2006-08-16,12.324000358581543,12.324000358581543
2006-08-17,11.967000007629395,11.967000007629395
2006-08-18,12.0600004196167,12.0600004196167
2006-08-21,12.411999702453613,12.411999702453613
2006-08-22,12.295000076293945,12.295000076293945
2006-08-23,12.5,12.5
2006-08-24,12.359999656677246,12.359999656677246
2006-08-25,12.420000076293945,12.420000076293945
2006-08-28,12.031999588012695,12.031999588012695
2006-08-29,12.274999618530273,12.274999618530273
2006-08-30,12.51099967956543,12.51099967956543
2006-08-31,12.907999992370605,12.907999992370605
2006-09-01,12.960000038146973,12.960000038146973
2006-09-05,12.975000381469727,12.975000381469727
2006-09-06,12.98799991607666,12.98799991607666
2006-09-07,12.569999694824219,12.569999694824219
2006-09-08,12.130000114440918,12.130000114440918
2006-09-11,11.074999809265137,11.074999809265137
2006-09-12,11.019000053405762,11.019000053405762
2006-09-13,11.1850004196167,11.1850004196167
2006-09-14,10.699999809265137,10.699999809265137
2006-09-15,10.798999786376953,10.798999786376953
2006-09-18,11.170000076293945,11.170000076293945
2006-09-19,10.788000106811523,10.788000106811523
2006-09-20,10.88599967956543,10.88599967956543
2006-09-21,11.1850004196167,11.1850004196167
2006-09-22,11.151000022888184,11.151000022888184
2006-09-25,11.187999725341797,11.187999725341797
2006-09-26,11.378000259399414,11.378000259399414
2006-09-27,11.619999885559082,11.619999885559082
2006-09-28,11.541000366210938,11.541000366210938
2006-09-29,11.451000213623047,11.451000213623047
2006-10-02,11.4350004196167,11.4350004196167
2006-10-03,10.8100004196167,10.8100004196167
2006-10-04,10.800000190734863,10.800000190734863
2006-10-05,11.07800006866455,11.07800006866455
2006-10-06,11.095000267028809,11.095000267028809
2006-10-09,11.277999877929688,11.277999877929688
2006-10-10,11.118000030517578,11.118000030517578
2006-10-11,11.17300033569336,11.17300033569336
2006-10-12,11.291000366210938,11.291000366210938
2006-10-13,11.638999938964844,11.638999938964844
2006-10-16,11.845000267028809,11.845000267028809
2006-10-17,11.687999725341797,11.687999725341797
2006-10-18,11.722000122070312,11.722000122070312
2006-10-19,12.069999694824219,12.069999694824219
2006-10-20,11.876999855041504,11.876999855041504
2006-10-23,11.638999938964844,11.638999938964844
2006-10-24,11.788999557495117,11.788999557495117
2006-10-25,11.895000457763672,11.895000457763672
2006-10-26,12.105999946594238,12.105999946594238
2006-10-27,12.01099967956543,12.01099967956543
2006-10-30,12.105999946594238,12.105999946594238
2006-10-31,12.267999649047852,12.267999649047852
2006-11-01,12.444000244140625,12.444000244140625
2006-11-02,12.515000343322754,12.515000343322754
2006-11-03,12.552000045776367,12.552000045776367
2006-11-06,12.609999656677246,12.609999656677246
2006-11-07,12.595000267028809,12.595000267028809
2006-11-08,12.416999816894531,12.416999816894531
2006-11-09,13.027999877929688,13.027999877929688
2006-11-10,12.967000007629395,12.967000007629395
2006-11-13,12.859999656677246,12.859999656677246
2006-11-14,12.776000022888184,12.776000022888184
2006-11-15,12.86299991607666,12.86299991607666
2006-11-16,12.755000114440918,12.755000114440918
2006-11-17,12.763999938964844,12.763999938964844
2006-11-20,12.704999923706055,12.704999923706055
2006-11-21,13.029999732971191,13.029999732971191
2006-11-22,13.032999992370605,13.032999992370605
2006-11-24,13.41100025177002,13.41100025177002
2006-11-27,13.494999885559082,13.494999885559082
2006-11-28,13.734000205993652,13.734000205993652
2006-11-29,13.567999839782715,13.567999839782715
2006-11-30,13.968000411987305,13.968000411987305
2006-12-01,13.958000183105469,13.958000183105469
2006-12-04,14.085000038146973,14.085000038146973
2006-12-05,13.815999984741211,13.815999984741211
2006-12-06,13.569999694824219,13.569999694824219
2006-12-07,13.88599967956543,13.88599967956543
2006-12-08,13.680000305175781,13.680000305175781
2006-12-11,13.8149995803833,13.8149995803833
2006-12-12,13.812999725341797,13.812999725341797
2006-12-13,13.75,13.75
2006-12-14,13.717000007629395,13.717000007629395
2006-12-15,12.8149995803833,12.8149995803833
2006-12-18,12.446999549865723,12.446999549865723
2006-12-19,12.649999618530273,12.649999618530273
2006-12-20,12.460000038146973,12.460000038146973
2006-12-21,12.350000381469727,12.350000381469727
2006-12-22,12.58899974822998,12.58899974822998
2006-12-26,12.623000144958496,12.623000144958496
2006-12-27,12.779999732971191,12.779999732971191
2006-12-28,12.802000045776367,12.802000045776367
2006-12-29,12.86400032043457,12.86400032043457
2007-01-03,12.557999610900879,12.557999610900879
2007-01-04,12.579999923706055,12.579999923706055
2007-01-05,12.175000190734863,12.175000190734863
2007-01-08,12.218000411987305,12.218000411987305
2007-01-09,12.425000190734863,12.425000190734863
2007-01-10,12.373000144958496,12.373000144958496
2007-01-11,12.289999961853027,12.289999961853027
2007-01-12,12.779999732971191,12.779999732971191
2007-01-16,12.541999816894531,12.541999816894531
2007-01-17,12.737000465393066,12.737000465393066
2007-01-18,12.60200023651123,12.60200023651123
2007-01-19,12.800999641418457,12.800999641418457
2007-01-22,12.87399959564209,12.87399959564209
2007-01-23,13.24899959564209,13.24899959564209
2007-01-24,13.204999923706055,13.204999923706055
2007-01-25,13.24899959564209,13.24899959564209
2007-01-26,13.354999542236328,13.354999542236328
2007-01-29,13.128000259399414,13.128000259399414
2007-01-30,13.32800006866455,13.32800006866455
2007-01-31,13.515999794006348,13.515999794006348
2007-02-01,13.604999542236328,13.604999542236328
2007-02-02,13.392000198364258,13.392000198364258
2007-02-05,13.437999725341797,13.437999725341797
2007-02-06,13.609999656677246,13.609999656677246
2007-02-07,13.58899974822998,13.58899974822998
2007-02-08,13.74899959564209,13.74899959564209
2007-02-09,13.805999755859375,13.805999755859375
2007-02-12,13.595000267028809,13.595000267028809
2007-02-13,13.800999641418457,13.800999641418457
2007-02-14,14.022000312805176,14.022000312805176
2007-02-15,13.95199966430664,13.95199966430664
2007-02-16,13.901000022888184,13.901000022888184
2007-02-20,13.789999961853027,13.789999961853027
2007-02-21,14.184000015258789,14.184000015258789
2007-02-22,14.1850004196167,14.1850004196167
2007-02-23,14.527999877929688,14.527999877929688
2007-02-26,14.699000358581543,14.699000358581543
2007-02-27,14.038999557495117,14.038999557495117
2007-02-28,14.125,14.125
2007-03-01,13.539999961853027,13.539999961853027
2007-03-02,12.878000259399414,12.878000259399414
2007-03-05,12.548999786376953,12.548999786376953
2007-03-06,12.895999908447266,12.895999908447266
2007-03-07,12.899999618530273,12.899999618530273
2007-03-08,12.914999961853027,12.914999961853027
2007-03-09,12.854999542236328,12.854999542236328
2007-03-12,12.946000099182129,12.946000099182129
2007-03-13,12.6899995803833,12.6899995803833
2007-03-14,12.800999641418457,12.800999641418457
2007-03-15,12.930999755859375,12.930999755859375
2007-03-16,13.092000007629395,13.092000007629395
2007-03-19,13.102999687194824,13.102999687194824
2007-03-20,13.256999969482422,13.256999969482422
2007-03-21,13.319999694824219,13.319999694824219
2007-03-22,13.388999938964844,13.388999938964844
2007-03-23,13.121999740600586,13.121999740600586
2007-03-26,13.331999778747559,13.331999778747559
2007-03-27,13.185999870300293,13.185999870300293
2007-03-28,13.32800006866455,13.32800006866455
2007-03-29,13.253999710083008,13.253999710083008
2007-03-30,13.35200023651123,13.35200023651123
2007-04-02,13.241999626159668,13.241999626159668
2007-04-03,13.338000297546387,13.338000297546387
2007-04-04,13.574999809265137,13.574999809265137
2007-04-05,13.65999984741211,13.65999984741211
2007-04-09,13.699999809265137,13.699999809265137
2007-04-10,13.847999572753906,13.847999572753906
2007-04-11,13.77400016784668,13.77400016784668
2007-04-12,13.810999870300293,13.810999870300293
2007-04-13,13.989999771118164,13.989999771118164
2007-04-16,13.979999542236328,13.979999542236328
2007-04-17,13.838000297546387,13.838000297546387
2007-04-18,13.880000114440918,13.880000114440918
2007-04-19,13.559000015258789,13.559000015258789
2007-04-20,13.871000289916992,13.871000289916992
2007-04-23,13.930000305175781,13.930000305175781
2007-04-24,13.710000038146973,13.710000038146973
2007-04-25,13.746000289916992,13.746000289916992
2007-04-26,13.260000228881836,13.260000228881836
2007-04-27,13.48900032043457,13.48900032043457
2007-04-30,13.335000038146973,13.335000038146973
2007-05-01,13.187999725341797,13.187999725341797
2007-05-02,13.170000076293945,13.170000076293945
2007-05-03,13.317000389099121,13.317000389099121
2007-05-04,13.383000373840332,13.383000373840332
2007-05-07,13.456000328063965,13.456000328063965
2007-05-08,13.399999618530273,13.399999618530273
2007-05-09,13.324000358581543,13.324000358581543
2007-05-10,12.95300006866455,12.95300006866455
2007-05-11,13.147000312805176,13.147000312805176
2007-05-14,13.050000190734863,13.050000190734863
2007-05-15,13.123000144958496,13.123000144958496
2007-05-16,12.859999656677246,12.859999656677246
2007-05-17,12.770000457763672,12.770000457763672
2007-05-18,12.904000282287598,12.904000282287598
2007-05-21,12.99899959564209,12.99899959564209
2007-05-22,12.890000343322754,12.890000343322754
2007-05-23,12.951000213623047,12.951000213623047
2007-05-24,12.767999649047852,12.767999649047852
2007-05-25,12.880000114440918,12.880000114440918
2007-05-29,13.095999717712402,13.095999717712402
2007-05-30,13.10099983215332,13.10099983215332
2007-05-31,13.383000373840332,13.383000373840332
2007-06-01,13.63700008392334,13.63700008392334
2007-06-04,13.64799976348877,13.64799976348877
2007-06-05,13.699999809265137,13.699999809265137
2007-06-06,13.637999534606934,13.637999534606934
2007-06-07,13.36299991607666,13.36299991607666
2007-06-08,13.029999732971191,13.029999732971191
2007-06-11,13.154000282287598,13.154000282287598
2007-06-12,12.930999755859375,12.930999755859375
2007-06-13,13.0649995803833,13.0649995803833
2007-06-14,13.071000099182129,13.071000099182129
2007-06-15,13.16100025177002,13.16100025177002
2007-06-18,13.163000106811523,13.163000106811523
2007-06-19,13.265000343322754,13.265000343322754
2007-06-20,13.081000328063965,13.081000328063965
2007-06-21,13.01200008392334,13.01200008392334
2007-06-22,13.005999565124512,13.005999565124512
2007-06-25,12.824999809265137,12.824999809265137
2007-06-26,12.145000457763672,12.145000457763672
2007-06-27,12.210000038146973,12.210000038146973
2007-06-28,12.399999618530273,12.399999618530273
2007-06-29,12.350000381469727,12.350000381469727
2007-07-02,12.588000297546387,12.588000297546387
2007-07-03,12.531999588012695,12.531999588012695
2007-07-05,12.46500015258789,12.46500015258789
2007-07-06,12.680000305175781,12.680000305175781
2007-07-09,12.680000305175781,12.680000305175781
2007-07-10,12.869999885559082,12.869999885559082
2007-07-11,12.845000267028809,12.845000267028809
2007-07-12,13.003000259399414,13.003000259399414
2007-07-13,12.963000297546387,12.963000297546387
2007-07-16,12.894000053405762,12.894000053405762
2007-07-17,12.8149995803833,12.8149995803833
2007-07-18,13.114999771118164,13.114999771118164
2007-07-19,13.168999671936035,13.168999671936035
2007-07-20,13.232999801635742,13.232999801635742
2007-07-23,13.21500015258789,13.21500015258789
2007-07-24,13.204999923706055,13.204999923706055
2007-07-25,13.027999877929688,13.027999877929688
2007-07-26,12.704999923706055,12.704999923706055
2007-07-27,12.621000289916992,12.621000289916992
2007-07-30,12.789999961853027,12.789999961853027
2007-07-31,12.802000045776367,12.802000045776367
2007-08-01,12.890000343322754,12.890000343322754
2007-08-02,12.89900016784668,12.89900016784668
2007-08-03,13.027000427246094,13.027000427246094
2007-08-06,12.883000373840332,12.883000373840332
2007-08-07,13.034000396728516,13.034000396728516
2007-08-08,13.053999900817871,13.053999900817871
2007-08-09,12.593999862670898,12.593999862670898
2007-08-10,12.765000343322754,12.765000343322754
2007-08-13,12.71399974822998,12.71399974822998
2007-08-14,12.623000144958496,12.623000144958496
2007-08-15,12.385000228881836,12.385000228881836
2007-08-16,11.779999732971191,11.779999732971191
2007-08-17,11.663999557495117,11.663999557495117
2007-08-20,11.729000091552734,11.729000091552734
2007-08-21,11.510000228881836,11.510000228881836
2007-08-22,11.571000099182129,11.571000099182129
2007-08-23,11.623000144958496,11.623000144958496
2007-08-24,11.899999618530273,11.899999618530273
2007-08-27,11.692000389099121,11.692000389099121
2007-08-28,11.642999649047852,11.642999649047852
2007-08-29,11.8149995803833,11.8149995803833
2007-08-30,11.699999809265137,11.699999809265137
2007-08-31,11.998000144958496,11.998000144958496
2007-09-04,12.187000274658203,12.187000274658203
2007-09-05,12.149999618530273,12.149999618530273
2007-09-06,12.36400032043457,12.36400032043457
2007-09-07,12.442000389099121,12.442000389099121
2007-09-10,12.482999801635742,12.482999801635742
2007-09-11,12.640000343322754,12.640000343322754
2007-09-12,12.571999549865723,12.571999549865723
2007-09-13,12.468999862670898,12.468999862670898
2007-09-14,12.479999542236328,12.479999542236328
2007-09-17,12.706999778747559,12.706999778747559
2007-09-18,12.868000030517578,12.868000030517578
2007-09-19,12.868000030517578,12.868000030517578
2007-09-20,13.319999694824219,13.319999694824219
2007-09-21,13.418999671936035,13.418999671936035
2007-09-24,13.427000045776367,13.427000045776367
2007-09-25,13.366999626159668,13.366999626159668
2007-09-26,13.329999923706055,13.329999923706055
2007-09-27,13.425000190734863,13.425000190734863
2007-09-28,13.654999732971191,13.654999732971191
2007-10-01,13.645999908447266,13.645999908447266
2007-10-02,13.230999946594238,13.230999946594238
2007-10-03,13.217000007629395,13.217000007629395
2007-10-04,13.28499984741211,13.28499984741211
2007-10-05,13.295000076293945,13.295000076293945
2007-10-08,13.187999725341797,13.187999725341797
2007-10-09,13.395000457763672,13.395000457763672
2007-10-10,13.486000061035156,13.486000061035156
2007-10-11,13.640000343322754,13.640000343322754
2007-10-12,13.739999771118164,13.739999771118164
2007-10-15,13.6899995803833,13.6899995803833
2007-10-16,13.49899959564209,13.49899959564209
2007-10-17,13.522000312805176,13.522000312805176
2007-10-18,13.699999809265137,13.699999809265137
2007-10-19,13.454000473022461,13.454000473022461
2007-10-22,13.347999572753906,13.347999572753906
2007-10-23,13.461999893188477,13.461999893188477
2007-10-24,13.47599983215332,13.47599983215332
2007-10-25,13.76200008392334,13.76200008392334
2007-10-26,14.133000373840332,14.133000373840332
2007-10-29,14.388999938964844,14.388999938964844
2007-10-30,14.11299991607666,14.11299991607666
2007-10-31,14.359999656677246,14.359999656677246
2007-11-01,14.003000259399414,14.003000259399414
2007-11-02,14.529999732971191,14.529999732971191
2007-11-05,14.618000030517578,14.618000030517578
2007-11-06,15.375,15.375
2007-11-07,15.170999526977539,15.170999526977539
2007-11-08,15.329000473022461,15.329000473022461
2007-11-09,15.289999961853027,15.289999961853027
2007-11-12,14.3149995803833,14.3149995803833
2007-11-13,14.460000038146973,14.460000038146973
2007-11-14,14.866999626159668,14.866999626159668
2007-11-15,14.345000267028809,14.345000267028809
2007-11-16,14.34000015258789,14.34000015258789
2007-11-19,14.071000099182129,14.071000099182129
2007-11-20,14.65999984741211,14.65999984741211
2007-11-21,14.345000267028809,14.345000267028809
2007-11-23,14.663000106811523,14.663000106811523
2007-11-26,14.628999710083008,14.628999710083008
2007-11-27,14.345000267028809,14.345000267028809
2007-11-28,14.29699993133545,14.29699993133545
2007-11-29,14.10099983215332,14.10099983215332
2007-11-30,13.899999618530273,13.899999618530273
2007-12-03,14.006999969482422,14.006999969482422
2007-12-04,14.206999778747559,14.206999778747559
2007-12-05,14.130000114440918,14.130000114440918
2007-12-06,14.37600040435791,14.37600040435791
2007-12-07,14.276000022888184,14.276000022888184
2007-12-10,14.562000274658203,14.562000274658203
2007-12-11,14.350000381469727,14.350000381469727
2007-12-12,14.54800033569336,14.54800033569336
2007-12-13,14.013999938964844,14.013999938964844
2007-12-14,13.73900032043457,13.73900032043457
2007-12-17,13.713000297546387,13.713000297546387
2007-12-18,13.901000022888184,13.901000022888184
2007-12-19,13.984999656677246,13.984999656677246
2007-12-20,14.09000015258789,14.09000015258789
2007-12-21,14.21500015258789,14.21500015258789
2007-12-24,14.463000297546387,14.463000297546387
2007-12-26,14.597000122070312,14.597000122070312
2007-12-27,14.526000022888184,14.526000022888184
2007-12-28,14.652000427246094,14.652000427246094
2007-12-31,14.696999549865723,14.696999549865723
2008-01-02,15.180000305175781,15.180000305175781
2008-01-03,15.28499984741211,15.28499984741211
2008-01-04,15.166999816894531,15.166999816894531
2008-01-07,15.053000450134277,15.053000450134277
2008-01-08,15.59000015258789,15.59000015258789
2008-01-09,15.520000457763672,15.520000457763672
2008-01-10,16.06100082397461,16.06100082397461
2008-01-11,16.07699966430664,16.07699966430664
2008-01-14,16.280000686645508,16.280000686645508
2008-01-15,15.833999633789062,15.833999633789062
2008-01-16,15.654000282287598,15.654000282287598
2008-01-17,15.717000007629395,15.717000007629395
2008-01-18,16.030000686645508,16.030000686645508
2008-01-22,15.902000427246094,15.902000427246094
2008-01-23,15.899999618530273,15.899999618530273
2008-01-24,16.299999237060547,16.299999237060547
2008-01-25,16.29800033569336,16.29800033569336
2008-01-28,16.549999237060547,16.549999237060547
2008-01-29,16.534000396728516,16.534000396728516
2008-01-30,16.674999237060547,16.674999237060547
2008-01-31,16.81800079345703,16.81800079345703
2008-02-01,16.618999481201172,16.618999481201172
2008-02-04,16.514999389648438,16.514999389648438
2008-02-05,16.16699981689453,16.16699981689453
2008-02-06,16.375,16.375
2008-02-07,16.670000076293945,16.670000076293945
2008-02-08,17.025999069213867,17.025999069213867
2008-02-11,17.399999618530273,17.399999618530273
2008-02-12,17.033000946044922,17.033000946044922
2008-02-13,17.131999969482422,17.131999969482422
2008-02-14,17.086999893188477,17.086999893188477
2008-02-15,16.95199966430664,16.95199966430664
2008-02-19,17.378000259399414,17.378000259399414
2008-02-20,17.700000762939453,17.700000762939453
2008-02-21,17.695999145507812,17.695999145507812
2008-02-22,17.916000366210938,17.916000366210938
2008-02-25,17.989999771118164,17.989999771118164
2008-02-26,18.600000381469727,18.600000381469727
2008-02-27,19.132999420166016,19.132999420166016
2008-02-28,19.666000366210938,19.666000366210938
2008-02-29,19.667999267578125,19.667999267578125
2008-03-03,20.163000106811523,20.163000106811523
2008-03-04,19.6200008392334,19.6200008392334
2008-03-05,20.621000289916992,20.621000289916992
2008-03-06,20.075000762939453,20.075000762939453
2008-03-07,20.040000915527344,20.040000915527344
2008-03-10,19.475000381469727,19.475000381469727
2008-03-11,19.520000457763672,19.520000457763672
2008-03-12,19.969999313354492,19.969999313354492
2008-03-13,20.4060001373291,20.4060001373291
2008-03-14,20.42099952697754,20.42099952697754
2008-03-17,19.979999542236328,19.979999542236328
2008-03-18,19.378999710083008,19.378999710083008
2008-03-19,18.250999450683594,18.250999450683594
2008-03-20,16.701000213623047,16.701000213623047
2008-03-24,16.78700065612793,16.78700065612793
2008-03-25,17.774999618530273,17.774999618530273
2008-03-26,18.225000381469727,18.225000381469727
2008-03-27,18.31999969482422,18.31999969482422
2008-03-28,17.75,17.75
2008-03-31,17.041000366210938,17.041000366210938
2008-04-01,16.600000381469727,16.600000381469727
2008-04-02,17.246000289916992,17.246000289916992
2008-04-03,17.229999542236328,17.229999542236328
2008-04-04,17.614999771118164,17.614999771118164
2008-04-07,17.950000762939453,17.950000762939453
2008-04-08,17.506999969482422,17.506999969482422
2008-04-09,18.014999389648438,18.014999389648438
2008-04-10,17.812000274658203,17.812000274658203
2008-04-11,17.577999114990234,17.577999114990234
2008-04-14,17.514999389648438,17.514999389648438
2008-04-15,17.68199920654297,17.68199920654297
2008-04-16,18.15399932861328,18.15399932861328
2008-04-17,18.010000228881836,18.010000228881836
2008-04-18,17.67099952697754,17.67099952697754
2008-04-21,17.267000198364258,17.267000198364258
2008-04-22,17.476999282836914,17.476999282836914
2008-04-23,17.000999450683594,17.000999450683594
2008-04-24,16.552000045776367,16.552000045776367
2008-04-25,16.684999465942383,16.684999465942383
2008-04-28,16.84000015258789,16.84000015258789
2008-04-29,16.381999969482422,16.381999969482422
2008-04-30,16.719999313354492,16.719999313354492
2008-05-01,15.994000434875488,15.994000434875488
2008-05-02,16.256999969482422,16.256999969482422
2008-05-05,16.573999404907227,16.573999404907227
2008-05-06,16.729999542236328,16.729999542236328
2008-05-07,16.503000259399414,16.503000259399414
2008-05-08,16.700000762939453,16.700000762939453
2008-05-09,16.665000915527344,16.665000915527344
2008-05-12,16.996999740600586,16.996999740600586
2008-05-13,16.554000854492188,16.554000854492188
2008-05-14,16.365999221801758,16.365999221801758
2008-05-15,16.55500030517578,16.55500030517578
2008-05-16,16.75,16.75
2008-05-19,16.819000244140625,16.819000244140625
2008-05-20,17.5,17.5
2008-05-21,17.860000610351562,17.860000610351562
2008-05-22,17.780000686645508,17.780000686645508
2008-05-23,18.020999908447266,18.020999908447266
2008-05-27,17.256000518798828,17.256000518798828
2008-05-28,17.264999389648438,17.264999389648438
2008-05-29,16.47800064086914,16.47800064086914
2008-05-30,16.67300033569336,16.67300033569336
2008-06-02,16.642000198364258,16.642000198364258
2008-06-03,16.586999893188477,16.586999893188477
2008-06-04,16.641000747680664,16.641000747680664
2008-06-05,16.972000122070312,16.972000122070312
2008-06-06,17.399999618530273,17.399999618530273
2008-06-09,16.944000244140625,16.944000244140625
2008-06-10,16.440000534057617,16.440000534057617
2008-06-11,16.700000762939453,16.700000762939453
2008-06-12,16.350000381469727,16.350000381469727
2008-06-13,16.33099937438965,16.33099937438965
2008-06-16,16.950000762939453,16.950000762939453
2008-06-17,16.902000427246094,16.902000427246094
2008-06-18,17.18899917602539,17.18899917602539
2008-06-19,17.152999877929688,17.152999877929688
2008-06-20,17.195999145507812,17.195999145507812
2008-06-23,16.6299991607666,16.6299991607666
2008-06-24,16.492000579833984,16.492000579833984
2008-06-25,16.625999450683594,16.625999450683594
2008-06-26,17.024999618530273,17.024999618530273
2008-06-27,17.329999923706055,17.329999923706055
2008-06-30,17.26300048828125,17.26300048828125
2008-07-01,17.899999618530273,17.899999618530273
2008-07-02,18.21500015258789,18.21500015258789
2008-07-03,18.000999450683594,18.000999450683594
2008-07-07,17.600000381469727,17.600000381469727
2008-07-08,17.663999557495117,17.663999557495117
2008-07-09,17.950000762939453,17.950000762939453
2008-07-10,18.1200008392334,18.1200008392334
2008-07-11,18.638999938964844,18.638999938964844
2008-07-14,18.934999465942383,18.934999465942383
2008-07-15,18.700000762939453,18.700000762939453
2008-07-16,18.545000076293945,18.545000076293945
2008-07-17,18.31999969482422,18.31999969482422
2008-07-18,17.968000411987305,17.968000411987305
2008-07-21,18.22800064086914,18.22800064086914
2008-07-22,17.759000778198242,17.759000778198242
2008-07-23,17.190000534057617,17.190000534057617
2008-07-24,17.260000228881836,17.260000228881836
2008-07-25,17.25,17.25
2008-07-28,17.360000610351562,17.360000610351562
2008-07-29,17.190000534057617,17.190000534057617
2008-07-30,17.360000610351562,17.360000610351562
2008-07-31,17.530000686645508,17.530000686645508
2008-08-01,17.280000686645508,17.280000686645508
2008-08-04,16.739999771118164,16.739999771118164
2008-08-05,16.219999313354492,16.219999313354492
2008-08-06,16.3700008392334,16.3700008392334
2008-08-07,16.06999969482422,16.06999969482422
2008-08-08,15.1899995803833,15.1899995803833
2008-08-11,14.399999618530273,14.399999618530273
2008-08-12,14.399999618530273,14.399999618530273
2008-08-13,14.789999961853027,14.789999961853027
2008-08-14,14.0600004196167,14.0600004196167
2008-08-15,12.699999809265137,12.699999809265137
2008-08-18,12.930000305175781,12.930000305175781
2008-08-19,13.09000015258789,13.09000015258789
2008-08-20,13.180000305175781,13.180000305175781
2008-08-21,13.6899995803833,13.6899995803833
2008-08-22,13.260000228881836,13.260000228881836
2008-08-25,13.329999923706055,13.329999923706055
2008-08-26,13.449999809265137,13.449999809265137
2008-08-27,13.350000381469727,13.350000381469727
2008-08-28,13.550000190734863,13.550000190734863
2008-08-29,13.369999885559082,13.369999885559082
2008-09-02,12.9399995803833,12.9399995803833
2008-09-03,12.75,12.75
2008-09-04,12.630000114440918,12.630000114440918
2008-09-05,12.029999732971191,12.029999732971191
2008-09-08,11.949999809265137,11.949999809265137
2008-09-09,11.180000305175781,11.180000305175781
2008-09-10,10.600000381469727,10.600000381469727
2008-09-11,10.319999694824219,10.319999694824219
2008-09-12,10.75,10.75
2008-09-15,10.949999809265137,10.949999809265137
2008-09-16,10.399999618530273,10.399999618530273
2008-09-17,11.899999618530273,11.899999618530273
2008-09-18,11.890000343322754,11.890000343322754
2008-09-19,12.460000038146973,12.460000038146973
2008-09-22,13.350000381469727,13.350000381469727
2008-09-23,13.180000305175781,13.180000305175781
2008-09-24,13.09000015258789,13.09000015258789
2008-09-25,13.029999732971191,13.029999732971191
2008-09-26,13.149999618530273,13.149999618530273
2008-09-29,12.949999809265137,12.949999809265137
2008-09-30,11.850000381469727,11.850000381469727
2008-10-01,12.329999923706055,12.329999923706055
2008-10-02,10.800000190734863,10.800000190734863
2008-10-03,10.989999771118164,10.989999771118164
2008-10-06,10.75,10.75
2008-10-07,11.380000114440918,11.380000114440918
2008-10-08,11.510000228881836,11.510000228881836
2008-10-09,11.949999809265137,11.949999809265137
2008-10-10,9.800000190734863,9.800000190734863
2008-10-13,10.59000015258789,10.59000015258789
2008-10-14,10.859999656677246,10.859999656677246
2008-10-15,10.270000457763672,10.270000457763672
2008-10-16,9.600000381469727,9.600000381469727
2008-10-17,9.229999542236328,9.229999542236328
2008-10-20,9.770000457763672,9.770000457763672
2008-10-21,9.979999542236328,9.979999542236328
2008-10-22,9.449999809265137,9.449999809265137
2008-10-23,9.380000114440918,9.380000114440918
2008-10-24,9.130000114440918,9.130000114440918
2008-10-27,8.850000381469727,8.850000381469727
2008-10-28,9.050000190734863,9.050000190734863
2008-10-29,9.670000076293945,9.670000076293945
2008-10-30,9.680000305175781,9.680000305175781
2008-10-31,9.579999923706055,9.579999923706055
2008-11-03,9.619999885559082,9.619999885559082
2008-11-04,10.119999885559082,10.119999885559082
2008-11-05,10.210000038146973,10.210000038146973
2008-11-06,9.899999618530273,9.899999618530273
2008-11-07,9.9399995803833,9.9399995803833
2008-11-10,10.0600004196167,10.0600004196167
2008-11-11,9.640000343322754,9.640000343322754
2008-11-12,9.170000076293945,9.170000076293945
2008-11-13,9.300000190734863,9.300000190734863
2008-11-14,9.359999656677246,9.359999656677246
2008-11-17,9.180000305175781,9.180000305175781
2008-11-18,9.479999542236328,9.479999542236328
2008-11-19,9.100000381469727,9.100000381469727
2008-11-20,8.859999656677246,8.859999656677246
2008-11-21,9.520000457763672,9.520000457763672
2008-11-24,10.430000305175781,10.430000305175781
2008-11-25,10.1899995803833,10.1899995803833
2008-11-26,10.1899995803833,10.1899995803833
2008-11-28,10.229999542236328,10.229999542236328
2008-12-01,9.180000305175781,9.180000305175781
2008-12-02,9.489999771118164,9.489999771118164
2008-12-03,9.510000228881836,9.510000228881836
2008-12-04,9.380000114440918,9.380000114440918
2008-12-05,9.399999618530273,9.399999618530273
2008-12-08,9.890000343322754,9.890000343322754
2008-12-09,9.699999809265137,9.699999809265137
2008-12-10,10.119999885559082,10.119999885559082
2008-12-11,10.199999809265137,10.199999809265137
2008-12-12,10.140000343322754,10.140000343322754
2008-12-15,10.550000190734863,10.550000190734863
2008-12-16,11.029999732971191,11.029999732971191
2008-12-17,11.289999961853027,11.289999961853027
2008-12-18,10.84000015258789,10.84000015258789
2008-12-19,10.670000076293945,10.670000076293945
2008-12-22,10.729999542236328,10.729999542236328
2008-12-23,10.15999984741211,10.15999984741211
2008-12-24,10.279999732971191,10.279999732971191
2008-12-26,10.640000343322754,10.640000343322754
2008-12-29,10.770000457763672,10.770000457763672
2008-12-30,10.819999694824219,10.819999694824219
2008-12-31,11.199999809265137,11.199999809265137
2009-01-02,11.40999984741211,11.40999984741211
2009-01-05,11.109999656677246,11.109999656677246
2009-01-06,11.34000015258789,11.34000015258789
2009-01-07,10.859999656677246,10.859999656677246
2009-01-08,10.989999771118164,10.989999771118164
2009-01-09,11.100000381469727,11.100000381469727
2009-01-12,10.5,10.5
2009-01-13,10.600000381469727,10.600000381469727
2009-01-14,10.449999809265137,10.449999809265137
2009-01-15,10.489999771118164,10.489999771118164
2009-01-16,11.109999656677246,11.109999656677246
2009-01-20,11.09000015258789,11.09000015258789
2009-01-21,11.180000305175781,11.180000305175781
2009-01-22,11.329999923706055,11.329999923706055
2009-01-23,11.850000381469727,11.850000381469727
2009-01-26,11.899999618530273,11.899999618530273
2009-01-27,11.850000381469727,11.850000381469727
2009-01-28,11.859999656677246,11.859999656677246
2009-01-29,12.260000228881836,12.260000228881836
2009-01-30,12.520000457763672,12.520000457763672
2009-02-02,12.210000038146973,12.210000038146973
2009-02-03,12.319999694824219,12.319999694824219
2009-02-04,12.420000076293945,12.420000076293945
2009-02-05,12.75,12.75
2009-02-06,12.90999984741211,12.90999984741211
2009-02-09,12.720000267028809,12.720000267028809
2009-02-10,12.979999542236328,12.979999542236328
2009-02-11,13.34000015258789,13.34000015258789
2009-02-12,13.329999923706055,13.329999923706055
2009-02-13,13.539999961853027,13.539999961853027
2009-02-17,13.989999771118164,13.989999771118164
2009-02-18,14.170000076293945,14.170000076293945
2009-02-19,13.890000343322754,13.890000343322754
2009-02-20,14.25,14.25
2009-02-23,14.34000015258789,14.34000015258789
2009-02-24,13.609999656677246,13.609999656677246
2009-02-25,13.489999771118164,13.489999771118164
2009-02-26,12.970000267028809,12.970000267028809
2009-02-27,12.880000114440918,12.880000114440918
2009-03-02,12.770000457763672,12.770000457763672
2009-03-03,12.649999618530273,12.649999618530273
2009-03-04,12.779999732971191,12.779999732971191
2009-03-05,13.149999618530273,13.149999618530273
2009-03-06,13.180000305175781,13.180000305175781
2009-03-09,12.770000457763672,12.770000457763672
2009-03-10,12.449999809265137,12.449999809265137
2009-03-11,12.59000015258789,12.59000015258789
2009-03-12,12.789999961853027,12.789999961853027
2009-03-13,13.050000190734863,13.050000190734863
2009-03-16,12.789999961853027,12.789999961853027
2009-03-17,12.600000381469727,12.600000381469727
2009-03-18,12.770000457763672,12.770000457763672
2009-03-19,13.420000076293945,13.420000076293945
2009-03-20,13.609999656677246,13.609999656677246
2009-03-23,13.460000038146973,13.460000038146973
2009-03-24,13.25,13.25
2009-03-25,13.350000381469727,13.350000381469727
2009-03-26,13.350000381469727,13.350000381469727
2009-03-27,13.149999618530273,13.149999618530273
2009-03-30,12.850000381469727,12.850000381469727
2009-03-31,12.789999961853027,12.789999961853027
2009-04-01,12.84000015258789,12.84000015258789
2009-04-02,12.770000457763672,12.770000457763672
2009-04-03,12.600000381469727,12.600000381469727
2009-04-06,11.9399995803833,11.9399995803833
2009-04-07,12.069999694824219,12.069999694824219
2009-04-08,12.140000343322754,12.140000343322754
2009-04-09,12.170000076293945,12.170000076293945
2009-04-13,12.569999694824219,12.569999694824219
2009-04-14,12.539999961853027,12.539999961853027
2009-04-15,12.550000190734863,12.550000190734863
2009-04-16,12.0600004196167,12.0600004196167
2009-04-17,11.680000305175781,11.680000305175781
2009-04-20,11.890000343322754,11.890000343322754
2009-04-21,11.859999656677246,11.859999656677246
2009-04-22,12.130000114440918,12.130000114440918
2009-04-23,12.539999961853027,12.539999961853027
2009-04-24,12.670000076293945,12.670000076293945
2009-04-27,12.65999984741211,12.65999984741211
2009-04-28,12.300000190734863,12.300000190734863
2009-04-29,12.550000190734863,12.550000190734863
2009-04-30,12.210000038146973,12.210000038146973
2009-05-01,12.3100004196167,12.3100004196167
2009-05-04,12.829999923706055,12.829999923706055
2009-05-05,13.140000343322754,13.140000343322754
2009-05-06,13.520000457763672,13.520000457763672
2009-05-07,13.600000381469727,13.600000381469727
2009-05-08,13.789999961853027,13.789999961853027
2009-05-11,13.739999771118164,13.739999771118164
2009-05-12,14.020000457763672,14.020000457763672
2009-05-13,13.8100004196167,13.8100004196167
2009-05-14,13.850000381469727,13.850000381469727
2009-05-15,13.770000457763672,13.770000457763672
2009-05-18,13.579999923706055,13.579999923706055
2009-05-19,13.979999542236328,13.979999542236328
2009-05-20,14.100000381469727,14.100000381469727
2009-05-21,14.34000015258789,14.34000015258789
2009-05-22,14.5,14.5
2009-05-26,14.420000076293945,14.420000076293945
2009-05-27,14.579999923706055,14.579999923706055
2009-05-28,14.930000305175781,14.930000305175781
2009-05-29,15.470000267028809,15.470000267028809
2009-06-01,15.350000381469727,15.350000381469727
2009-06-02,15.75,15.75
2009-06-03,15.140000343322754,15.140000343322754
2009-06-04,15.630000114440918,15.630000114440918
2009-06-05,15.010000228881836,15.010000228881836
2009-06-08,14.760000228881836,14.760000228881836
2009-06-09,15.029999732971191,15.029999732971191
2009-06-10,15.010000228881836,15.010000228881836
2009-06-11,15.130000114440918,15.130000114440918
2009-06-12,14.630000114440918,14.630000114440918
2009-06-15,13.829999923706055,13.829999923706055
2009-06-16,13.989999771118164,13.989999771118164
2009-06-17,14.119999885559082,14.119999885559082
2009-06-18,13.970000267028809,13.970000267028809
2009-06-19,13.989999771118164,13.989999771118164
2009-06-22,13.539999961853027,13.539999961853027
2009-06-23,13.619999885559082,13.619999885559082
2009-06-24,13.680000305175781,13.680000305175781
2009-06-25,13.8100004196167,13.8100004196167
2009-06-26,13.899999618530273,13.899999618530273
2009-06-29,13.65999984741211,13.65999984741211
2009-06-30,13.380000114440918,13.380000114440918
2009-07-01,13.550000190734863,13.550000190734863
2009-07-02,13.15999984741211,13.15999984741211
2009-07-06,13.100000381469727,13.100000381469727
2009-07-07,12.890000343322754,12.890000343322754
2009-07-08,12.6899995803833,12.6899995803833
2009-07-09,12.670000076293945,12.670000076293945
2009-07-10,12.5,12.5
2009-07-13,12.65999984741211,12.65999984741211
2009-07-14,12.720000267028809,12.720000267028809
2009-07-15,13.0600004196167,13.0600004196167
2009-07-16,13.09000015258789,13.09000015258789
2009-07-17,13.170000076293945,13.170000076293945
2009-07-20,13.449999809265137,13.449999809265137
2009-07-21,13.329999923706055,13.329999923706055
2009-07-22,13.449999809265137,13.449999809265137
2009-07-23,13.520000457763672,13.520000457763672
2009-07-24,13.65999984741211,13.65999984741211
2009-07-27,13.84000015258789,13.84000015258789
2009-07-28,13.520000457763672,13.520000457763672
2009-07-29,13.119999885559082,13.119999885559082
2009-07-30,13.25,13.25
2009-07-31,13.699999809265137,13.699999809265137
2009-08-03,14.029999732971191,14.029999732971191
2009-08-04,14.350000381469727,14.350000381469727
2009-08-05,14.520000457763672,14.520000457763672
2009-08-06,14.319999694824219,14.319999694824219
2009-08-07,14.390000343322754,14.390000343322754
2009-08-10,14.149999618530273,14.149999618530273
2009-08-11,14.09000015258789,14.09000015258789
2009-08-12,14.34000015258789,14.34000015258789
2009-08-13,14.789999961853027,14.789999961853027
2009-08-14,14.430000305175781,14.430000305175781
2009-08-17,13.75,13.75
2009-08-18,13.720000267028809,13.720000267028809
2009-08-19,13.569999694824219,13.569999694824219
2009-08-20,13.699999809265137,13.699999809265137
2009-08-21,13.920000076293945,13.920000076293945
2009-08-24,13.899999618530273,13.899999618530273
2009-08-25,14.039999961853027,14.039999961853027
2009-08-26,14.09000015258789,14.09000015258789
2009-08-27,14.079999923706055,14.079999923706055
2009-08-28,14.5,14.5
2009-08-31,14.619999885559082,14.619999885559082
2009-09-01,14.760000228881836,14.760000228881836
2009-09-02,15.220000267028809,15.220000267028809
2009-09-03,15.869999885559082,15.869999885559082
2009-09-04,15.970000267028809,15.970000267028809
2009-09-08,16.149999618530273,16.149999618530273
2009-09-09,16.059999465942383,16.059999465942383
2009-09-10,16.40999984741211,16.40999984741211
2009-09-11,16.5,16.5
2009-09-14,16.309999465942383,16.309999465942383
2009-09-15,16.780000686645508,16.780000686645508
2009-09-16,17.139999389648438,17.139999389648438
2009-09-17,16.950000762939453,16.950000762939453
2009-09-18,16.700000762939453,16.700000762939453
2009-09-21,16.540000915527344,16.540000915527344
2009-09-22,16.8799991607666,16.8799991607666
2009-09-23,16.540000915527344,16.540000915527344
2009-09-24,15.989999771118164,15.989999771118164
2009-09-25,15.739999771118164,15.739999771118164
2009-09-28,15.90999984741211,15.90999984741211
2009-09-29,15.890000343322754,15.890000343322754
2009-09-30,16.3799991607666,16.3799991607666
2009-10-01,16.040000915527344,16.040000915527344
2009-10-02,15.819999694824219,15.819999694824219
2009-10-05,16.3799991607666,16.3799991607666
2009-10-06,17.079999923706055,17.079999923706055
2009-10-07,17.25,17.25
2009-10-08,17.520000457763672,17.520000457763672
2009-10-09,17.440000534057617,17.440000534057617
2009-10-12,17.479999542236328,17.479999542236328
2009-10-13,17.479999542236328,17.479999542236328
2009-10-14,17.559999465942383,17.559999465942383
2009-10-15,17.059999465942383,17.059999465942383
2009-10-16,17.18000030517578,17.18000030517578
2009-10-19,17.440000534057617,17.440000534057617
2009-10-20,17.200000762939453,17.200000762939453
2009-10-21,17.360000610351562,17.360000610351562
2009-10-22,17.31999969482422,17.31999969482422
2009-10-23,17.399999618530273,17.399999618530273
2009-10-26,16.790000915527344,16.790000915527344
2009-10-27,16.34000015258789,16.34000015258789
2009-10-28,15.859999656677246,15.859999656677246
2009-10-29,16.40999984741211,16.40999984741211
2009-10-30,16.06999969482422,16.06999969482422
2009-11-02,16.15999984741211,16.15999984741211
2009-11-03,17.0,17.0
2009-11-04,17.139999389648438,17.139999389648438
2009-11-05,17.1200008392334,17.1200008392334
2009-11-06,17.09000015258789,17.09000015258789
2009-11-09,17.290000915527344,17.290000915527344
2009-11-10,17.030000686645508,17.030000686645508
2009-11-11,17.290000915527344,17.290000915527344
2009-11-12,16.920000076293945,16.920000076293945
2009-11-13,17.149999618530273,17.149999618530273
2009-11-16,18.010000228881836,18.010000228881836
2009-11-17,18.1299991607666,18.1299991607666
2009-11-18,18.229999542236328,18.229999542236328
2009-11-19,18.260000228881836,18.260000228881836
2009-11-20,18.219999313354492,18.219999313354492
2009-11-23,18.270000457763672,18.270000457763672
2009-11-24,18.25,18.25
2009-11-25,18.520000457763672,18.520000457763672
2009-11-27,17.950000762939453,17.950000762939453
2009-11-30,18.149999618530273,18.149999618530273
2009-12-01,18.780000686645508,18.780000686645508
2009-12-02,18.889999389648438,18.889999389648438
2009-12-03,18.6200008392334,18.6200008392334
2009-12-04,18.149999618530273,18.149999618530273
2009-12-07,17.81999969482422,17.81999969482422
2009-12-08,17.299999237060547,17.299999237060547
2009-12-09,17.149999618530273,17.149999618530273
2009-12-10,17.09000015258789,17.09000015258789
2009-12-11,16.8700008392334,16.8700008392334
2009-12-14,17.079999923706055,17.079999923706055
2009-12-15,17.09000015258789,17.09000015258789
2009-12-16,17.360000610351562,17.360000610351562
2009-12-17,16.790000915527344,16.790000915527344
2009-12-18,16.950000762939453,16.950000762939453
2009-12-21,16.690000534057617,16.690000534057617
2009-12-22,16.639999389648438,16.639999389648438
2009-12-23,16.809999465942383,16.809999465942383
2009-12-24,17.170000076293945,17.170000076293945
2009-12-28,17.219999313354492,17.219999313354492
2009-12-29,16.809999465942383,16.809999465942383
2009-12-30,16.530000686645508,16.530000686645508
2009-12-31,16.540000915527344,16.540000915527344
2010-01-04,17.229999542236328,17.229999542236328
2010-01-05,17.510000228881836,17.510000228881836
2010-01-06,17.860000610351562,17.860000610351562
2010-01-07,17.889999389648438,17.889999389648438
2010-01-08,18.149999618530273,18.149999618530273
2010-01-11,18.209999084472656,18.209999084472656
2010-01-12,17.90999984741211,17.90999984741211
2010-01-13,18.270000457763672,18.270000457763672
2010-01-14,18.309999465942383,18.309999465942383
2010-01-15,18.049999237060547,18.049999237060547
2010-01-19,18.450000762939453,18.450000762939453
2010-01-20,17.56999969482422,17.56999969482422
2010-01-21,17.06999969482422,17.06999969482422
2010-01-22,16.780000686645508,16.780000686645508
2010-01-25,16.829999923706055,16.829999923706055
2010-01-26,16.43000030517578,16.43000030517578
2010-01-27,16.260000228881836,16.260000228881836
2010-01-28,15.920000076293945,15.920000076293945
2010-01-29,15.899999618530273,15.899999618530273
2010-02-01,16.360000610351562,16.360000610351562
2010-02-02,16.350000381469727,16.350000381469727
2010-02-03,16.06999969482422,16.06999969482422
2010-02-04,15.039999961853027,15.039999961853027
2010-02-05,14.899999618530273,14.899999618530273
2010-02-08,14.75,14.75
2010-02-09,15.119999885559082,15.119999885559082
2010-02-10,14.949999809265137,14.949999809265137
2010-02-11,15.369999885559082,15.369999885559082
2010-02-12,15.239999771118164,15.239999771118164
2010-02-16,15.819999694824219,15.819999694824219
2010-02-17,15.739999771118164,15.739999771118164
2010-02-18,15.880000114440918,15.880000114440918
2010-02-19,15.970000267028809,15.970000267028809
2010-02-22,15.899999618530273,15.899999618530273
2010-02-23,15.569999694824219,15.569999694824219
2010-02-24,15.619999885559082,15.619999885559082
2010-02-25,15.770000457763672,15.770000457763672
2010-02-26,16.06999969482422,16.06999969482422
2010-03-01,16.110000610351562,16.110000610351562
2010-03-02,16.559999465942383,16.559999465942383
2010-03-03,16.81999969482422,16.81999969482422
2010-03-04,16.790000915527344,16.790000915527344
2010-03-05,17.010000228881836,17.010000228881836
2010-03-08,16.889999389648438,16.889999389648438
2010-03-09,16.920000076293945,16.920000076293945
2010-03-10,16.65999984741211,16.65999984741211
2010-03-11,16.809999465942383,16.809999465942383
2010-03-12,16.760000228881836,16.760000228881836
2010-03-15,16.739999771118164,16.739999771118164
2010-03-16,17.049999237060547,17.049999237060547
2010-03-17,17.079999923706055,17.079999923706055
2010-03-18,17.079999923706055,17.079999923706055
2010-03-19,16.649999618530273,16.649999618530273
2010-03-22,16.600000381469727,16.600000381469727
2010-03-23,16.719999313354492,16.719999313354492
2010-03-24,16.290000915527344,16.290000915527344
2010-03-25,16.31999969482422,16.31999969482422
2010-03-26,16.610000610351562,16.610000610351562
2010-03-29,17.040000915527344,17.040000915527344
2010-03-30,16.950000762939453,16.950000762939453
2010-03-31,17.139999389648438,17.139999389648438
2010-04-01,17.540000915527344,17.540000915527344
2010-04-05,17.75,17.75
2010-04-06,17.610000610351562,17.610000610351562
2010-04-07,17.770000457763672,17.770000457763672
2010-04-08,17.719999313354492,17.719999313354492
2010-04-09,18.010000228881836,18.010000228881836
2010-04-12,17.799999237060547,17.799999237060547
2010-04-13,17.84000015258789,17.84000015258789
2010-04-14,18.06999969482422,18.06999969482422
2010-04-15,18.06999969482422,18.06999969482422
2010-04-16,17.40999984741211,17.40999984741211
2010-04-19,17.3799991607666,17.3799991607666
2010-04-20,17.479999542236328,17.479999542236328
2010-04-21,17.770000457763672,17.770000457763672
2010-04-22,17.639999389648438,17.639999389648438
2010-04-23,17.90999984741211,17.90999984741211
2010-04-26,17.93000030517578,17.93000030517578
2010-04-27,17.8799991607666,17.8799991607666
2010-04-28,17.75,17.75
2010-04-29,18.139999389648438,18.139999389648438
2010-04-30,18.260000228881836,18.260000228881836
2010-05-03,18.420000076293945,18.420000076293945
2010-05-04,17.59000015258789,17.59000015258789
2010-05-05,17.110000610351562,17.110000610351562
2010-05-06,17.31999969482422,17.31999969482422
2010-05-07,18.0,18.0
2010-05-10,18.110000610351562,18.110000610351562
2010-05-11,18.950000762939453,18.950000762939453
2010-05-12,19.1200008392334,19.1200008392334
2010-05-13,18.989999771118164,18.989999771118164
2010-05-14,18.93000030517578,18.93000030517578
2010-05-17,18.530000686645508,18.530000686645508
2010-05-18,18.56999969482422,18.56999969482422
2010-05-19,17.8700008392334,17.8700008392334
2010-05-20,17.350000381469727,17.350000381469727
2010-05-21,17.290000915527344,17.290000915527344
2010-05-24,17.559999465942383,17.559999465942383
2010-05-25,17.540000915527344,17.540000915527344
2010-05-26,17.739999771118164,17.739999771118164
2010-05-27,18.1200008392334,18.1200008392334
2010-05-28,18.030000686645508,18.030000686645508
2010-06-01,18.020000457763672,18.020000457763672
2010-06-02,17.979999542236328,17.979999542236328
2010-06-03,17.639999389648438,17.639999389648438
2010-06-04,17.049999237060547,17.049999237060547
2010-06-07,17.809999465942383,17.809999465942383
2010-06-08,17.889999389648438,17.889999389648438
2010-06-09,17.760000228881836,17.760000228881836
2010-06-10,17.860000610351562,17.860000610351562
2010-06-11,17.850000381469727,17.850000381469727
2010-06-14,17.860000610351562,17.860000610351562
2010-06-15,18.190000534057617,18.190000534057617
2010-06-16,18.079999923706055,18.079999923706055
2010-06-17,18.329999923706055,18.329999923706055
2010-06-18,18.75,18.75
2010-06-21,18.329999923706055,18.329999923706055
2010-06-22,18.420000076293945,18.420000076293945
2010-06-23,18.18000030517578,18.18000030517578
2010-06-24,18.260000228881836,18.260000228881836
2010-06-25,18.670000076293945,18.670000076293945
2010-06-28,18.3799991607666,18.3799991607666
2010-06-29,18.1299991607666,18.1299991607666
2010-06-30,18.209999084472656,18.209999084472656
2010-07-01,17.440000534057617,17.440000534057617
2010-07-02,17.459999084472656,17.459999084472656
2010-07-06,17.399999618530273,17.399999618530273
2010-07-07,17.649999618530273,17.649999618530273
2010-07-08,17.610000610351562,17.610000610351562
2010-07-09,17.729999542236328,17.729999542236328
2010-07-12,17.6200008392334,17.6200008392334
2010-07-13,17.81999969482422,17.81999969482422
2010-07-14,17.959999084472656,17.959999084472656
2010-07-15,17.950000762939453,17.950000762939453
2010-07-16,17.489999771118164,17.489999771118164
2010-07-19,17.270000457763672,17.270000457763672
2010-07-20,17.329999923706055,17.329999923706055
2010-07-21,17.309999465942383,17.309999465942383
2010-07-22,17.709999084472656,17.709999084472656
2010-07-23,17.719999313354492,17.719999313354492
2010-07-26,17.780000686645508,17.780000686645508
2010-07-27,17.299999237060547,17.299999237060547
2010-07-28,17.15999984741211,17.15999984741211
2010-07-29,17.239999771118164,17.239999771118164
2010-07-30,17.579999923706055,17.579999923706055
2010-08-02,17.959999084472656,17.959999084472656
2010-08-03,18.020000457763672,18.020000457763672
2010-08-04,17.93000030517578,17.93000030517578
2010-08-05,17.959999084472656,17.959999084472656
2010-08-06,18.06999969482422,18.06999969482422
2010-08-09,17.959999084472656,17.959999084472656
2010-08-10,17.969999313354492,17.969999313354492
2010-08-11,17.530000686645508,17.530000686645508
2010-08-12,17.690000534057617,17.690000534057617
2010-08-13,17.739999771118164,17.739999771118164
2010-08-16,18.0,18.0
2010-08-17,18.1200008392334,18.1200008392334
2010-08-18,18.020000457763672,18.020000457763672
2010-08-19,17.920000076293945,17.920000076293945
2010-08-20,17.59000015258789,17.59000015258789
2010-08-23,17.610000610351562,17.610000610351562
2010-08-24,17.989999771118164,17.989999771118164
2010-08-25,18.540000915527344,18.540000915527344
2010-08-26,18.59000015258789,18.59000015258789
2010-08-27,18.700000762939453,18.700000762939453
2010-08-30,18.6299991607666,18.6299991607666
2010-08-31,18.93000030517578,18.93000030517578
2010-09-01,18.959999084472656,18.959999084472656
2010-09-02,19.280000686645508,19.280000686645508
2010-09-03,19.420000076293945,19.420000076293945
2010-09-07,19.360000610351562,19.360000610351562
2010-09-08,19.5,19.5
2010-09-09,19.31999969482422,19.31999969482422
2010-09-10,19.420000076293945,19.420000076293945
2010-09-13,19.540000915527344,19.540000915527344
2010-09-14,20.049999237060547,20.049999237060547
2010-09-15,20.170000076293945,20.170000076293945
2010-09-16,20.350000381469727,20.350000381469727
2010-09-17,20.290000915527344,20.290000915527344
2010-09-20,20.290000915527344,20.290000915527344
2010-09-21,20.59000015258789,20.59000015258789
2010-09-22,20.709999084472656,20.709999084472656
2010-09-23,20.65999984741211,20.65999984741211
2010-09-24,21.010000228881836,21.010000228881836
2010-09-27,20.989999771118164,20.989999771118164
2010-09-28,21.290000915527344,21.290000915527344
2010-09-29,21.399999618530273,21.399999618530273
2010-09-30,21.309999465942383,21.309999465942383
2010-10-01,21.649999618530273,21.649999618530273
2010-10-04,21.510000228881836,21.510000228881836
2010-10-05,22.34000015258789,22.34000015258789
2010-10-06,22.690000534057617,22.690000534057617
2010-10-07,22.020000457763672,22.020000457763672
2010-10-08,22.729999542236328,22.729999542236328
2010-10-11,22.780000686645508,22.780000686645508
2010-10-12,22.84000015258789,22.84000015258789
2010-10-13,23.489999771118164,23.489999771118164
2010-10-14,24.030000686645508,24.030000686645508
2010-10-15,23.75,23.75
2010-10-18,23.959999084472656,23.959999084472656
2010-10-19,22.84000015258789,22.84000015258789
2010-10-20,23.329999923706055,23.329999923706055
2010-10-21,22.59000015258789,22.59000015258789
2010-10-22,22.760000228881836,22.760000228881836
2010-10-25,23.100000381469727,23.100000381469727
2010-10-26,23.280000686645508,23.280000686645508
2010-10-27,23.06999969482422,23.06999969482422
2010-10-28,23.43000030517578,23.43000030517578
2010-10-29,24.170000076293945,24.170000076293945
2010-11-01,24.06999969482422,24.06999969482422
2010-11-02,24.309999465942383,24.309999465942383
2010-11-03,24.25,24.25
2010-11-04,25.6299991607666,25.6299991607666
2010-11-05,26.200000762939453,26.200000762939453
2010-11-08,27.149999618530273,27.149999618530273
2010-11-09,26.18000030517578,26.18000030517578
2010-11-10,26.719999313354492,26.719999313354492
2010-11-11,27.110000610351562,27.110000610351562
2010-11-12,25.520000457763672,25.520000457763672
2010-11-15,24.93000030517578,24.93000030517578
2010-11-16,24.93000030517578,24.93000030517578
2010-11-17,25.0,25.0
2010-11-18,26.350000381469727,26.350000381469727
2010-11-19,26.739999771118164,26.739999771118164
2010-11-22,27.170000076293945,27.170000076293945
2010-11-23,26.8700008392334,26.8700008392334
2010-11-24,26.940000534057617,26.940000534057617
2010-11-26,26.1299991607666,26.1299991607666
2010-11-29,26.549999237060547,26.549999237060547
2010-11-30,27.440000534057617,27.440000534057617
2010-12-01,27.809999465942383,27.809999465942383
2010-12-02,27.93000030517578,27.93000030517578
2010-12-03,28.600000381469727,28.600000381469727
2010-12-06,29.510000228881836,29.510000228881836
2010-12-07,28.079999923706055,28.079999923706055
2010-12-08,27.700000762939453,27.700000762939453
2010-12-09,28.030000686645508,28.030000686645508
2010-12-10,27.979999542236328,27.979999542236328
2010-12-13,28.8700008392334,28.8700008392334
2010-12-14,28.809999465942383,28.809999465942383
2010-12-15,28.079999923706055,28.079999923706055
2010-12-16,28.280000686645508,28.280000686645508
2010-12-17,28.510000228881836,28.510000228881836
2010-12-20,28.709999084472656,28.709999084472656
2010-12-21,28.639999389648438,28.639999389648438
2010-12-22,28.56999969482422,28.56999969482422
2010-12-23,28.610000610351562,28.610000610351562
2010-12-27,28.59000015258789,28.59000015258789
2010-12-28,29.530000686645508,29.530000686645508
2010-12-29,29.8700008392334,29.8700008392334
2010-12-30,29.760000228881836,29.760000228881836
2010-12-31,30.18000030517578,30.18000030517578
2011-01-03,29.979999542236328,29.979999542236328
2011-01-04,29.079999923706055,29.079999923706055
2011-01-05,28.610000610351562,28.610000610351562
2011-01-06,28.420000076293945,28.420000076293945
2011-01-07,28.100000381469727,28.100000381469727
2011-01-10,28.290000915527344,28.290000915527344
2011-01-11,28.889999389648438,28.889999389648438
2011-01-12,29.0,29.0
2011-01-13,28.0,28.0
2011-01-14,27.739999771118164,27.739999771118164
2011-01-18,28.149999618530273,28.149999618530273
2011-01-19,28.079999923706055,28.079999923706055
2011-01-20,26.850000381469727,26.850000381469727
2011-01-21,26.829999923706055,26.829999923706055
2011-01-24,26.360000610351562,26.360000610351562
2011-01-25,26.229999542236328,26.229999542236328
2011-01-26,26.889999389648438,26.889999389648438
2011-01-27,26.290000915527344,26.290000915527344
2011-01-28,27.299999237060547,27.299999237060547
2011-01-31,27.389999389648438,27.389999389648438
2011-02-01,27.8700008392334,27.8700008392334
2011-02-02,27.690000534057617,27.690000534057617
2011-02-03,28.290000915527344,28.290000915527344
2011-02-04,28.399999618530273,28.399999618530273
2011-02-07,28.65999984741211,28.65999984741211
2011-02-08,29.639999389648438,29.639999389648438
2011-02-09,29.520000457763672,29.520000457763672
2011-02-10,29.459999084472656,29.459999084472656
2011-02-11,29.209999084472656,29.209999084472656
2011-02-14,29.959999084472656,29.959999084472656
2011-02-15,30.0,30.0
2011-02-16,29.959999084472656,29.959999084472656
2011-02-17,31.030000686645508,31.030000686645508
2011-02-18,31.790000915527344,31.790000915527344
2011-02-22,32.2599983215332,32.2599983215332
2011-02-23,32.709999084472656,32.709999084472656
2011-02-24,31.200000762939453,31.200000762939453
2011-02-25,32.560001373291016,32.560001373291016
2011-02-28,33.11000061035156,33.11000061035156
2011-03-01,33.869998931884766,33.869998931884766
2011-03-02,33.84000015258789,33.84000015258789
2011-03-03,33.41999816894531,33.41999816894531
2011-03-04,34.689998626708984,34.689998626708984
2011-03-07,35.22999954223633,35.22999954223633
2011-03-08,35.18000030517578,35.18000030517578
2011-03-09,35.27000045776367,35.27000045776367
2011-03-10,34.36000061035156,34.36000061035156
2011-03-11,35.029998779296875,35.029998779296875
2011-03-14,35.0099983215332,35.0099983215332
2011-03-15,33.61000061035156,33.61000061035156
2011-03-16,33.369998931884766,33.369998931884766
2011-03-17,33.5099983215332,33.5099983215332
2011-03-18,34.27000045776367,34.27000045776367
2011-03-21,35.29999923706055,35.29999923706055
2011-03-22,35.540000915527344,35.540000915527344
2011-03-23,36.470001220703125,36.470001220703125
2011-03-24,36.119998931884766,36.119998931884766
2011-03-25,36.38999938964844,36.38999938964844
2011-03-28,36.189998626708984,36.189998626708984
2011-03-29,36.16999816894531,36.16999816894531
2011-03-30,36.529998779296875,36.529998779296875
2011-03-31,36.77000045776367,36.77000045776367
2011-04-01,36.86000061035156,36.86000061035156
2011-04-04,37.58000183105469,37.58000183105469
2011-04-05,38.34000015258789,38.34000015258789
2011-04-06,38.619998931884766,38.619998931884766
2011-04-07,38.72999954223633,38.72999954223633
2011-04-08,39.86000061035156,39.86000061035156
2011-04-11,39.209999084472656,39.209999084472656
2011-04-12,39.09000015258789,39.09000015258789
2011-04-13,39.56999969482422,39.56999969482422
2011-04-14,41.06999969482422,41.06999969482422
2011-04-15,41.84000015258789,41.84000015258789
2011-04-18,42.41999816894531,42.41999816894531
2011-04-19,43.0,43.0
2011-04-20,44.119998931884766,44.119998931884766
2011-04-21,45.540000915527344,45.540000915527344
2011-04-25,45.83000183105469,45.83000183105469
2011-04-26,44.029998779296875,44.029998779296875
2011-04-27,47.0,47.0
2011-04-28,47.2599983215332,47.2599983215332
2011-04-29,46.880001068115234,46.880001068115234
2011-05-02,42.83000183105469,42.83000183105469
2011-05-03,40.58000183105469,40.58000183105469
2011-05-04,38.27000045776367,38.27000045776367
2011-05-05,33.720001220703125,33.720001220703125
2011-05-06,34.47999954223633,34.47999954223633
2011-05-09,36.97999954223633,36.97999954223633
2011-05-10,37.52000045776367,37.52000045776367
2011-05-11,34.38999938964844,34.38999938964844
2011-05-12,33.31999969482422,33.31999969482422
2011-05-13,34.38999938964844,34.38999938964844
2011-05-16,32.849998474121094,32.849998474121094
2011-05-17,33.09000015258789,33.09000015258789
2011-05-18,34.22999954223633,34.22999954223633
2011-05-19,34.2599983215332,34.2599983215332
2011-05-20,34.18000030517578,34.18000030517578
2011-05-23,34.27000045776367,34.27000045776367
2011-05-24,35.77000045776367,35.77000045776367
2011-05-25,36.91999816894531,36.91999816894531
2011-05-26,36.5099983215332,36.5099983215332
2011-05-27,37.029998779296875,37.029998779296875
2011-05-31,37.599998474121094,37.599998474121094
2011-06-01,35.75,35.75
2011-06-02,35.290000915527344,35.290000915527344
2011-06-03,35.34000015258789,35.34000015258789
2011-06-06,35.709999084472656,35.709999084472656
2011-06-07,36.119998931884766,36.119998931884766
2011-06-08,36.029998779296875,36.029998779296875
2011-06-09,36.66999816894531,36.66999816894531
2011-06-10,35.25,35.25
2011-06-13,33.869998931884766,33.869998931884766
2011-06-14,34.66999816894531,34.66999816894531
2011-06-15,34.880001068115234,34.880001068115234
2011-06-16,34.650001525878906,34.650001525878906
2011-06-17,34.95000076293945,34.95000076293945
2011-06-20,35.09000015258789,35.09000015258789
2011-06-21,35.5099983215332,35.5099983215332
2011-06-22,35.5,35.5
2011-06-23,34.369998931884766,34.369998931884766
2011-06-24,33.36000061035156,33.36000061035156
2011-06-27,32.630001068115234,32.630001068115234
2011-06-28,33.0,33.0
2011-06-29,34.0099983215332,34.0099983215332
2011-06-30,33.84000015258789,33.84000015258789
2011-07-01,33.0,33.0
2011-07-05,34.630001068115234,34.630001068115234
2011-07-06,35.099998474121094,35.099998474121094
2011-07-07,35.5,35.5
2011-07-08,35.75,35.75
2011-07-11,34.900001525878906,34.900001525878906
2011-07-12,35.20000076293945,35.20000076293945
2011-07-13,37.22999954223633,37.22999954223633
2011-07-14,37.40999984741211,37.40999984741211
2011-07-15,38.2400016784668,38.2400016784668
2011-07-18,39.470001220703125,39.470001220703125
2011-07-19,38.0099983215332,38.0099983215332
2011-07-20,39.119998931884766,39.119998931884766
2011-07-21,38.310001373291016,38.310001373291016
2011-07-22,39.06999969482422,39.06999969482422
2011-07-25,39.310001373291016,39.310001373291016
2011-07-26,39.88999938964844,39.88999938964844
2011-07-27,39.16999816894531,39.16999816894531
2011-07-28,38.7599983215332,38.7599983215332
2011-07-29,38.849998474121094,38.849998474121094
2011-08-01,38.290000915527344,38.290000915527344
2011-08-02,39.81999969482422,39.81999969482422
2011-08-03,40.54999923706055,40.54999923706055
2011-08-04,37.61000061035156,37.61000061035156
2011-08-05,37.31999969482422,37.31999969482422
2011-08-08,37.970001220703125,37.970001220703125
2011-08-09,36.31999969482422,36.31999969482422
2011-08-10,38.439998626708984,38.439998626708984
2011-08-11,37.79999923706055,37.79999923706055
2011-08-12,38.119998931884766,38.119998931884766
2011-08-15,38.66999816894531,38.66999816894531
2011-08-16,39.029998779296875,39.029998779296875
2011-08-17,39.33000183105469,39.33000183105469
2011-08-18,39.65999984741211,39.65999984741211
2011-08-19,41.68000030517578,41.68000030517578
2011-08-22,42.630001068115234,42.630001068115234
2011-08-23,40.630001068115234,40.630001068115234
2011-08-24,38.83000183105469,38.83000183105469
2011-08-25,40.0,40.0
2011-08-26,40.40999984741211,40.40999984741211
2011-08-29,39.720001220703125,39.720001220703125
2011-08-30,40.400001525878906,40.400001525878906
2011-08-31,40.45000076293945,40.45000076293945
2011-09-01,40.52000045776367,40.52000045776367
2011-09-02,42.18000030517578,42.18000030517578
2011-09-06,41.04999923706055,41.04999923706055
2011-09-07,40.529998779296875,40.529998779296875
2011-09-08,41.220001220703125,41.220001220703125
2011-09-09,40.52000045776367,40.52000045776367
2011-09-12,39.13999938964844,39.13999938964844
2011-09-13,39.869998931884766,39.869998931884766
2011-09-14,39.599998474121094,39.599998474121094
2011-09-15,38.790000915527344,38.790000915527344
2011-09-16,39.38999938964844,39.38999938964844
2011-09-19,38.650001525878906,38.650001525878906
2011-09-20,38.83000183105469,38.83000183105469
2011-09-21,38.560001373291016,38.560001373291016
2011-09-22,34.91999816894531,34.91999816894531
2011-09-23,29.979999542236328,29.979999542236328
2011-09-26,29.770000457763672,29.770000457763672
2011-09-27,31.170000076293945,31.170000076293945
2011-09-28,28.8700008392334,28.8700008392334
2011-09-29,29.959999084472656,29.959999084472656
2011-09-30,28.90999984741211,28.90999984741211
2011-10-03,29.489999771118164,29.489999771118164
2011-10-04,29.09000015258789,29.09000015258789
2011-10-05,29.65999984741211,29.65999984741211
2011-10-06,31.200000762939453,31.200000762939453
2011-10-07,30.229999542236328,30.229999542236328
2011-10-10,31.260000228881836,31.260000228881836
2011-10-11,31.3799991607666,31.3799991607666
2011-10-12,31.770000457763672,31.770000457763672
2011-10-13,30.940000534057617,30.940000534057617
2011-10-14,31.34000015258789,31.34000015258789
2011-10-17,31.040000915527344,31.040000915527344
2011-10-18,31.329999923706055,31.329999923706055
2011-10-19,30.229999542236328,30.229999542236328
2011-10-20,29.729999542236328,29.729999542236328
2011-10-21,30.479999542236328,30.479999542236328
2011-10-24,30.8700008392334,30.8700008392334
2011-10-25,32.43000030517578,32.43000030517578
2011-10-26,32.5,32.5
2011-10-27,34.099998474121094,34.099998474121094
2011-10-28,34.27000045776367,34.27000045776367
2011-10-31,33.439998626708984,33.439998626708984
2011-11-01,32.33000183105469,32.33000183105469
2011-11-02,33.25,33.25
2011-11-03,33.619998931884766,33.619998931884766
2011-11-04,33.20000076293945,33.20000076293945
2011-11-07,34.08000183105469,34.08000183105469
2011-11-08,34.0,34.0
2011-11-09,33.099998474121094,33.099998474121094
2011-11-10,33.13999938964844,33.13999938964844
2011-11-11,33.7400016784668,33.7400016784668
2011-11-14,33.33000183105469,33.33000183105469
2011-11-15,33.65999984741211,33.65999984741211
2011-11-16,32.81999969482422,32.81999969482422
2011-11-17,30.639999389648438,30.639999389648438
2011-11-18,31.399999618530273,31.399999618530273
2011-11-21,30.760000228881836,30.760000228881836
2011-11-22,31.889999389648438,31.889999389648438
2011-11-23,30.93000030517578,30.93000030517578
2011-11-25,30.200000762939453,30.200000762939453
2011-11-28,31.270000457763672,31.270000457763672
2011-11-29,31.030000686645508,31.030000686645508
2011-11-30,32.0,32.0
2011-12-01,31.860000610351562,31.860000610351562
2011-12-02,31.649999618530273,31.649999618530273
2011-12-05,31.049999237060547,31.049999237060547
2011-12-06,31.93000030517578,31.93000030517578
2011-12-07,31.610000610351562,31.610000610351562
2011-12-08,30.700000762939453,30.700000762939453
2011-12-09,31.329999923706055,31.329999923706055
2011-12-12,30.489999771118164,30.489999771118164
2011-12-13,29.81999969482422,29.81999969482422
2011-12-14,28.06999969482422,28.06999969482422
2011-12-15,28.219999313354492,28.219999313354492
2011-12-16,28.850000381469727,28.850000381469727
2011-12-19,27.959999084472656,27.959999084472656
2011-12-20,28.770000457763672,28.770000457763672
2011-12-21,28.600000381469727,28.600000381469727
2011-12-22,28.360000610351562,28.360000610351562
2011-12-23,28.280000686645508,28.280000686645508
2011-12-27,27.8700008392334,27.8700008392334
2011-12-28,26.270000457763672,26.270000457763672
2011-12-29,27.06999969482422,27.06999969482422
2011-12-30,26.940000534057617,26.940000534057617
2012-01-03,28.829999923706055,28.829999923706055
2012-01-04,28.389999389648438,28.389999389648438
2012-01-05,28.510000228881836,28.510000228881836
2012-01-06,27.90999984741211,27.90999984741211
2012-01-09,28.1299991607666,28.1299991607666
2012-01-10,29.049999237060547,29.049999237060547
2012-01-11,29.139999389648438,29.139999389648438
2012-01-12,29.309999465942383,29.309999465942383
2012-01-13,28.81999969482422,28.81999969482422
2012-01-17,29.190000534057617,29.190000534057617
2012-01-18,29.649999618530273,29.649999618530273
2012-01-19,29.739999771118164,29.739999771118164
2012-01-20,31.219999313354492,31.219999313354492
2012-01-23,31.389999389648438,31.389999389648438
2012-01-24,31.079999923706055,31.079999923706055
2012-01-25,32.369998931884766,32.369998931884766
2012-01-26,32.43000030517578,32.43000030517578
2012-01-27,32.959999084472656,32.959999084472656
2012-01-30,32.529998779296875,32.529998779296875
2012-01-31,32.279998779296875,32.279998779296875
2012-02-01,32.77000045776367,32.77000045776367
2012-02-02,33.36000061035156,33.36000061035156
2012-02-03,32.689998626708984,32.689998626708984
2012-02-06,32.68000030517578,32.68000030517578
2012-02-07,33.2599983215332,33.2599983215332
2012-02-08,33.040000915527344,33.040000915527344
2012-02-09,32.900001525878906,32.900001525878906
2012-02-10,32.5099983215332,32.5099983215332
2012-02-13,32.75,32.75
2012-02-14,32.540000915527344,32.540000915527344
2012-02-15,32.45000076293945,32.45000076293945
2012-02-16,32.56999969482422,32.56999969482422
2012-02-17,32.279998779296875,32.279998779296875
2012-02-21,33.380001068115234,33.380001068115234
2012-02-22,33.439998626708984,33.439998626708984
2012-02-23,34.400001525878906,34.400001525878906
2012-02-24,34.369998931884766,34.369998931884766
2012-02-27,34.36000061035156,34.36000061035156
2012-02-28,35.83000183105469,35.83000183105469
2012-02-29,33.54999923706055,33.54999923706055
2012-03-01,34.439998626708984,34.439998626708984
2012-03-02,33.7599983215332,33.7599983215332
2012-03-05,33.029998779296875,33.029998779296875
2012-03-06,32.0099983215332,32.0099983215332
2012-03-07,32.40999984741211,32.40999984741211
2012-03-08,32.849998474121094,32.849998474121094
2012-03-09,33.220001220703125,33.220001220703125
2012-03-12,32.630001068115234,32.630001068115234
2012-03-13,32.2599983215332,32.2599983215332
2012-03-14,31.270000457763672,31.270000457763672
2012-03-15,31.530000686645508,31.530000686645508
2012-03-16,31.59000015258789,31.59000015258789
2012-03-19,31.979999542236328,31.979999542236328
2012-03-20,31.149999618530273,31.149999618530273
2012-03-21,31.209999084472656,31.209999084472656
2012-03-22,30.540000915527344,30.540000915527344
2012-03-23,31.239999771118164,31.239999771118164
2012-03-26,31.940000534057617,31.940000534057617
2012-03-27,31.59000015258789,31.59000015258789
2012-03-28,31.149999618530273,31.149999618530273
2012-03-29,31.350000381469727,31.350000381469727
2012-03-30,31.3799991607666,31.3799991607666
2012-04-02,32.04999923706055,32.04999923706055
2012-04-03,31.649999618530273,31.649999618530273
2012-04-04,30.329999923706055,30.329999923706055
2012-04-05,30.719999313354492,30.719999313354492
2012-04-09,30.59000015258789,30.59000015258789
2012-04-10,30.790000915527344,30.790000915527344
2012-04-11,30.649999618530273,30.649999618530273
2012-04-12,31.420000076293945,31.420000076293945
2012-04-13,30.549999237060547,30.549999237060547
2012-04-16,30.559999465942383,30.559999465942383
2012-04-17,30.799999237060547,30.799999237060547
2012-04-18,30.639999389648438,30.639999389648438
2012-04-19,30.799999237060547,30.799999237060547
2012-04-20,30.75,30.75
2012-04-23,29.969999313354492,29.969999313354492
2012-04-24,29.93000030517578,29.93000030517578
2012-04-25,29.860000610351562,29.860000610351562
2012-04-26,30.18000030517578,30.18000030517578
2012-04-27,30.3700008392334,30.3700008392334
2012-04-30,30.110000610351562,30.110000610351562
2012-05-01,30.059999465942383,30.059999465942383
2012-05-02,29.780000686645508,29.780000686645508
2012-05-03,29.290000915527344,29.290000915527344
2012-05-04,29.40999984741211,29.40999984741211
2012-05-07,29.209999084472656,29.209999084472656
2012-05-08,28.649999618530273,28.649999618530273
2012-05-09,28.3799991607666,28.3799991607666
2012-05-10,28.25,28.25
2012-05-11,28.079999923706055,28.079999923706055
2012-05-14,27.420000076293945,27.420000076293945
2012-05-15,26.860000610351562,26.860000610351562
2012-05-16,26.3700008392334,26.3700008392334
2012-05-17,27.239999771118164,27.239999771118164
2012-05-18,27.790000915527344,27.790000915527344
2012-05-21,27.68000030517578,27.68000030517578
2012-05-22,27.34000015258789,27.34000015258789
2012-05-23,27.049999237060547,27.049999237060547
2012-05-24,27.440000534057617,27.440000534057617
2012-05-25,27.6200008392334,27.6200008392334
2012-05-29,27.100000381469727,27.100000381469727
2012-05-30,27.1200008392334,27.1200008392334
2012-05-31,26.959999084472656,26.959999084472656
2012-06-01,27.6200008392334,27.6200008392334
2012-06-04,27.459999084472656,27.459999084472656
2012-06-05,27.719999313354492,27.719999313354492
2012-06-06,28.510000228881836,28.510000228881836
2012-06-07,27.790000915527344,27.790000915527344
2012-06-08,27.75,27.75
2012-06-11,27.790000915527344,27.790000915527344
2012-06-12,28.1200008392334,28.1200008392334
2012-06-13,28.010000228881836,28.010000228881836
2012-06-14,27.81999969482422,27.81999969482422
2012-06-15,27.809999465942383,27.809999465942383
2012-06-18,27.8700008392334,27.8700008392334
2012-06-19,27.639999389648438,27.639999389648438
2012-06-20,27.260000228881836,27.260000228881836
2012-06-21,26.1200008392334,26.1200008392334
2012-06-22,26.149999618530273,26.149999618530273
2012-06-25,26.709999084472656,26.709999084472656
2012-06-26,26.299999237060547,26.299999237060547
2012-06-27,26.1299991607666,26.1299991607666
2012-06-28,25.6299991607666,25.6299991607666
2012-06-29,26.649999618530273,26.649999618530273
2012-07-02,26.729999542236328,26.729999542236328
2012-07-03,27.489999771118164,27.489999771118164
2012-07-05,26.8799991607666,26.8799991607666
2012-07-06,26.299999237060547,26.299999237060547
2012-07-09,26.540000915527344,26.540000915527344
2012-07-10,26.059999465942383,26.059999465942383
2012-07-11,26.25,26.25
2012-07-12,26.350000381469727,26.350000381469727
2012-07-13,26.440000534057617,26.440000534057617
2012-07-16,26.489999771118164,26.489999771118164
2012-07-17,26.469999313354492,26.469999313354492
2012-07-18,26.420000076293945,26.420000076293945
2012-07-19,26.420000076293945,26.420000076293945
2012-07-20,26.479999542236328,26.479999542236328
2012-07-23,26.209999084472656,26.209999084472656
2012-07-24,26.219999313354492,26.219999313354492
2012-07-25,26.530000686645508,26.530000686645508
2012-07-26,26.709999084472656,26.709999084472656
2012-07-27,26.959999084472656,26.959999084472656
2012-07-30,27.360000610351562,27.360000610351562
2012-07-31,27.1200008392334,27.1200008392334
2012-08-01,26.540000915527344,26.540000915527344
2012-08-02,26.309999465942383,26.309999465942383
2012-08-03,26.959999084472656,26.959999084472656
2012-08-06,27.110000610351562,27.110000610351562
2012-08-07,27.270000457763672,27.270000457763672
2012-08-08,27.209999084472656,27.209999084472656
2012-08-09,27.290000915527344,27.290000915527344
2012-08-10,27.260000228881836,27.260000228881836
2012-08-13,26.920000076293945,26.920000076293945
2012-08-14,26.959999084472656,26.959999084472656
2012-08-15,26.969999313354492,26.969999313354492
2012-08-16,27.3700008392334,27.3700008392334
2012-08-17,27.229999542236328,27.229999542236328
2012-08-20,27.950000762939453,27.950000762939453
2012-08-21,28.3700008392334,28.3700008392334
2012-08-22,28.920000076293945,28.920000076293945
2012-08-23,29.600000381469727,29.600000381469727
2012-08-24,29.739999771118164,29.739999771118164
2012-08-27,29.739999771118164,29.739999771118164
2012-08-28,29.93000030517578,29.93000030517578
2012-08-29,29.75,29.75
2012-08-30,29.440000534057617,29.440000534057617
2012-08-31,30.790000915527344,30.790000915527344
2012-09-04,31.360000610351562,31.360000610351562
2012-09-05,31.270000457763672,31.270000457763672
2012-09-06,31.670000076293945,31.670000076293945
2012-09-07,32.63999938964844,32.63999938964844
2012-09-10,32.290000915527344,32.290000915527344
2012-09-11,32.40999984741211,32.40999984741211
2012-09-12,32.209999084472656,32.209999084472656
2012-09-13,33.61000061035156,33.61000061035156
2012-09-14,33.599998474121094,33.599998474121094
2012-09-17,32.9900016784668,32.9900016784668
2012-09-18,33.709999084472656,33.709999084472656
2012-09-19,33.56999969482422,33.56999969482422
2012-09-20,33.58000183105469,33.58000183105469
2012-09-21,33.47999954223633,33.47999954223633
2012-09-24,32.93000030517578,32.93000030517578
2012-09-25,32.68000030517578,32.68000030517578
2012-09-26,32.869998931884766,32.869998931884766
2012-09-27,33.58000183105469,33.58000183105469
2012-09-28,33.47999954223633,33.47999954223633
2012-10-01,33.650001525878906,33.650001525878906
2012-10-02,33.5,33.5
2012-10-03,33.5099983215332,33.5099983215332
2012-10-04,33.93000030517578,33.93000030517578
2012-10-05,33.45000076293945,33.45000076293945
2012-10-08,32.970001220703125,32.970001220703125
2012-10-09,32.83000183105469,32.83000183105469
2012-10-10,32.95000076293945,32.95000076293945
2012-10-11,32.900001525878906,32.900001525878906
2012-10-12,32.45000076293945,32.45000076293945
2012-10-15,31.65999984741211,31.65999984741211
2012-10-16,31.93000030517578,31.93000030517578
2012-10-17,32.119998931884766,32.119998931884766
2012-10-18,31.729999542236328,31.729999542236328
2012-10-19,31.100000381469727,31.100000381469727
2012-10-22,31.389999389648438,31.389999389648438
2012-10-23,30.68000030517578,30.68000030517578
2012-10-24,30.709999084472656,30.709999084472656
2012-10-25,31.1200008392334,31.1200008392334
2012-10-26,31.079999923706055,31.079999923706055
2012-10-31,31.270000457763672,31.270000457763672
2012-11-01,31.219999313354492,31.219999313354492
2012-11-02,29.950000762939453,29.950000762939453
2012-11-05,30.170000076293945,30.170000076293945
2012-11-06,31.010000228881836,31.010000228881836
2012-11-07,30.829999923706055,30.829999923706055
2012-11-08,31.3799991607666,31.3799991607666
2012-11-09,31.540000915527344,31.540000915527344
2012-11-12,31.3700008392334,31.3700008392334
2012-11-13,31.399999618530273,31.399999618530273
2012-11-14,31.639999389648438,31.639999389648438
2012-11-15,31.530000686645508,31.530000686645508
2012-11-16,31.209999084472656,31.209999084472656
2012-11-19,32.04999923706055,32.04999923706055
2012-11-20,32.11000061035156,32.11000061035156
2012-11-21,32.290000915527344,32.290000915527344
2012-11-23,32.97999954223633,32.97999954223633
2012-11-26,33.02000045776367,33.02000045776367
2012-11-27,32.93000030517578,32.93000030517578
2012-11-28,32.619998931884766,32.619998931884766
2012-11-29,33.130001068115234,33.130001068115234
2012-11-30,32.36000061035156,32.36000061035156
2012-12-03,32.52000045776367,32.52000045776367
2012-12-04,31.899999618530273,31.899999618530273
2012-12-05,31.81999969482422,31.81999969482422
2012-12-06,31.93000030517578,31.93000030517578
2012-12-07,32.029998779296875,32.029998779296875
2012-12-10,32.13999938964844,32.13999938964844
2012-12-11,31.90999984741211,31.90999984741211
2012-12-12,32.369998931884766,32.369998931884766
2012-12-13,31.530000686645508,31.530000686645508
2012-12-14,31.170000076293945,31.170000076293945
2012-12-17,31.200000762939453,31.200000762939453
2012-12-18,30.649999618530273,30.649999618530273
2012-12-19,30.110000610351562,30.110000610351562
2012-12-20,29.0,29.0
2012-12-21,29.0,29.0
2012-12-24,28.940000534057617,28.940000534057617
2012-12-26,29.010000228881836,29.010000228881836
2012-12-27,29.239999771118164,29.239999771118164
2012-12-28,29.100000381469727,29.100000381469727
2012-12-31,29.3700008392334,29.3700008392334
2013-01-02,29.920000076293945,29.920000076293945
2013-01-03,29.18000030517578,29.18000030517578
2013-01-04,29.239999771118164,29.239999771118164
2013-01-07,29.18000030517578,29.18000030517578
2013-01-08,29.3799991607666,29.3799991607666
2013-01-09,29.350000381469727,29.350000381469727
2013-01-10,29.780000686645508,29.780000686645508
2013-01-11,29.479999542236328,29.479999542236328
2013-01-14,30.040000915527344,30.040000915527344
2013-01-15,30.360000610351562,30.360000610351562
2013-01-16,30.450000762939453,30.450000762939453
2013-01-17,30.670000076293945,30.670000076293945
2013-01-18,30.809999465942383,30.809999465942383
2013-01-22,31.1200008392334,31.1200008392334
2013-01-23,31.190000534057617,31.190000534057617
2013-01-24,30.649999618530273,30.649999618530273
2013-01-25,30.209999084472656,30.209999084472656
2013-01-28,29.850000381469727,29.850000381469727
2013-01-29,30.31999969482422,30.31999969482422
2013-01-30,30.920000076293945,30.920000076293945
2013-01-31,30.440000534057617,30.440000534057617
2013-02-01,30.780000686645508,30.780000686645508
2013-02-04,30.690000534057617,30.690000534057617
2013-02-05,30.760000228881836,30.760000228881836
2013-02-06,30.809999465942383,30.809999465942383
2013-02-07,30.459999084472656,30.459999084472656
2013-02-08,30.43000030517578,30.43000030517578
2013-02-11,30.0,30.0
2013-02-12,30.09000015258789,30.09000015258789
2013-02-13,29.770000457763672,29.770000457763672
2013-02-14,29.459999084472656,29.459999084472656
2013-02-15,28.829999923706055,28.829999923706055
2013-02-19,28.450000762939453,28.450000762939453
2013-02-20,27.59000015258789,27.59000015258789
2013-02-21,27.729999542236328,27.729999542236328
2013-02-22,27.829999923706055,27.829999923706055
2013-02-25,28.06999969482422,28.06999969482422
2013-02-26,28.40999984741211,28.40999984741211
2013-02-27,28.010000228881836,28.010000228881836
2013-02-28,27.540000915527344,27.540000915527344
2013-03-01,27.6200008392334,27.6200008392334
2013-03-04,27.600000381469727,27.600000381469727
2013-03-05,27.75,27.75
2013-03-06,28.100000381469727,28.100000381469727
2013-03-07,27.90999984741211,27.90999984741211
2013-03-08,28.010000228881836,28.010000228881836
2013-03-11,28.020000457763672,28.020000457763672
2013-03-12,28.200000762939453,28.200000762939453
2013-03-13,27.940000534057617,27.940000534057617
2013-03-14,27.799999237060547,27.799999237060547
2013-03-15,27.799999237060547,27.799999237060547
2013-03-18,27.950000762939453,27.950000762939453
2013-03-19,27.93000030517578,27.93000030517578
2013-03-20,27.809999465942383,27.809999465942383
2013-03-21,28.18000030517578,28.18000030517578
2013-03-22,27.75,27.75
2013-03-25,27.84000015258789,27.84000015258789
2013-03-26,27.75,27.75
2013-03-27,27.729999542236328,27.729999542236328
2013-03-28,27.420000076293945,27.420000076293945
2013-04-01,27.09000015258789,27.09000015258789
2013-04-02,26.350000381469727,26.350000381469727
2013-04-03,26.09000015258789,26.09000015258789
2013-04-04,25.989999771118164,25.989999771118164
2013-04-05,26.389999389648438,26.389999389648438
2013-04-08,26.31999969482422,26.31999969482422
2013-04-09,27.030000686645508,27.030000686645508
2013-04-10,26.68000030517578,26.68000030517578
2013-04-11,26.700000762939453,26.700000762939453
2013-04-12,25.280000686645508,25.280000686645508
2013-04-15,22.09000015258789,22.09000015258789
2013-04-16,22.670000076293945,22.670000076293945
2013-04-17,22.440000534057617,22.440000534057617
2013-04-18,22.399999618530273,22.399999618530273
2013-04-19,22.399999618530273,22.399999618530273
2013-04-22,22.6200008392334,22.6200008392334
2013-04-23,22.18000030517578,22.18000030517578
2013-04-24,22.420000076293945,22.420000076293945
2013-04-25,23.489999771118164,23.489999771118164
2013-04-26,23.100000381469727,23.100000381469727
2013-04-29,23.540000915527344,23.540000915527344
2013-04-30,23.459999084472656,23.459999084472656
2013-05-01,22.860000610351562,22.860000610351562
2013-05-02,23.020000457763672,23.020000457763672
2013-05-03,23.290000915527344,23.290000915527344
2013-05-06,23.18000030517578,23.18000030517578
2013-05-07,23.100000381469727,23.100000381469727
2013-05-08,23.1200008392334,23.1200008392334
2013-05-09,22.889999389648438,22.889999389648438
2013-05-10,22.979999542236328,22.979999542236328
2013-05-13,22.829999923706055,22.829999923706055
2013-05-14,22.56999969482422,22.56999969482422
2013-05-15,21.760000228881836,21.760000228881836
2013-05-16,21.950000762939453,21.950000762939453
2013-05-17,21.399999618530273,21.399999618530273
2013-05-20,22.280000686645508,22.280000686645508
2013-05-21,21.6200008392334,21.6200008392334
2013-05-22,21.510000228881836,21.510000228881836
2013-05-23,21.8799991607666,21.8799991607666
2013-05-24,21.610000610351562,21.610000610351562
2013-05-28,21.530000686645508,21.530000686645508
2013-05-29,21.709999084472656,21.709999084472656
2013-05-30,21.979999542236328,21.979999542236328
2013-05-31,21.440000534057617,21.440000534057617
2013-06-03,21.979999542236328,21.979999542236328
2013-06-04,21.770000457763672,21.770000457763672
2013-06-05,21.780000686645508,21.780000686645508
2013-06-06,21.93000030517578,21.93000030517578
2013-06-07,20.860000610351562,20.860000610351562
2013-06-10,21.15999984741211,21.15999984741211
2013-06-11,20.90999984741211,20.90999984741211
2013-06-12,21.020000457763672,21.020000457763672
2013-06-13,21.040000915527344,21.040000915527344
2013-06-14,21.329999923706055,21.329999923706055
2013-06-17,21.100000381469727,21.100000381469727
2013-06-18,20.8799991607666,20.8799991607666
2013-06-19,20.600000381469727,20.600000381469727
2013-06-20,18.969999313354492,18.969999313354492
2013-06-21,19.389999389648438,19.389999389648438
2013-06-24,18.969999313354492,18.969999313354492
2013-06-25,18.90999984741211,18.90999984741211
2013-06-26,17.889999389648438,17.889999389648438
2013-06-27,17.889999389648438,17.889999389648438
2013-06-28,18.969999313354492,18.969999313354492
2013-07-01,18.93000030517578,18.93000030517578
2013-07-02,18.68000030517578,18.68000030517578
2013-07-03,19.020000457763672,19.020000457763672
2013-07-05,18.209999084472656,18.209999084472656
2013-07-08,18.420000076293945,18.420000076293945
2013-07-09,18.56999969482422,18.56999969482422
2013-07-10,18.479999542236328,18.479999542236328
2013-07-11,19.489999771118164,19.489999771118164
2013-07-12,19.209999084472656,19.209999084472656
2013-07-15,19.280000686645508,19.280000686645508
2013-07-16,19.329999923706055,19.329999923706055
2013-07-17,18.65999984741211,18.65999984741211
2013-07-18,18.719999313354492,18.719999313354492
2013-07-19,18.8799991607666,18.8799991607666
2013-07-22,19.770000457763672,19.770000457763672
2013-07-23,19.770000457763672,19.770000457763672
2013-07-24,19.469999313354492,19.469999313354492
2013-07-25,19.5,19.5
2013-07-26,19.31999969482422,19.31999969482422
2013-07-29,19.139999389648438,19.139999389648438
2013-07-30,19.030000686645508,19.030000686645508
2013-07-31,19.139999389648438,19.139999389648438
2013-08-01,18.969999313354492,18.969999313354492
2013-08-02,19.1200008392334,19.1200008392334
2013-08-05,19.010000228881836,19.010000228881836
2013-08-06,18.829999923706055,18.829999923706055
2013-08-07,18.829999923706055,18.829999923706055
2013-08-08,19.600000381469727,19.600000381469727
2013-08-09,19.760000228881836,19.760000228881836
2013-08-12,20.6200008392334,20.6200008392334
2013-08-13,20.709999084472656,20.709999084472656
2013-08-14,21.09000015258789,21.09000015258789
2013-08-15,22.149999618530273,22.149999618530273
2013-08-16,22.34000015258789,22.34000015258789
2013-08-19,22.34000015258789,22.34000015258789
2013-08-20,22.190000534057617,22.190000534057617
2013-08-21,22.139999389648438,22.139999389648438
2013-08-22,22.270000457763672,22.270000457763672
2013-08-23,23.149999618530273,23.149999618530273
2013-08-26,23.459999084472656,23.459999084472656
2013-08-27,23.59000015258789,23.59000015258789
2013-08-28,23.43000030517578,23.43000030517578
2013-08-29,23.0,23.0
2013-08-30,22.600000381469727,22.600000381469727
2013-09-03,23.389999389648438,23.389999389648438
2013-09-04,22.690000534057617,22.690000534057617
2013-09-05,22.3799991607666,22.3799991607666
2013-09-06,22.969999313354492,22.969999313354492
2013-09-09,22.84000015258789,22.84000015258789
2013-09-10,22.1299991607666,22.1299991607666
2013-09-11,22.290000915527344,22.290000915527344
2013-09-12,21.059999465942383,21.059999465942383
2013-09-13,21.420000076293945,21.420000076293945
2013-09-16,20.940000534057617,20.940000534057617
2013-09-17,20.959999084472656,20.959999084472656
2013-09-18,22.309999465942383,22.309999465942383
2013-09-19,22.200000762939453,22.200000762939453
2013-09-20,21.0,21.0
2013-09-23,20.780000686645508,20.780000686645508
2013-09-24,20.889999389648438,20.889999389648438
2013-09-25,20.979999542236328,20.979999542236328
2013-09-26,20.920000076293945,20.920000076293945
2013-09-27,20.959999084472656,20.959999084472656
2013-09-30,20.899999618530273,20.899999618530273
2013-10-01,20.40999984741211,20.40999984741211
2013-10-02,20.920000076293945,20.920000076293945
2013-10-03,20.920000076293945,20.920000076293945
2013-10-04,20.93000030517578,20.93000030517578
2013-10-07,21.530000686645508,21.530000686645508
2013-10-08,21.489999771118164,21.489999771118164
2013-10-09,21.049999237060547,21.049999237060547
2013-10-10,20.829999923706055,20.829999923706055
2013-10-11,20.520000457763672,20.520000457763672
2013-10-14,20.5,20.5
2013-10-15,20.559999465942383,20.559999465942383
2013-10-16,20.5,20.5
2013-10-17,21.049999237060547,21.049999237060547
2013-10-18,21.110000610351562,21.110000610351562
2013-10-21,21.40999984741211,21.40999984741211
2013-10-22,21.8700008392334,21.8700008392334
2013-10-23,21.75,21.75
2013-10-24,21.8700008392334,21.8700008392334
2013-10-25,21.709999084472656,21.709999084472656
2013-10-28,21.68000030517578,21.68000030517578
2013-10-29,21.690000534057617,21.690000534057617
2013-10-30,21.8799991607666,21.8799991607666
2013-10-31,21.100000381469727,21.100000381469727
2013-11-01,21.079999923706055,21.079999923706055
2013-11-04,20.850000381469727,20.850000381469727
2013-11-05,20.899999618530273,20.899999618530273
2013-11-06,21.0,21.0
2013-11-07,20.829999923706055,20.829999923706055
2013-11-08,20.690000534057617,20.690000534057617
2013-11-11,20.600000381469727,20.600000381469727
2013-11-12,20.0,20.0
2013-11-13,19.780000686645508,19.780000686645508
2013-11-14,20.049999237060547,20.049999237060547
2013-11-15,20.0,20.0
2013-11-18,19.670000076293945,19.670000076293945
2013-11-19,19.610000610351562,19.610000610351562
2013-11-20,19.139999389648438,19.139999389648438
2013-11-21,19.239999771118164,19.239999771118164
2013-11-22,19.1299991607666,19.1299991607666
2013-11-25,19.270000457763672,19.270000457763672
2013-11-26,19.1299991607666,19.1299991607666
2013-11-27,18.959999084472656,18.959999084472656
2013-11-29,19.239999771118164,19.239999771118164
2013-12-02,18.459999084472656,18.459999084472656
2013-12-03,18.420000076293945,18.420000076293945
2013-12-04,19.0,19.0
2013-12-05,18.690000534057617,18.690000534057617
2013-12-06,18.760000228881836,18.760000228881836
2013-12-09,19.1200008392334,19.1200008392334
2013-12-10,19.65999984741211,19.65999984741211
2013-12-11,19.549999237060547,19.549999237060547
2013-12-12,18.809999465942383,18.809999465942383
2013-12-13,18.950000762939453,18.950000762939453
2013-12-16,19.219999313354492,19.219999313354492
2013-12-17,19.139999389648438,19.139999389648438
2013-12-18,19.09000015258789,19.09000015258789
2013-12-19,18.489999771118164,18.489999771118164
2013-12-20,18.6200008392334,18.6200008392334
2013-12-23,18.719999313354492,18.719999313354492
2013-12-24,18.760000228881836,18.760000228881836
2013-12-26,19.020000457763672,19.020000457763672
2013-12-27,19.270000457763672,19.270000457763672
2013-12-30,18.850000381469727,18.850000381469727
2013-12-31,18.709999084472656,18.709999084472656
2014-01-02,19.229999542236328,19.229999542236328
2014-01-03,19.420000076293945,19.420000076293945
2014-01-06,19.420000076293945,19.420000076293945
2014-01-07,19.1299991607666,19.1299991607666
2014-01-08,18.829999923706055,18.829999923706055
2014-01-09,18.84000015258789,18.84000015258789
2014-01-10,19.3799991607666,19.3799991607666
2014-01-13,19.68000030517578,19.68000030517578
2014-01-14,19.420000076293945,19.420000076293945
2014-01-15,19.399999618530273,19.399999618530273
2014-01-16,19.350000381469727,19.350000381469727
2014-01-17,19.510000228881836,19.510000228881836
2014-01-21,19.170000076293945,19.170000076293945
2014-01-22,19.030000686645508,19.030000686645508
2014-01-23,19.260000228881836,19.260000228881836
2014-01-24,19.15999984741211,19.15999984741211
2014-01-27,18.889999389648438,18.889999389648438
2014-01-28,18.850000381469727,18.850000381469727
2014-01-29,19.020000457763672,19.020000457763672
2014-01-30,18.489999771118164,18.489999771118164
2014-01-31,18.450000762939453,18.450000762939453
2014-02-03,18.610000610351562,18.610000610351562
2014-02-04,18.75,18.75
2014-02-05,19.06999969482422,19.06999969482422
2014-02-06,19.170000076293945,19.170000076293945
2014-02-07,19.270000457763672,19.270000457763672
2014-02-10,19.290000915527344,19.290000915527344
2014-02-11,19.450000762939453,19.450000762939453
2014-02-12,19.43000030517578,19.43000030517578
2014-02-13,19.739999771118164,19.739999771118164
2014-02-14,20.649999618530273,20.649999618530273
2014-02-18,21.1299991607666,21.1299991607666
2014-02-19,20.6299991607666,20.6299991607666
2014-02-20,21.0,21.0
2014-02-21,20.969999313354492,20.969999313354492
2014-02-24,21.18000030517578,21.18000030517578
2014-02-25,21.020000457763672,21.020000457763672
2014-02-26,20.420000076293945,20.420000076293945
2014-02-27,20.459999084472656,20.459999084472656
2014-02-28,20.350000381469727,20.350000381469727
2014-03-03,20.6200008392334,20.6200008392334
2014-03-04,20.3700008392334,20.3700008392334
2014-03-05,20.360000610351562,20.360000610351562
2014-03-06,20.65999984741211,20.65999984741211
2014-03-07,20.079999923706055,20.079999923706055
2014-03-10,20.010000228881836,20.010000228881836
2014-03-11,20.040000915527344,20.040000915527344
2014-03-12,20.469999313354492,20.469999313354492
2014-03-13,20.360000610351562,20.360000610351562
2014-03-14,20.6200008392334,20.6200008392334
2014-03-17,20.329999923706055,20.329999923706055
2014-03-18,20.010000228881836,20.010000228881836
2014-03-19,19.790000915527344,19.790000915527344
2014-03-20,19.520000457763672,19.520000457763672
2014-03-21,19.520000457763672,19.520000457763672
2014-03-24,19.209999084472656,19.209999084472656
2014-03-25,19.219999313354492,19.219999313354492
2014-03-26,19.020000457763672,19.020000457763672
2014-03-27,19.0,19.0
2014-03-28,19.059999465942383,19.059999465942383
2014-03-31,19.040000915527344,19.040000915527344
2014-04-01,19.059999465942383,19.059999465942383
2014-04-02,19.190000534057617,19.190000534057617
2014-04-03,19.059999465942383,19.059999465942383
2014-04-04,19.15999984741211,19.15999984741211
2014-04-07,19.1299991607666,19.1299991607666
2014-04-08,19.229999542236328,19.229999542236328
2014-04-09,19.110000610351562,19.110000610351562
2014-04-10,19.270000457763672,19.270000457763672
2014-04-11,19.190000534057617,19.190000534057617
2014-04-14,19.209999084472656,19.209999084472656
2014-04-15,18.8799991607666,18.8799991607666
2014-04-16,18.8799991607666,18.8799991607666
2014-04-17,18.8799991607666,18.8799991607666
2014-04-21,18.670000076293945,18.670000076293945
2014-04-22,18.709999084472656,18.709999084472656
2014-04-23,18.690000534057617,18.690000534057617
2014-04-24,18.920000076293945,18.920000076293945
2014-04-25,18.940000534057617,18.940000534057617
2014-04-28,18.850000381469727,18.850000381469727
2014-04-29,18.760000228881836,18.760000228881836
2014-04-30,18.459999084472656,18.459999084472656
2014-05-01,18.350000381469727,18.350000381469727
2014-05-02,18.690000534057617,18.690000534057617
2014-05-05,18.84000015258789,18.84000015258789
2014-05-06,18.799999237060547,18.799999237060547
2014-05-07,18.56999969482422,18.56999969482422
2014-05-08,18.440000534057617,18.440000534057617
2014-05-09,18.420000076293945,18.420000076293945
2014-05-12,18.780000686645508,18.780000686645508
2014-05-13,18.770000457763672,18.770000457763672
2014-05-14,19.0,19.0
2014-05-15,18.739999771118164,18.739999771118164
2014-05-16,18.610000610351562,18.610000610351562
2014-05-19,18.6299991607666,18.6299991607666
2014-05-20,18.649999618530273,18.649999618530273
2014-05-21,18.639999389648438,18.639999389648438
2014-05-22,18.729999542236328,18.729999542236328
2014-05-23,18.65999984741211,18.65999984741211
2014-05-27,18.360000610351562,18.360000610351562
2014-05-28,18.280000686645508,18.280000686645508
2014-05-29,18.299999237060547,18.299999237060547
2014-05-30,18.079999923706055,18.079999923706055
2014-06-02,18.020000457763672,18.020000457763672
2014-06-03,18.100000381469727,18.100000381469727
2014-06-04,18.059999465942383,18.059999465942383
2014-06-05,18.260000228881836,18.260000228881836
2014-06-06,18.280000686645508,18.280000686645508
2014-06-09,18.31999969482422,18.31999969482422
2014-06-10,18.459999084472656,18.459999084472656
2014-06-11,18.459999084472656,18.459999084472656
2014-06-12,18.760000228881836,18.760000228881836
2014-06-13,18.920000076293945,18.920000076293945
2014-06-16,18.850000381469727,18.850000381469727
2014-06-17,18.940000534057617,18.940000534057617
2014-06-18,19.049999237060547,19.049999237060547
2014-06-19,19.920000076293945,19.920000076293945
2014-06-20,20.030000686645508,20.030000686645508
2014-06-23,20.049999237060547,20.049999237060547
2014-06-24,20.079999923706055,20.079999923706055
2014-06-25,20.190000534057617,20.190000534057617
2014-06-26,20.239999771118164,20.239999771118164
2014-06-27,20.170000076293945,20.170000076293945
2014-06-30,20.25,20.25
2014-07-01,20.209999084472656,20.209999084472656
2014-07-02,20.299999237060547,20.299999237060547
2014-07-03,20.290000915527344,20.290000915527344
2014-07-07,20.170000076293945,20.170000076293945
2014-07-08,20.209999084472656,20.209999084472656
2014-07-09,20.270000457763672,20.270000457763672
2014-07-10,20.520000457763672,20.520000457763672
2014-07-11,20.56999969482422,20.56999969482422
2014-07-14,20.100000381469727,20.100000381469727
2014-07-15,19.8799991607666,19.8799991607666
2014-07-16,19.90999984741211,19.90999984741211
2014-07-17,20.290000915527344,20.290000915527344
2014-07-18,20.020000457763672,20.020000457763672
2014-07-21,20.100000381469727,20.100000381469727
2014-07-22,20.100000381469727,20.100000381469727
2014-07-23,20.079999923706055,20.079999923706055
2014-07-24,19.579999923706055,19.579999923706055
2014-07-25,19.8700008392334,19.8700008392334
2014-07-28,19.809999465942383,19.809999465942383
2014-07-29,19.780000686645508,19.780000686645508
2014-07-30,19.780000686645508,19.780000686645508
2014-07-31,19.579999923706055,19.579999923706055
2014-08-01,19.520000457763672,19.520000457763672
2014-08-04,19.399999618530273,19.399999618530273
2014-08-05,19.049999237060547,19.049999237060547
2014-08-06,19.229999542236328,19.229999542236328
2014-08-07,19.170000076293945,19.170000076293945
2014-08-08,19.190000534057617,19.190000534057617
2014-08-11,19.229999542236328,19.229999542236328
2014-08-12,19.170000076293945,19.170000076293945
2014-08-13,19.040000915527344,19.040000915527344
2014-08-14,19.100000381469727,19.100000381469727
2014-08-15,18.860000610351562,18.860000610351562
2014-08-18,18.8700008392334,18.8700008392334
2014-08-19,18.700000762939453,18.700000762939453
2014-08-20,18.719999313354492,18.719999313354492
2014-08-21,18.690000534057617,18.690000534057617
2014-08-22,18.690000534057617,18.690000534057617
2014-08-25,18.600000381469727,18.600000381469727
2014-08-26,18.6299991607666,18.6299991607666
2014-08-27,18.65999984741211,18.65999984741211
2014-08-28,18.739999771118164,18.739999771118164
2014-08-29,18.709999084472656,18.709999084472656
2014-09-02,18.40999984741211,18.40999984741211
2014-09-03,18.43000030517578,18.43000030517578
2014-09-04,18.31999969482422,18.31999969482422
2014-09-05,18.420000076293945,18.420000076293945
2014-09-08,18.260000228881836,18.260000228881836
2014-09-09,18.309999465942383,18.309999465942383
2014-09-10,18.239999771118164,18.239999771118164
2014-09-11,17.959999084472656,17.959999084472656
2014-09-12,17.889999389648438,17.889999389648438
2014-09-15,17.920000076293945,17.920000076293945
2014-09-16,17.950000762939453,17.950000762939453
2014-09-17,17.770000457763672,17.770000457763672
2014-09-18,17.770000457763672,17.770000457763672
2014-09-19,17.190000534057617,17.190000534057617
2014-09-22,17.079999923706055,17.079999923706055
2014-09-23,17.06999969482422,17.06999969482422
2014-09-24,16.989999771118164,16.989999771118164
2014-09-25,16.829999923706055,16.829999923706055
2014-09-26,16.899999618530273,16.899999618530273
2014-09-29,16.780000686645508,16.780000686645508
2014-09-30,16.350000381469727,16.350000381469727
2014-10-01,16.479999542236328,16.479999542236328
2014-10-02,16.40999984741211,16.40999984741211
2014-10-03,16.1200008392334,16.1200008392334
2014-10-06,16.600000381469727,16.600000381469727
2014-10-07,16.479999542236328,16.479999542236328
2014-10-08,16.68000030517578,16.68000030517578
2014-10-09,16.6200008392334,16.6200008392334
2014-10-10,16.639999389648438,16.639999389648438
2014-10-13,16.729999542236328,16.729999542236328
2014-10-14,16.68000030517578,16.68000030517578
2014-10-15,16.709999084472656,16.709999084472656
2014-10-16,16.670000076293945,16.670000076293945
2014-10-17,16.579999923706055,16.579999923706055
2014-10-20,16.729999542236328,16.729999542236328
2014-10-21,16.809999465942383,16.809999465942383
2014-10-22,16.459999084472656,16.459999084472656
2014-10-23,16.5,16.5
2014-10-24,16.5,16.5
2014-10-27,16.420000076293945,16.420000076293945
2014-10-28,16.489999771118164,16.489999771118164
2014-10-29,16.3799991607666,16.3799991607666
2014-10-30,15.819999694824219,15.819999694824219
2014-10-31,15.5,15.5
2014-11-03,15.479999542236328,15.479999542236328
2014-11-04,15.359999656677246,15.359999656677246
2014-11-05,14.65999984741211,14.65999984741211
2014-11-06,14.819999694824219,14.819999694824219
2014-11-07,15.100000381469727,15.100000381469727
2014-11-10,14.920000076293945,14.920000076293945
2014-11-11,15.109999656677246,15.109999656677246
2014-11-12,15.029999732971191,15.029999732971191
2014-11-13,14.970000267028809,14.970000267028809
2014-11-14,15.630000114440918,15.630000114440918
2014-11-17,15.5,15.5
2014-11-18,15.550000190734863,15.550000190734863
2014-11-19,15.479999542236328,15.479999542236328
2014-11-20,15.600000381469727,15.600000381469727
2014-11-21,15.789999961853027,15.789999961853027
2014-11-24,15.779999732971191,15.779999732971191
2014-11-25,15.979999542236328,15.979999542236328
2014-11-26,15.869999885559082,15.869999885559082
2014-11-28,14.829999923706055,14.829999923706055
2014-12-01,15.779999732971191,15.779999732971191
2014-12-02,15.75,15.75
2014-12-03,15.729999542236328,15.729999542236328
2014-12-04,15.770000457763672,15.770000457763672
2014-12-05,15.609999656677246,15.609999656677246
2014-12-08,15.710000038146973,15.710000038146973
2014-12-09,16.31999969482422,16.31999969482422
2014-12-10,16.3700008392334,16.3700008392334
2014-12-11,16.329999923706055,16.329999923706055
2014-12-12,16.299999237060547,16.299999237060547
2014-12-15,15.470000267028809,15.470000267028809
2014-12-16,15.079999923706055,15.079999923706055
2014-12-17,15.100000381469727,15.100000381469727
2014-12-18,15.25,15.25
2014-12-19,15.390000343322754,15.390000343322754
2014-12-22,14.989999771118164,14.989999771118164
2014-12-23,15.039999961853027,15.039999961853027
2014-12-24,15.09000015258789,15.09000015258789
2014-12-26,15.350000381469727,15.350000381469727
2014-12-29,15.109999656677246,15.109999656677246
2014-12-30,15.579999923706055,15.579999923706055
2014-12-31,15.0600004196167,15.0600004196167
2015-01-02,15.109999656677246,15.109999656677246
2015-01-05,15.5,15.5
2015-01-06,15.829999923706055,15.829999923706055
2015-01-07,15.850000381469727,15.850000381469727
2015-01-08,15.640000343322754,15.640000343322754
2015-01-09,15.770000457763672,15.770000457763672
2015-01-12,15.869999885559082,15.869999885559082
2015-01-13,16.290000915527344,16.290000915527344
2015-01-14,16.1299991607666,16.1299991607666
2015-01-15,16.149999618530273,16.149999618530273
2015-01-16,16.950000762939453,16.950000762939453
2015-01-20,17.18000030517578,17.18000030517578
2015-01-21,17.3700008392334,17.3700008392334
2015-01-22,17.610000610351562,17.610000610351562
2015-01-23,17.510000228881836,17.510000228881836
2015-01-26,17.1299991607666,17.1299991607666
2015-01-27,17.329999923706055,17.329999923706055
2015-01-28,17.229999542236328,17.229999542236328
2015-01-29,16.239999771118164,16.239999771118164
2015-01-30,16.540000915527344,16.540000915527344
2015-02-02,16.469999313354492,16.469999313354492
2015-02-03,16.549999237060547,16.549999237060547
2015-02-04,16.6299991607666,16.6299991607666
2015-02-05,16.579999923706055,16.579999923706055
2015-02-06,16.030000686645508,16.030000686645508
2015-02-09,16.31999969482422,16.31999969482422
2015-02-10,16.190000534057617,16.190000534057617
2015-02-11,16.079999923706055,16.079999923706055
2015-02-12,16.149999618530273,16.149999618530273
2015-02-13,16.540000915527344,16.540000915527344
2015-02-17,15.829999923706055,15.829999923706055
2015-02-18,15.75,15.75
2015-02-19,15.699999809265137,15.699999809265137
2015-02-20,15.539999961853027,15.539999961853027
2015-02-23,15.630000114440918,15.630000114440918
2015-02-24,15.5600004196167,15.5600004196167
2015-02-25,15.829999923706055,15.829999923706055
2015-02-26,15.84000015258789,15.84000015258789
2015-02-27,15.869999885559082,15.869999885559082
2015-03-02,15.65999984741211,15.65999984741211
2015-03-03,15.579999923706055,15.579999923706055
2015-03-04,15.489999771118164,15.489999771118164
2015-03-05,15.529999732971191,15.529999732971191
2015-03-06,15.1899995803833,15.1899995803833
2015-03-09,15.100000381469727,15.100000381469727
2015-03-10,15.020000457763672,15.020000457763672
2015-03-11,14.84000015258789,14.84000015258789
2015-03-12,14.920000076293945,14.920000076293945
2015-03-13,14.899999618530273,14.899999618530273
2015-03-16,14.989999771118164,14.989999771118164
2015-03-17,14.899999618530273,14.899999618530273
2015-03-18,15.359999656677246,15.359999656677246
2015-03-19,15.4399995803833,15.4399995803833
2015-03-20,16.0,16.0
2015-03-23,16.299999237060547,16.299999237060547
2015-03-24,16.280000686645508,16.280000686645508
2015-03-25,16.239999771118164,16.239999771118164
2015-03-26,16.299999237060547,16.299999237060547
2015-03-27,16.219999313354492,16.219999313354492
2015-03-30,15.979999542236328,15.979999542236328
2015-03-31,15.930000305175781,15.930000305175781
2015-04-01,16.229999542236328,16.229999542236328
2015-04-02,16.020000457763672,16.020000457763672
2015-04-06,16.270000457763672,16.270000457763672
2015-04-07,16.149999618530273,16.149999618530273
2015-04-08,15.8100004196167,15.8100004196167
2015-04-09,15.510000228881836,15.510000228881836
2015-04-10,15.770000457763672,15.770000457763672
2015-04-13,15.600000381469727,15.600000381469727
2015-04-14,15.510000228881836,15.510000228881836
2015-04-15,15.630000114440918,15.630000114440918
2015-04-16,15.569999694824219,15.569999694824219
2015-04-17,15.5600004196167,15.5600004196167
2015-04-20,15.289999961853027,15.289999961853027
2015-04-21,15.319999694824219,15.319999694824219
2015-04-22,15.109999656677246,15.109999656677246
2015-04-23,15.210000038146973,15.210000038146973
2015-04-24,15.0600004196167,15.0600004196167
2015-04-27,15.65999984741211,15.65999984741211
2015-04-28,15.869999885559082,15.869999885559082
2015-04-29,15.8100004196167,15.8100004196167
2015-04-30,15.430000305175781,15.430000305175781
2015-05-01,15.470000267028809,15.470000267028809
2015-05-04,15.699999809265137,15.699999809265137
2015-05-05,15.8100004196167,15.8100004196167
2015-05-06,15.770000457763672,15.770000457763672
2015-05-07,15.600000381469727,15.600000381469727
2015-05-08,15.760000228881836,15.760000228881836
2015-05-11,15.569999694824219,15.569999694824219
2015-05-12,15.8100004196167,15.8100004196167
2015-05-13,16.350000381469727,16.350000381469727
2015-05-14,16.649999618530273,16.649999618530273
2015-05-15,16.75,16.75
2015-05-18,16.889999389648438,16.889999389648438
2015-05-19,16.3799991607666,16.3799991607666
2015-05-20,16.3700008392334,16.3700008392334
2015-05-21,16.389999389648438,16.389999389648438
2015-05-22,16.34000015258789,16.34000015258789
2015-05-26,16.020000457763672,16.020000457763672
2015-05-27,15.960000038146973,15.960000038146973
2015-05-28,15.970000267028809,15.970000267028809
2015-05-29,15.989999771118164,15.989999771118164
2015-06-01,16.0,16.0
2015-06-02,16.06999969482422,16.06999969482422
2015-06-03,15.829999923706055,15.829999923706055
2015-06-04,15.479999542236328,15.479999542236328
2015-06-05,15.390000343322754,15.390000343322754
2015-06-08,15.319999694824219,15.319999694824219
2015-06-09,15.289999961853027,15.289999961853027
2015-06-10,15.319999694824219,15.319999694824219
2015-06-11,15.329999923706055,15.329999923706055
2015-06-12,15.25,15.25
2015-06-15,15.399999618530273,15.399999618530273
2015-06-16,15.319999694824219,15.319999694824219
2015-06-17,15.449999809265137,15.449999809265137
2015-06-18,15.460000038146973,15.460000038146973
2015-06-19,15.420000076293945,15.420000076293945
2015-06-22,15.489999771118164,15.489999771118164
2015-06-23,15.140000343322754,15.140000343322754
2015-06-24,15.1899995803833,15.1899995803833
2015-06-25,15.170000076293945,15.170000076293945
2015-06-26,15.109999656677246,15.109999656677246
2015-06-29,15.029999732971191,15.029999732971191
2015-06-30,15.029999732971191,15.029999732971191
2015-07-01,14.899999618530273,14.899999618530273
2015-07-02,14.949999809265137,14.949999809265137
2015-07-06,14.989999771118164,14.989999771118164
2015-07-07,14.430000305175781,14.430000305175781
2015-07-08,14.460000038146973,14.460000038146973
2015-07-09,14.760000228881836,14.760000228881836
2015-07-10,14.880000114440918,14.880000114440918
2015-07-13,14.8100004196167,14.8100004196167
2015-07-14,14.6899995803833,14.6899995803833
2015-07-15,14.430000305175781,14.430000305175781
2015-07-16,14.350000381469727,14.350000381469727
2015-07-17,14.229999542236328,14.229999542236328
2015-07-20,14.050000190734863,14.050000190734863
2015-07-21,14.140000343322754,14.140000343322754
2015-07-22,14.140000343322754,14.140000343322754
2015-07-23,14.0,14.0
2015-07-24,14.020000457763672,14.020000457763672
2015-07-27,13.920000076293945,13.920000076293945
2015-07-28,14.020000457763672,14.020000457763672
2015-07-29,14.149999618530273,14.149999618530273
2015-07-30,14.09000015258789,14.09000015258789
2015-07-31,14.079999923706055,14.079999923706055
2015-08-03,13.869999885559082,13.869999885559082
2015-08-04,13.920000076293945,13.920000076293945
2015-08-05,13.949999809265137,13.949999809265137
2015-08-06,13.989999771118164,13.989999771118164
2015-08-07,14.109999656677246,14.109999656677246
2015-08-10,14.539999961853027,14.539999961853027
2015-08-11,14.640000343322754,14.640000343322754
2015-08-12,14.819999694824219,14.819999694824219
2015-08-13,14.710000038146973,14.710000038146973
2015-08-14,14.550000190734863,14.550000190734863
2015-08-17,14.630000114440918,14.630000114440918
2015-08-18,14.220000267028809,14.220000267028809
2015-08-19,14.569999694824219,14.569999694824219
2015-08-20,14.779999732971191,14.779999732971191
2015-08-21,14.609999656677246,14.609999656677246
2015-08-24,14.130000114440918,14.130000114440918
2015-08-25,13.989999771118164,13.989999771118164
2015-08-26,13.5600004196167,13.5600004196167
2015-08-27,13.800000190734863,13.800000190734863
2015-08-28,13.920000076293945,13.920000076293945
2015-08-31,13.989999771118164,13.989999771118164
2015-09-01,13.9399995803833,13.9399995803833
2015-09-02,14.020000457763672,14.020000457763672
2015-09-03,14.020000457763672,14.020000457763672
2015-09-04,13.920000076293945,13.920000076293945
2015-09-08,14.119999885559082,14.119999885559082
2015-09-09,13.930000305175781,13.930000305175781
2015-09-10,13.989999771118164,13.989999771118164
2015-09-11,13.949999809265137,13.949999809265137
2015-09-14,13.789999961853027,13.789999961853027
2015-09-15,13.770000457763672,13.770000457763672
2015-09-16,14.220000267028809,14.220000267028809
2015-09-17,14.420000076293945,14.420000076293945
2015-09-18,14.470000267028809,14.470000267028809
2015-09-21,14.489999771118164,14.489999771118164
2015-09-22,14.140000343322754,14.140000343322754
2015-09-23,14.119999885559082,14.119999885559082
2015-09-24,14.430000305175781,14.430000305175781
2015-09-25,14.399999618530273,14.399999618530273
2015-09-28,13.9399995803833,13.9399995803833
2015-09-29,13.970000267028809,13.970000267028809
2015-09-30,13.869999885559082,13.869999885559082
2015-10-01,13.899999618530273,13.899999618530273
2015-10-02,14.550000190734863,14.550000190734863
2015-10-05,14.890000343322754,14.890000343322754
2015-10-06,15.069999694824219,15.069999694824219
2015-10-07,15.289999961853027,15.289999961853027
2015-10-08,14.989999771118164,14.989999771118164
2015-10-09,15.119999885559082,15.119999885559082
2015-10-12,15.130000114440918,15.130000114440918
2015-10-13,15.15999984741211,15.15999984741211
2015-10-14,15.420000076293945,15.420000076293945
2015-10-15,15.390000343322754,15.390000343322754
2015-10-16,15.279999732971191,15.279999732971191
2015-10-19,15.109999656677246,15.109999656677246
2015-10-20,15.1899995803833,15.1899995803833
2015-10-21,14.989999771118164,14.989999771118164
2015-10-22,15.109999656677246,15.109999656677246
2015-10-23,15.119999885559082,15.119999885559082
2015-10-26,15.109999656677246,15.109999656677246
2015-10-27,15.130000114440918,15.130000114440918
2015-10-28,15.260000228881836,15.260000228881836
2015-10-29,14.880000114440918,14.880000114440918
2015-10-30,14.800000190734863,14.800000190734863
2015-11-02,14.720000267028809,14.720000267028809
2015-11-03,14.579999923706055,14.579999923706055
2015-11-04,14.380000114440918,14.380000114440918
2015-11-05,14.300000190734863,14.300000190734863
2015-11-06,14.079999923706055,14.079999923706055
2015-11-09,13.890000343322754,13.890000343322754
2015-11-10,13.760000228881836,13.760000228881836
2015-11-11,13.640000343322754,13.640000343322754
2015-11-12,13.640000343322754,13.640000343322754
2015-11-13,13.59000015258789,13.59000015258789
2015-11-16,13.600000381469727,13.600000381469727
2015-11-17,13.550000190734863,13.550000190734863
2015-11-18,13.520000457763672,13.520000457763672
2015-11-19,13.619999885559082,13.619999885559082
2015-11-20,13.5,13.5
2015-11-23,13.449999809265137,13.449999809265137
2015-11-24,13.510000228881836,13.510000228881836
2015-11-25,13.520000457763672,13.520000457763672
2015-11-27,13.460000038146973,13.460000038146973
2015-11-30,13.4399995803833,13.4399995803833
2015-12-01,13.510000228881836,13.510000228881836
2015-12-02,13.369999885559082,13.369999885559082
2015-12-03,13.460000038146973,13.460000038146973
2015-12-04,13.869999885559082,13.869999885559082
2015-12-07,13.619999885559082,13.619999885559082
2015-12-08,13.510000228881836,13.510000228881836
2015-12-09,13.489999771118164,13.489999771118164
2015-12-10,13.449999809265137,13.449999809265137
2015-12-11,13.300000190734863,13.300000190734863
2015-12-14,13.0600004196167,13.0600004196167
2015-12-15,13.109999656677246,13.109999656677246
2015-12-16,13.489999771118164,13.489999771118164
2015-12-17,13.079999923706055,13.079999923706055
2015-12-18,13.430000305175781,13.430000305175781
2015-12-21,13.59000015258789,13.59000015258789
2015-12-22,13.59000015258789,13.59000015258789
2015-12-23,13.619999885559082,13.619999885559082
2015-12-24,13.6899995803833,13.6899995803833
2015-12-28,13.289999961853027,13.289999961853027
2015-12-29,13.270000457763672,13.270000457763672
2015-12-30,13.210000038146973,13.210000038146973
2015-12-31,13.1899995803833,13.1899995803833
2016-01-04,13.1899995803833,13.1899995803833
2016-01-05,13.3100004196167,13.3100004196167
2016-01-06,13.359999656677246,13.359999656677246
2016-01-07,13.619999885559082,13.619999885559082
2016-01-08,13.300000190734863,13.300000190734863
2016-01-11,13.220000267028809,13.220000267028809
2016-01-12,13.170000076293945,13.170000076293945
2016-01-13,13.489999771118164,13.489999771118164
2016-01-14,13.1899995803833,13.1899995803833
2016-01-15,13.239999771118164,13.239999771118164
2016-01-19,13.359999656677246,13.359999656677246
2016-01-20,13.479999542236328,13.479999542236328
2016-01-21,13.460000038146973,13.460000038146973
2016-01-22,13.380000114440918,13.380000114440918
2016-01-25,13.579999923706055,13.579999923706055
2016-01-26,13.819999694824219,13.819999694824219
2016-01-27,13.8100004196167,13.8100004196167
2016-01-28,13.569999694824219,13.569999694824219
2016-01-29,13.59000015258789,13.59000015258789
2016-02-01,13.670000076293945,13.670000076293945
2016-02-02,13.619999885559082,13.619999885559082
2016-02-03,13.949999809265137,13.949999809265137
2016-02-04,14.170000076293945,14.170000076293945
2016-02-05,14.34000015258789,14.34000015258789
2016-02-08,14.59000015258789,14.59000015258789
2016-02-09,14.510000228881836,14.510000228881836
2016-02-10,14.550000190734863,14.550000190734863
2016-02-11,14.949999809265137,14.949999809265137
2016-02-12,14.989999771118164,14.989999771118164
2016-02-16,14.510000228881836,14.510000228881836
2016-02-17,14.539999961853027,14.539999961853027
2016-02-18,14.760000228881836,14.760000228881836
2016-02-19,14.640000343322754,14.640000343322754
2016-02-22,14.430000305175781,14.430000305175781
2016-02-23,14.539999961853027,14.539999961853027
2016-02-24,14.520000457763672,14.520000457763672
2016-02-25,14.40999984741211,14.40999984741211
2016-02-26,14.020000457763672,14.020000457763672
2016-02-29,14.199999809265137,14.199999809265137
2016-03-01,14.170000076293945,14.170000076293945
2016-03-02,14.25,14.25
2016-03-03,14.5,14.5
2016-03-04,14.760000228881836,14.760000228881836
2016-03-07,14.899999618530273,14.899999618530273
2016-03-08,14.619999885559082,14.619999885559082
2016-03-09,14.529999732971191,14.529999732971191
2016-03-10,14.819999694824219,14.819999694824219
2016-03-11,14.720000267028809,14.720000267028809
2016-03-14,14.579999923706055,14.579999923706055
2016-03-15,14.539999961853027,14.539999961853027
2016-03-16,14.869999885559082,14.869999885559082
2016-03-17,15.15999984741211,15.15999984741211
2016-03-18,15.029999732971191,15.029999732971191
2016-03-21,15.0600004196167,15.0600004196167
2016-03-22,15.119999885559082,15.119999885559082
2016-03-23,14.510000228881836,14.510000228881836
2016-03-24,14.430000305175781,14.430000305175781
2016-03-28,14.460000038146973,14.460000038146973
2016-03-29,14.600000381469727,14.600000381469727
2016-03-30,14.489999771118164,14.489999771118164
2016-03-31,14.680000305175781,14.680000305175781
2016-04-01,14.34000015258789,14.34000015258789
2016-04-04,14.199999809265137,14.199999809265137
2016-04-05,14.420000076293945,14.420000076293945
2016-04-06,14.34000015258789,14.34000015258789
2016-04-07,14.479999542236328,14.479999542236328
2016-04-08,14.619999885559082,14.619999885559082
2016-04-11,15.140000343322754,15.140000343322754
2016-04-12,15.40999984741211,15.40999984741211
2016-04-13,15.4399995803833,15.4399995803833
2016-04-14,15.34000015258789,15.34000015258789
2016-04-15,15.460000038146973,15.460000038146973
2016-04-18,15.420000076293945,15.420000076293945
2016-04-19,16.1200008392334,16.1200008392334
2016-04-20,16.139999389648438,16.139999389648438
2016-04-21,16.209999084472656,16.209999084472656
2016-04-22,16.139999389648438,16.139999389648438
2016-04-25,16.170000076293945,16.170000076293945
2016-04-26,16.290000915527344,16.290000915527344
2016-04-27,16.3799991607666,16.3799991607666
2016-04-28,16.770000457763672,16.770000457763672
2016-04-29,16.979999542236328,16.979999542236328
2016-05-02,16.639999389648438,16.639999389648438
2016-05-03,16.56999969482422,16.56999969482422
2016-05-04,16.489999771118164,16.489999771118164
2016-05-05,16.510000228881836,16.510000228881836
2016-05-06,16.6299991607666,16.6299991607666
2016-05-09,16.1200008392334,16.1200008392334
2016-05-10,16.280000686645508,16.280000686645508
2016-05-11,16.559999465942383,16.559999465942383
2016-05-12,16.219999313354492,16.219999313354492
2016-05-13,16.280000686645508,16.280000686645508
2016-05-16,16.31999969482422,16.31999969482422
2016-05-17,16.40999984741211,16.40999984741211
2016-05-18,16.0,16.0
2016-05-19,15.670000076293945,15.670000076293945
2016-05-20,15.6899995803833,15.6899995803833
2016-05-23,15.59000015258789,15.59000015258789
2016-05-24,15.420000076293945,15.420000076293945
2016-05-25,15.5,15.5
2016-05-26,15.529999732971191,15.529999732971191
2016-05-27,15.390000343322754,15.390000343322754
2016-05-31,15.1899995803833,15.1899995803833
2016-06-01,15.170000076293945,15.170000076293945
2016-06-02,15.220000267028809,15.220000267028809
2016-06-03,15.609999656677246,15.609999656677246
2016-06-06,15.680000305175781,15.680000305175781
2016-06-07,15.600000381469727,15.600000381469727
2016-06-08,16.209999084472656,16.209999084472656
2016-06-09,16.469999313354492,16.469999313354492
2016-06-10,16.489999771118164,16.489999771118164
2016-06-13,16.579999923706055,16.579999923706055
2016-06-14,16.540000915527344,16.540000915527344
2016-06-15,16.690000534057617,16.690000534057617
2016-06-16,16.309999465942383,16.309999465942383
2016-06-17,16.600000381469727,16.600000381469727
2016-06-20,16.649999618530273,16.649999618530273
2016-06-21,16.3799991607666,16.3799991607666
2016-06-22,16.420000076293945,16.420000076293945
2016-06-23,16.489999771118164,16.489999771118164
2016-06-24,16.889999389648438,16.889999389648438
2016-06-27,16.8700008392334,16.8700008392334
2016-06-28,16.90999984741211,16.90999984741211
2016-06-29,17.3700008392334,17.3700008392334
2016-06-30,17.860000610351562,17.860000610351562
2016-07-01,18.739999771118164,18.739999771118164
2016-07-05,18.979999542236328,18.979999542236328
2016-07-06,19.100000381469727,19.100000381469727
2016-07-07,18.709999084472656,18.709999084472656
2016-07-08,19.219999313354492,19.219999313354492
2016-07-11,19.299999237060547,19.299999237060547
2016-07-12,19.09000015258789,19.09000015258789
2016-07-13,19.389999389648438,19.389999389648438
2016-07-14,19.25,19.25
2016-07-15,19.079999923706055,19.079999923706055
2016-07-18,19.100000381469727,19.100000381469727
2016-07-19,18.920000076293945,18.920000076293945
2016-07-20,18.420000076293945,18.420000076293945
2016-07-21,18.8799991607666,18.8799991607666
2016-07-22,18.670000076293945,18.670000076293945
2016-07-25,18.540000915527344,18.540000915527344
2016-07-26,18.65999984741211,18.65999984741211
2016-07-27,19.3700008392334,19.3700008392334
2016-07-28,19.209999084472656,19.209999084472656
2016-07-29,19.350000381469727,19.350000381469727
2016-08-01,19.43000030517578,19.43000030517578
2016-08-02,19.600000381469727,19.600000381469727
2016-08-03,19.3799991607666,19.3799991607666
2016-08-04,19.350000381469727,19.350000381469727
2016-08-05,18.709999084472656,18.709999084472656
2016-08-08,18.739999771118164,18.739999771118164
2016-08-09,18.8700008392334,18.8700008392334
2016-08-10,19.15999984741211,19.15999984741211
2016-08-11,18.959999084472656,18.959999084472656
2016-08-12,18.719999313354492,18.719999313354492
2016-08-15,18.829999923706055,18.829999923706055
2016-08-16,18.81999969482422,18.81999969482422
2016-08-17,18.68000030517578,18.68000030517578
2016-08-18,18.770000457763672,18.770000457763672
2016-08-19,18.350000381469727,18.350000381469727
2016-08-22,17.969999313354492,17.969999313354492
2016-08-23,17.93000030517578,17.93000030517578
2016-08-24,17.6200008392334,17.6200008392334
2016-08-25,17.6299991607666,17.6299991607666
2016-08-26,17.719999313354492,17.719999313354492
2016-08-29,17.899999618530273,17.899999618530273
2016-08-30,17.670000076293945,17.670000076293945
2016-08-31,17.719999313354492,17.719999313354492
2016-09-01,17.940000534057617,17.940000534057617
2016-09-02,18.440000534057617,18.440000534057617
2016-09-06,19.049999237060547,19.049999237060547
2016-09-07,18.780000686645508,18.780000686645508
2016-09-08,18.6200008392334,18.6200008392334
2016-09-09,18.110000610351562,18.110000610351562
2016-09-12,18.170000076293945,18.170000076293945
2016-09-13,17.93000030517578,17.93000030517578
2016-09-14,18.020000457763672,18.020000457763672
2016-09-15,18.040000915527344,18.040000915527344
2016-09-16,17.860000610351562,17.860000610351562
2016-09-19,18.200000762939453,18.200000762939453
2016-09-20,18.270000457763672,18.270000457763672
2016-09-21,18.850000381469727,18.850000381469727
2016-09-22,18.899999618530273,18.899999618530273
2016-09-23,18.68000030517578,18.68000030517578
2016-09-26,18.40999984741211,18.40999984741211
2016-09-27,18.170000076293945,18.170000076293945
2016-09-28,18.209999084472656,18.209999084472656
2016-09-29,18.110000610351562,18.110000610351562
2016-09-30,18.200000762939453,18.200000762939453
2016-10-03,17.8700008392334,17.8700008392334
2016-10-04,16.940000534057617,16.940000534057617
2016-10-05,16.850000381469727,16.850000381469727
2016-10-06,16.440000534057617,16.440000534057617
2016-10-07,16.600000381469727,16.600000381469727
2016-10-10,16.729999542236328,16.729999542236328
2016-10-11,16.559999465942383,16.559999465942383
2016-10-12,16.649999618530273,16.649999618530273
2016-10-13,16.610000610351562,16.610000610351562
2016-10-14,16.559999465942383,16.559999465942383
2016-10-17,16.56999969482422,16.56999969482422
2016-10-18,16.719999313354492,16.719999313354492
2016-10-19,16.790000915527344,16.790000915527344
2016-10-20,16.639999389648438,16.639999389648438
2016-10-21,16.649999618530273,16.649999618530273
2016-10-24,16.700000762939453,16.700000762939453
2016-10-25,16.860000610351562,16.860000610351562
2016-10-26,16.709999084472656,16.709999084472656
2016-10-27,16.729999542236328,16.729999542236328
2016-10-28,16.8700008392334,16.8700008392334
2016-10-31,16.969999313354492,16.969999313354492
2016-11-01,17.40999984741211,17.40999984741211
2016-11-02,17.559999465942383,17.559999465942383
2016-11-03,17.420000076293945,17.420000076293945
2016-11-04,17.459999084472656,17.459999084472656
2016-11-07,17.290000915527344,17.290000915527344
2016-11-08,17.399999618530273,17.399999618530273
2016-11-09,17.450000762939453,17.450000762939453
2016-11-10,17.559999465942383,17.559999465942383
2016-11-11,16.469999313354492,16.469999313354492
2016-11-14,16.0,16.0
2016-11-15,16.190000534057617,16.190000534057617
2016-11-16,16.09000015258789,16.09000015258789
2016-11-17,15.84000015258789,15.84000015258789
2016-11-18,15.729999542236328,15.729999542236328
2016-11-21,15.720000267028809,15.720000267028809
2016-11-22,15.800000190734863,15.800000190734863
2016-11-23,15.520000457763672,15.520000457763672
2016-11-25,15.630000114440918,15.630000114440918
2016-11-28,15.770000457763672,15.770000457763672
2016-11-29,15.779999732971191,15.779999732971191
2016-11-30,15.65999984741211,15.65999984741211
2016-12-01,15.65999984741211,15.65999984741211
2016-12-02,15.829999923706055,15.829999923706055
2016-12-05,15.880000114440918,15.880000114440918
2016-12-06,15.850000381469727,15.850000381469727
2016-12-07,16.229999542236328,16.229999542236328
2016-12-08,16.139999389648438,16.139999389648438
2016-12-09,15.970000267028809,15.970000267028809
2016-12-12,16.190000534057617,16.190000534057617
2016-12-13,16.040000915527344,16.040000915527344
2016-12-14,15.930000305175781,15.930000305175781
2016-12-15,15.180000305175781,15.180000305175781
2016-12-16,15.270000457763672,15.270000457763672
2016-12-19,15.170000076293945,15.170000076293945
2016-12-20,15.239999771118164,15.239999771118164
2016-12-21,15.119999885559082,15.119999885559082
2016-12-22,14.979999542236328,14.979999542236328
2016-12-23,14.90999984741211,14.90999984741211
2016-12-27,15.130000114440918,15.130000114440918
2016-12-28,15.199999809265137,15.199999809265137
2016-12-29,15.319999694824219,15.319999694824219
2016-12-30,15.109999656677246,15.109999656677246
2017-01-03,15.4399995803833,15.4399995803833
2017-01-04,15.579999923706055,15.579999923706055
2017-01-05,15.760000228881836,15.760000228881836
2017-01-06,15.640000343322754,15.640000343322754
2017-01-09,15.699999809265137,15.699999809265137
2017-01-10,15.90999984741211,15.90999984741211
2017-01-11,15.869999885559082,15.869999885559082
2017-01-12,15.90999984741211,15.90999984741211
2017-01-13,15.9399995803833,15.9399995803833
2017-01-17,16.280000686645508,16.280000686645508
2017-01-18,16.190000534057617,16.190000534057617
2017-01-19,16.1200008392334,16.1200008392334
2017-01-20,16.190000534057617,16.190000534057617
2017-01-23,16.290000915527344,16.290000915527344
2017-01-24,16.219999313354492,16.219999313354492
2017-01-25,16.100000381469727,16.100000381469727
2017-01-26,15.930000305175781,15.930000305175781
2017-01-27,16.219999313354492,16.219999313354492
2017-01-30,16.229999542236328,16.229999542236328
2017-01-31,16.6299991607666,16.6299991607666
2017-02-01,16.610000610351562,16.610000610351562
2017-02-02,16.559999465942383,16.559999465942383
2017-02-03,16.56999969482422,16.56999969482422
2017-02-06,16.81999969482422,16.81999969482422
2017-02-07,16.790000915527344,16.790000915527344
2017-02-08,16.84000015258789,16.84000015258789
2017-02-09,16.75,16.75
2017-02-10,17.020000457763672,17.020000457763672
2017-02-13,16.889999389648438,16.889999389648438
2017-02-14,17.010000228881836,17.010000228881836
2017-02-15,17.040000915527344,17.040000915527344
2017-02-16,17.149999618530273,17.149999618530273
2017-02-17,17.059999465942383,17.059999465942383
2017-02-21,17.030000686645508,17.030000686645508
2017-02-22,17.110000610351562,17.110000610351562
2017-02-23,17.239999771118164,17.239999771118164
2017-02-24,17.399999618530273,17.399999618530273
2017-02-27,17.270000457763672,17.270000457763672
2017-02-28,17.3700008392334,17.3700008392334
2017-03-01,17.440000534057617,17.440000534057617
2017-03-02,16.799999237060547,16.799999237060547
2017-03-03,16.979999542236328,16.979999542236328
2017-03-06,16.829999923706055,16.829999923706055
2017-03-07,16.549999237060547,16.549999237060547
2017-03-08,16.31999969482422,16.31999969482422
2017-03-09,16.059999465942383,16.059999465942383
2017-03-10,16.149999618530273,16.149999618530273
2017-03-13,16.06999969482422,16.06999969482422
2017-03-14,15.989999771118164,15.989999771118164
2017-03-15,16.43000030517578,16.43000030517578
2017-03-16,16.399999618530273,16.399999618530273
2017-03-17,16.469999313354492,16.469999313354492
2017-03-20,16.5,16.5
2017-03-21,16.610000610351562,16.610000610351562
2017-03-22,16.6200008392334,16.6200008392334
2017-03-23,16.670000076293945,16.670000076293945
2017-03-24,16.809999465942383,16.809999465942383
2017-03-27,17.149999618530273,17.149999618530273
2017-03-28,17.18000030517578,17.18000030517578
2017-03-29,17.25,17.25
2017-03-30,17.149999618530273,17.149999618530273
2017-03-31,17.25,17.25
2017-04-03,17.239999771118164,17.239999771118164
2017-04-04,17.329999923706055,17.329999923706055
2017-04-05,17.31999969482422,17.31999969482422
2017-04-06,17.260000228881836,17.260000228881836
2017-04-07,17.030000686645508,17.030000686645508
2017-04-10,17.0,17.0
2017-04-11,17.309999465942383,17.309999465942383
2017-04-12,17.459999084472656,17.459999084472656
2017-04-13,17.530000686645508,17.530000686645508
2017-04-17,17.43000030517578,17.43000030517578
2017-04-18,17.34000015258789,17.34000015258789
2017-04-19,17.18000030517578,17.18000030517578
2017-04-20,17.059999465942383,17.059999465942383
2017-04-21,17.020000457763672,17.020000457763672
2017-04-24,16.979999542236328,16.979999542236328
2017-04-25,16.68000030517578,16.68000030517578
2017-04-26,16.56999969482422,16.56999969482422
2017-04-27,16.3700008392334,16.3700008392334
2017-04-28,16.299999237060547,16.299999237060547
2017-05-01,15.989999771118164,15.989999771118164
2017-05-02,15.930000305175781,15.930000305175781
2017-05-03,15.59000015258789,15.59000015258789
2017-05-04,15.430000305175781,15.430000305175781
2017-05-05,15.5,15.5
2017-05-08,15.40999984741211,15.40999984741211
2017-05-09,15.300000190734863,15.300000190734863
2017-05-10,15.350000381469727,15.350000381469727
2017-05-11,15.449999809265137,15.449999809265137
2017-05-12,15.569999694824219,15.569999694824219
2017-05-15,15.75,15.75
2017-05-16,15.930000305175781,15.930000305175781
2017-05-17,16.0,16.0
2017-05-18,15.710000038146973,15.710000038146973
2017-05-19,15.9399995803833,15.9399995803833
2017-05-22,16.229999542236328,16.229999542236328
2017-05-23,16.149999618530273,16.149999618530273
2017-05-24,16.280000686645508,16.280000686645508
2017-05-25,16.229999542236328,16.229999542236328
2017-05-26,16.399999618530273,16.399999618530273
2017-05-30,16.469999313354492,16.469999313354492
2017-05-31,16.389999389648438,16.389999389648438
2017-06-01,16.3799991607666,16.3799991607666
2017-06-02,16.59000015258789,16.59000015258789
2017-06-05,16.6299991607666,16.6299991607666
2017-06-06,16.760000228881836,16.760000228881836
2017-06-07,16.649999618530273,16.649999618530273
2017-06-08,16.489999771118164,16.489999771118164
2017-06-09,16.280000686645508,16.280000686645508
2017-06-12,16.040000915527344,16.040000915527344
2017-06-13,15.949999809265137,15.949999809265137
2017-06-14,15.949999809265137,15.949999809265137
2017-06-15,15.880000114440918,15.880000114440918
2017-06-16,15.789999961853027,15.789999961853027
2017-06-19,15.609999656677246,15.609999656677246
2017-06-20,15.59000015258789,15.59000015258789
2017-06-21,15.539999961853027,15.539999961853027
2017-06-22,15.680000305175781,15.680000305175781
2017-06-23,15.789999961853027,15.789999961853027
2017-06-26,15.680000305175781,15.680000305175781
2017-06-27,15.789999961853027,15.789999961853027
2017-06-28,15.920000076293945,15.920000076293945
2017-06-29,15.729999542236328,15.729999542236328
2017-06-30,15.710000038146973,15.710000038146973
2017-07-03,15.300000190734863,15.300000190734863
2017-07-05,15.180000305175781,15.180000305175781
2017-07-06,15.149999618530273,15.149999618530273
2017-07-07,14.729999542236328,14.729999542236328
2017-07-10,14.829999923706055,14.829999923706055
2017-07-11,14.989999771118164,14.989999771118164
2017-07-12,15.050000190734863,15.050000190734863
2017-07-13,14.869999885559082,14.869999885559082
2017-07-14,15.079999923706055,15.079999923706055
2017-07-17,15.220000267028809,15.220000267028809
2017-07-18,15.380000114440918,15.380000114440918
2017-07-19,15.399999618530273,15.399999618530273
2017-07-20,15.420000076293945,15.420000076293945
2017-07-21,15.600000381469727,15.600000381469727
2017-07-24,15.579999923706055,15.579999923706055
2017-07-25,15.59000015258789,15.59000015258789
2017-07-26,15.75,15.75
2017-07-27,15.680000305175781,15.680000305175781
2017-07-28,15.8100004196167,15.8100004196167
2017-07-31,15.899999618530273,15.899999618530273
2017-08-01,15.789999961853027,15.789999961853027
2017-08-02,15.670000076293945,15.670000076293945
2017-08-03,15.720000267028809,15.720000267028809
2017-08-04,15.380000114440918,15.380000114440918
2017-08-07,15.329999923706055,15.329999923706055
2017-08-08,15.5600004196167,15.5600004196167
2017-08-09,15.979999542236328,15.979999542236328
2017-08-10,16.18000030517578,16.18000030517578
2017-08-11,16.170000076293945,16.170000076293945
2017-08-14,16.1299991607666,16.1299991607666
2017-08-15,15.739999771118164,15.739999771118164
2017-08-16,16.149999618530273,16.149999618530273
2017-08-17,16.1200008392334,16.1200008392334
2017-08-18,16.100000381469727,16.100000381469727
2017-08-21,16.06999969482422,16.06999969482422
2017-08-22,16.06999969482422,16.06999969482422
2017-08-23,16.149999618530273,16.149999618530273
2017-08-24,16.030000686645508,16.030000686645508
2017-08-25,16.110000610351562,16.110000610351562
2017-08-28,16.5,16.5
2017-08-29,16.420000076293945,16.420000076293945
2017-08-30,16.459999084472656,16.459999084472656
2017-08-31,16.649999618530273,16.649999618530273
2017-09-01,16.729999542236328,16.729999542236328
2017-09-05,16.90999984741211,16.90999984741211
2017-09-06,16.8700008392334,16.8700008392334
2017-09-07,17.100000381469727,17.100000381469727
2017-09-08,17.020000457763672,17.020000457763672
2017-09-11,16.770000457763672,16.770000457763672
2017-09-12,16.889999389648438,16.889999389648438
2017-09-13,16.760000228881836,16.760000228881836
2017-09-14,16.770000457763672,16.770000457763672
2017-09-15,16.6200008392334,16.6200008392334
2017-09-18,16.270000457763672,16.270000457763672
2017-09-19,16.360000610351562,16.360000610351562
2017-09-20,16.190000534057617,16.190000534057617
2017-09-21,16.030000686645508,16.030000686645508
2017-09-22,16.049999237060547,16.049999237060547
2017-09-25,16.209999084472656,16.209999084472656
2017-09-26,15.90999984741211,15.90999984741211
2017-09-27,15.829999923706055,15.829999923706055
2017-09-28,15.920000076293945,15.920000076293945
2017-09-29,15.739999771118164,15.739999771118164
2017-10-02,15.670000076293945,15.670000076293945
2017-10-03,15.710000038146973,15.710000038146973
2017-10-04,15.6899995803833,15.6899995803833
2017-10-05,15.6899995803833,15.6899995803833
2017-10-06,15.850000381469727,15.850000381469727
2017-10-09,16.020000457763672,16.020000457763672
2017-10-10,16.149999618530273,16.149999618530273
2017-10-11,16.25,16.25
2017-10-12,16.260000228881836,16.260000228881836
2017-10-13,16.40999984741211,16.40999984741211
2017-10-16,16.25,16.25
2017-10-17,16.09000015258789,16.09000015258789
2017-10-18,16.059999465942383,16.059999465942383
2017-10-19,16.270000457763672,16.270000457763672
2017-10-20,16.079999923706055,16.079999923706055
2017-10-23,16.139999389648438,16.139999389648438
2017-10-24,16.020000457763672,16.020000457763672
2017-10-25,16.010000228881836,16.010000228881836
2017-10-26,15.850000381469727,15.850000381469727
2017-10-27,15.90999984741211,15.90999984741211
2017-10-30,15.90999984741211,15.90999984741211
2017-10-31,15.789999961853027,15.789999961853027
2017-11-01,16.18000030517578,16.18000030517578
2017-11-02,16.170000076293945,16.170000076293945
2017-11-03,15.920000076293945,15.920000076293945
2017-11-06,16.270000457763672,16.270000457763672
2017-11-07,16.010000228881836,16.010000228881836
2017-11-08,16.059999465942383,16.059999465942383
2017-11-09,16.06999969482422,16.06999969482422
2017-11-10,15.949999809265137,15.949999809265137
2017-11-13,16.09000015258789,16.09000015258789
2017-11-14,16.079999923706055,16.079999923706055
2017-11-15,16.030000686645508,16.030000686645508
2017-11-16,16.1200008392334,16.1200008392334
2017-11-17,16.309999465942383,16.309999465942383
2017-11-20,15.979999542236328,15.979999542236328
2017-11-21,16.010000228881836,16.010000228881836
2017-11-22,16.170000076293945,16.170000076293945
2017-11-24,16.079999923706055,16.079999923706055
2017-11-27,16.100000381469727,16.100000381469727
2017-11-28,15.90999984741211,15.90999984741211
2017-11-29,15.640000343322754,15.640000343322754
2017-11-30,15.510000228881836,15.510000228881836
2017-12-01,15.529999732971191,15.529999732971191
2017-12-04,15.4399995803833,15.4399995803833
2017-12-05,15.229999542236328,15.229999542236328
2017-12-06,15.100000381469727,15.100000381469727
2017-12-07,14.869999885559082,14.869999885559082
2017-12-08,14.960000038146973,14.960000038146973
2017-12-11,14.850000381469727,14.850000381469727
2017-12-12,14.859999656677246,14.859999656677246
2017-12-13,15.149999618530273,15.149999618530273
2017-12-14,15.020000457763672,15.020000457763672
2017-12-15,15.149999618530273,15.149999618530273
2017-12-18,15.220000267028809,15.220000267028809
2017-12-19,15.220000267028809,15.220000267028809
2017-12-20,15.25,15.25
2017-12-21,15.220000267028809,15.220000267028809
2017-12-22,15.399999618530273,15.399999618530273
2017-12-26,15.59000015258789,15.59000015258789
2017-12-27,15.729999542236328,15.729999542236328
2017-12-28,15.880000114440918,15.880000114440918
2017-12-29,15.989999771118164,15.989999771118164
2018-01-02,16.209999084472656,16.209999084472656
2018-01-03,16.170000076293945,16.170000076293945
2018-01-04,16.229999542236328,16.229999542236328
2018-01-05,16.219999313354492,16.219999313354492
2018-01-08,16.149999618530273,16.149999618530273
2018-01-09,16.030000686645508,16.030000686645508
2018-01-10,16.020000457763672,16.020000457763672
2018-01-11,16.010000228881836,16.010000228881836
2018-01-12,16.270000457763672,16.270000457763672
2018-01-16,16.25,16.25
2018-01-17,16.059999465942383,16.059999465942383
2018-01-18,15.970000267028809,15.970000267028809
2018-01-19,16.049999237060547,16.049999237060547
2018-01-22,16.040000915527344,16.040000915527344
2018-01-23,16.079999923706055,16.079999923706055
2018-01-24,16.559999465942383,16.559999465942383
2018-01-25,16.309999465942383,16.309999465942383
2018-01-26,16.40999984741211,16.40999984741211
2018-01-29,16.209999084472656,16.209999084472656
2018-01-30,16.149999618530273,16.149999618530273
2018-01-31,16.350000381469727,16.350000381469727
2018-02-01,16.25,16.25
2018-02-02,15.65999984741211,15.65999984741211
2018-02-05,15.739999771118164,15.739999771118164
2018-02-06,15.649999618530273,15.649999618530273
2018-02-07,15.40999984741211,15.40999984741211
2018-02-08,15.460000038146973,15.460000038146973
2018-02-09,15.390000343322754,15.390000343322754
2018-02-12,15.569999694824219,15.569999694824219
2018-02-13,15.619999885559082,15.619999885559082
2018-02-14,15.90999984741211,15.90999984741211
2018-02-15,15.90999984741211,15.90999984741211
2018-02-16,15.729999542236328,15.729999542236328
2018-02-20,15.539999961853027,15.539999961853027
2018-02-21,15.539999961853027,15.539999961853027
2018-02-22,15.65999984741211,15.65999984741211
2018-02-23,15.59000015258789,15.59000015258789
2018-02-26,15.680000305175781,15.680000305175781
2018-02-27,15.479999542236328,15.479999542236328
2018-02-28,15.460000038146973,15.460000038146973
2018-03-01,15.539999961853027,15.539999961853027
2018-03-02,15.5600004196167,15.5600004196167
2018-03-05,15.489999771118164,15.489999771118164
2018-03-06,15.779999732971191,15.779999732971191
2018-03-07,15.529999732971191,15.529999732971191
2018-03-08,15.550000190734863,15.550000190734863
2018-03-09,15.630000114440918,15.630000114440918
2018-03-12,15.609999656677246,15.609999656677246
2018-03-13,15.609999656677246,15.609999656677246
2018-03-14,15.609999656677246,15.609999656677246
2018-03-15,15.449999809265137,15.449999809265137
2018-03-16,15.390000343322754,15.390000343322754
2018-03-19,15.390000343322754,15.390000343322754
2018-03-20,15.279999732971191,15.279999732971191
2018-03-21,15.649999618530273,15.649999618530273
2018-03-22,15.4399995803833,15.4399995803833
2018-03-23,15.579999923706055,15.579999923706055
2018-03-26,15.720000267028809,15.720000267028809
2018-03-27,15.569999694824219,15.569999694824219
2018-03-28,15.359999656677246,15.359999656677246
2018-03-29,15.40999984741211,15.40999984741211
2018-04-02,15.649999618530273,15.649999618530273
2018-04-03,15.460000038146973,15.460000038146973
2018-04-04,15.380000114440918,15.380000114440918
2018-04-05,15.449999809265137,15.449999809265137
2018-04-06,15.430000305175781,15.430000305175781
2018-04-09,15.5600004196167,15.5600004196167
2018-04-10,15.619999885559082,15.619999885559082
2018-04-11,15.6899995803833,15.6899995803833
2018-04-12,15.520000457763672,15.520000457763672
2018-04-13,15.680000305175781,15.680000305175781
2018-04-16,15.720000267028809,15.720000267028809
2018-04-17,15.800000190734863,15.800000190734863
2018-04-18,16.18000030517578,16.18000030517578
2018-04-19,16.260000228881836,16.260000228881836
2018-04-20,16.1299991607666,16.1299991607666
2018-04-23,15.670000076293945,15.670000076293945
2018-04-24,15.760000228881836,15.760000228881836
2018-04-25,15.609999656677246,15.609999656677246
2018-04-26,15.579999923706055,15.579999923706055
2018-04-27,15.569999694824219,15.569999694824219
2018-04-30,15.380000114440918,15.380000114440918
2018-05-01,15.239999771118164,15.239999771118164
2018-05-02,15.420000076293945,15.420000076293945
2018-05-03,15.460000038146973,15.460000038146973
2018-05-04,15.539999961853027,15.539999961853027
2018-05-07,15.520000457763672,15.520000457763672
2018-05-08,15.510000228881836,15.510000228881836
2018-05-09,15.529999732971191,15.529999732971191
2018-05-10,15.739999771118164,15.739999771118164
2018-05-11,15.699999809265137,15.699999809265137
2018-05-14,15.5600004196167,15.5600004196167
2018-05-15,15.329999923706055,15.329999923706055
2018-05-16,15.40999984741211,15.40999984741211
2018-05-17,15.470000267028809,15.470000267028809
2018-05-18,15.479999542236328,15.479999542236328
2018-05-21,15.539999961853027,15.539999961853027
2018-05-22,15.579999923706055,15.579999923706055
2018-05-23,15.5,15.5
2018-05-24,15.6899995803833,15.6899995803833
2018-05-25,15.529999732971191,15.529999732971191
2018-05-29,15.4399995803833,15.4399995803833
2018-05-30,15.550000190734863,15.550000190734863
2018-05-31,15.460000038146973,15.460000038146973
2018-06-01,15.4399995803833,15.4399995803833
2018-06-04,15.449999809265137,15.449999809265137
2018-06-05,15.520000457763672,15.520000457763672
2018-06-06,15.699999809265137,15.699999809265137
2018-06-07,15.720000267028809,15.720000267028809
2018-06-08,15.779999732971191,15.779999732971191
2018-06-11,15.9399995803833,15.9399995803833
2018-06-12,15.869999885559082,15.869999885559082
2018-06-13,16.079999923706055,16.079999923706055
2018-06-14,16.170000076293945,16.170000076293945
2018-06-15,15.600000381469727,15.600000381469727
2018-06-18,15.510000228881836,15.510000228881836
2018-06-19,15.359999656677246,15.359999656677246
2018-06-20,15.34000015258789,15.34000015258789
2018-06-21,15.359999656677246,15.359999656677246
2018-06-22,15.5,15.5
2018-06-25,15.369999885559082,15.369999885559082
2018-06-26,15.329999923706055,15.329999923706055
2018-06-27,15.119999885559082,15.119999885559082
2018-06-28,15.069999694824219,15.069999694824219
2018-06-29,15.149999618530273,15.149999618530273
2018-07-02,14.90999984741211,14.90999984741211
2018-07-03,15.029999732971191,15.029999732971191
2018-07-05,15.100000381469727,15.100000381469727
2018-07-06,15.079999923706055,15.079999923706055
2018-07-09,15.170000076293945,15.170000076293945
2018-07-10,15.119999885559082,15.119999885559082
2018-07-11,14.859999656677246,14.859999656677246
2018-07-12,15.0,15.0
2018-07-13,14.880000114440918,14.880000114440918
2018-07-16,14.850000381469727,14.850000381469727
2018-07-17,14.670000076293945,14.670000076293945
2018-07-18,14.630000114440918,14.630000114440918
2018-07-19,14.420000076293945,14.420000076293945
2018-07-20,14.59000015258789,14.59000015258789
2018-07-23,14.470000267028809,14.470000267028809
2018-07-24,14.579999923706055,14.579999923706055
2018-07-25,14.680000305175781,14.680000305175781
2018-07-26,14.489999771118164,14.489999771118164
2018-07-27,14.569999694824219,14.569999694824219
2018-07-30,14.579999923706055,14.579999923706055
2018-07-31,14.609999656677246,14.609999656677246
2018-08-01,14.479999542236328,14.479999542236328
2018-08-02,14.430000305175781,14.430000305175781
2018-08-03,14.5,14.5
2018-08-06,14.399999618530273,14.399999618530273
2018-08-07,14.430000305175781,14.430000305175781
2018-08-08,14.5,14.5
2018-08-09,14.520000457763672,14.520000457763672
2018-08-10,14.40999984741211,14.40999984741211
2018-08-13,14.100000381469727,14.100000381469727
2018-08-14,14.170000076293945,14.170000076293945
2018-08-15,13.569999694824219,13.569999694824219
2018-08-16,13.770000457763672,13.770000457763672
2018-08-17,13.920000076293945,13.920000076293945
2018-08-20,13.880000114440918,13.880000114440918
2018-08-21,13.890000343322754,13.890000343322754
2018-08-22,13.880000114440918,13.880000114440918
2018-08-23,13.649999618530273,13.649999618530273
2018-08-24,13.920000076293945,13.920000076293945
2018-08-27,13.989999771118164,13.989999771118164
2018-08-28,13.84000015258789,13.84000015258789
2018-08-29,13.869999885559082,13.869999885559082
2018-08-30,13.699999809265137,13.699999809265137
2018-08-31,13.649999618530273,13.649999618530273
2018-09-04,13.3100004196167,13.3100004196167
2018-09-05,13.350000381469727,13.350000381469727
2018-09-06,13.3100004196167,13.3100004196167
2018-09-07,13.319999694824219,13.319999694824219
2018-09-10,13.3100004196167,13.3100004196167
2018-09-11,13.279999732971191,13.279999732971191
2018-09-12,13.390000343322754,13.390000343322754
2018-09-13,13.350000381469727,13.350000381469727
2018-09-14,13.229999542236328,13.229999542236328
2018-09-17,13.3100004196167,13.3100004196167
2018-09-18,13.3100004196167,13.3100004196167
2018-09-19,13.399999618530273,13.399999618530273
2018-09-20,13.449999809265137,13.449999809265137
2018-09-21,13.4399995803833,13.4399995803833
2018-09-24,13.40999984741211,13.40999984741211
2018-09-25,13.59000015258789,13.59000015258789
2018-09-26,13.489999771118164,13.489999771118164
2018-09-27,13.40999984741211,13.40999984741211
2018-09-28,13.729999542236328,13.729999542236328
2018-10-01,13.619999885559082,13.619999885559082
2018-10-02,13.789999961853027,13.789999961853027
2018-10-03,13.779999732971191,13.779999732971191
2018-10-04,13.710000038146973,13.710000038146973
2018-10-05,13.75,13.75
2018-10-08,13.529999732971191,13.529999732971191
2018-10-09,13.529999732971191,13.529999732971191
2018-10-10,13.449999809265137,13.449999809265137
2018-10-11,13.670000076293945,13.670000076293945
2018-10-12,13.739999771118164,13.739999771118164
2018-10-15,13.800000190734863,13.800000190734863
2018-10-16,13.779999732971191,13.779999732971191
2018-10-17,13.739999771118164,13.739999771118164
2018-10-18,13.699999809265137,13.699999809265137
2018-10-19,13.739999771118164,13.739999771118164
2018-10-22,13.680000305175781,13.680000305175781
2018-10-23,13.829999923706055,13.829999923706055
2018-10-24,13.789999961853027,13.789999961853027
2018-10-25,13.739999771118164,13.739999771118164
2018-10-26,13.8100004196167,13.8100004196167
2018-10-29,13.59000015258789,13.59000015258789
2018-10-30,13.609999656677246,13.609999656677246
2018-10-31,13.40999984741211,13.40999984741211
2018-11-01,13.829999923706055,13.829999923706055
2018-11-02,13.859999656677246,13.859999656677246
2018-11-05,13.760000228881836,13.760000228881836
2018-11-06,13.649999618530273,13.649999618530273
2018-11-07,13.670000076293945,13.670000076293945
2018-11-08,13.5600004196167,13.5600004196167
2018-11-09,13.319999694824219,13.319999694824219
2018-11-12,13.170000076293945,13.170000076293945
2018-11-13,13.149999618530273,13.149999618530273
2018-11-14,13.279999732971191,13.279999732971191
2018-11-15,13.420000076293945,13.420000076293945
2018-11-16,13.529999732971191,13.529999732971191
2018-11-19,13.550000190734863,13.550000190734863
2018-11-20,13.449999809265137,13.449999809265137
2018-11-21,13.600000381469727,13.600000381469727
2018-11-23,13.420000076293945,13.420000076293945
2018-11-26,13.390000343322754,13.390000343322754
2018-11-27,13.289999961853027,13.289999961853027
2018-11-28,13.430000305175781,13.430000305175781
2018-11-29,13.430000305175781,13.430000305175781
2018-11-30,13.319999694824219,13.319999694824219
2018-12-03,13.489999771118164,13.489999771118164
2018-12-04,13.619999885559082,13.619999885559082
2018-12-06,13.600000381469727,13.600000381469727
2018-12-07,13.729999542236328,13.729999542236328
2018-12-10,13.649999618530273,13.649999618530273
2018-12-11,13.65999984741211,13.65999984741211
2018-12-12,13.819999694824219,13.819999694824219
2018-12-13,13.859999656677246,13.859999656677246
2018-12-14,13.699999809265137,13.699999809265137
2018-12-17,13.770000457763672,13.770000457763672
2018-12-18,13.75,13.75
2018-12-19,13.6899995803833,13.6899995803833
2018-12-20,13.850000381469727,13.850000381469727
2018-12-21,13.739999771118164,13.739999771118164
2018-12-24,13.869999885559082,13.869999885559082
2018-12-26,14.109999656677246,14.109999656677246
2018-12-27,14.300000190734863,14.300000190734863
2018-12-28,14.420000076293945,14.420000076293945
2018-12-31,14.520000457763672,14.520000457763672
2019-01-02,14.5600004196167,14.5600004196167
2019-01-03,14.75,14.75
2019-01-04,14.729999542236328,14.729999542236328
2019-01-07,14.670000076293945,14.670000076293945
2019-01-08,14.6899995803833,14.6899995803833
2019-01-09,14.779999732971191,14.779999732971191
2019-01-10,14.600000381469727,14.600000381469727
2019-01-11,14.640000343322754,14.640000343322754
2019-01-14,14.65999984741211,14.65999984741211
2019-01-15,14.600000381469727,14.600000381469727
2019-01-16,14.630000114440918,14.630000114440918
2019-01-17,14.569999694824219,14.569999694824219
2019-01-18,14.369999885559082,14.369999885559082
2019-01-22,14.390000343322754,14.390000343322754
2019-01-23,14.420000076293945,14.420000076293945
2019-01-24,14.359999656677246,14.359999656677246
2019-01-25,14.739999771118164,14.739999771118164
2019-01-28,14.789999961853027,14.789999961853027
2019-01-29,14.880000114440918,14.880000114440918
2019-01-30,15.050000190734863,15.050000190734863
2019-01-31,15.050000190734863,15.050000190734863
2019-02-01,14.920000076293945,14.920000076293945
2019-02-04,14.880000114440918,14.880000114440918
2019-02-05,14.869999885559082,14.869999885559082
2019-02-06,14.680000305175781,14.680000305175781
2019-02-07,14.770000457763672,14.770000457763672
2019-02-08,14.829999923706055,14.829999923706055
2019-02-11,14.720000267028809,14.720000267028809
2019-02-12,14.729999542236328,14.729999542236328
2019-02-13,14.59000015258789,14.59000015258789
2019-02-14,14.649999618530273,14.649999618530273
2019-02-15,14.819999694824219,14.819999694824219
2019-02-19,15.020000457763672,15.020000457763672
2019-02-20,15.069999694824219,15.069999694824219
2019-02-21,14.829999923706055,14.829999923706055
2019-02-22,14.949999809265137,14.949999809265137
2019-02-25,14.899999618530273,14.899999618530273
2019-02-26,14.9399995803833,14.9399995803833
2019-02-27,14.75,14.75
2019-02-28,14.630000114440918,14.630000114440918
2019-03-01,14.199999809265137,14.199999809265137
2019-03-04,14.149999618530273,14.149999618530273
2019-03-05,14.199999809265137,14.199999809265137
2019-03-06,14.149999618530273,14.149999618530273
2019-03-07,14.09000015258789,14.09000015258789
2019-03-08,14.40999984741211,14.40999984741211
2019-03-11,14.369999885559082,14.369999885559082
2019-03-12,14.479999542236328,14.479999542236328
2019-03-13,14.510000228881836,14.510000228881836
2019-03-14,14.239999771118164,14.239999771118164
2019-03-15,14.329999923706055,14.329999923706055
2019-03-18,14.390000343322754,14.390000343322754
2019-03-19,14.399999618530273,14.399999618530273
2019-03-20,14.539999961853027,14.539999961853027
2019-03-21,14.5,14.5
2019-03-22,14.449999809265137,14.449999809265137
2019-03-25,14.5600004196167,14.5600004196167
2019-03-26,14.470000267028809,14.470000267028809
2019-03-27,14.319999694824219,14.319999694824219
2019-03-28,14.069999694824219,14.069999694824219
2019-03-29,14.180000305175781,14.180000305175781
2019-04-01,14.149999618530273,14.149999618530273
2019-04-02,14.15999984741211,14.15999984741211
2019-04-03,14.199999809265137,14.199999809265137
2019-04-04,14.220000267028809,14.220000267028809
2019-04-05,14.170000076293945,14.170000076293945
2019-04-08,14.3100004196167,14.3100004196167
2019-04-09,14.279999732971191,14.279999732971191
2019-04-10,14.279999732971191,14.279999732971191
2019-04-11,14.020000457763672,14.020000457763672
2019-04-12,14.050000190734863,14.050000190734863
2019-04-15,14.0600004196167,14.0600004196167
2019-04-16,14.069999694824219,14.069999694824219
2019-04-17,14.050000190734863,14.050000190734863
2019-04-18,14.0600004196167,14.0600004196167
2019-04-22,14.079999923706055,14.079999923706055
2019-04-23,13.90999984741211,13.90999984741211
2019-04-24,14.0,14.0
2019-04-25,14.0,14.0
2019-04-26,14.100000381469727,14.100000381469727
2019-04-29,13.989999771118164,13.989999771118164
2019-04-30,14.020000457763672,14.020000457763672
2019-05-01,13.75,13.75
2019-05-02,13.710000038146973,13.710000038146973
2019-05-03,13.960000038146973,13.960000038146973
2019-05-06,13.979999542236328,13.979999542236328
2019-05-07,13.979999542236328,13.979999542236328
2019-05-08,13.890000343322754,13.890000343322754
2019-05-09,13.829999923706055,13.829999923706055
2019-05-10,13.84000015258789,13.84000015258789
2019-05-13,13.84000015258789,13.84000015258789
2019-05-14,13.859999656677246,13.859999656677246
2019-05-15,13.850000381469727,13.850000381469727
2019-05-16,13.649999618530273,13.649999618530273
2019-05-17,13.520000457763672,13.520000457763672
2019-05-20,13.550000190734863,13.550000190734863
2019-05-21,13.529999732971191,13.529999732971191
2019-05-22,13.539999961853027,13.539999961853027
2019-05-23,13.680000305175781,13.680000305175781
2019-05-24,13.649999618530273,13.649999618530273
2019-05-28,13.460000038146973,13.460000038146973
2019-05-29,13.520000457763672,13.520000457763672
2019-05-30,13.600000381469727,13.600000381469727
2019-05-31,13.649999618530273,13.649999618530273
2019-06-03,13.869999885559082,13.869999885559082
2019-06-04,13.890000343322754,13.890000343322754
2019-06-05,13.880000114440918,13.880000114440918
2019-06-06,13.920000076293945,13.920000076293945
2019-06-07,14.0600004196167,14.0600004196167
2019-06-10,13.779999732971191,13.779999732971191
2019-06-11,13.8100004196167,13.8100004196167
2019-06-12,13.84000015258789,13.84000015258789
2019-06-13,13.960000038146973,13.960000038146973
2019-06-14,13.90999984741211,13.90999984741211
2019-06-17,13.899999618530273,13.899999618530273
2019-06-18,14.050000190734863,14.050000190734863
2019-06-19,14.170000076293945,14.170000076293945
2019-06-20,14.449999809265137,14.449999809265137
2019-06-21,14.359999656677246,14.359999656677246
2019-06-24,14.460000038146973,14.460000038146973
2019-06-25,14.380000114440918,14.380000114440918
2019-06-26,14.319999694824219,14.319999694824219
2019-06-27,14.279999732971191,14.279999732971191
2019-06-28,14.329999923706055,14.329999923706055
2019-07-01,14.180000305175781,14.180000305175781
2019-07-02,14.289999961853027,14.289999961853027
2019-07-03,14.319999694824219,14.319999694824219
2019-07-05,14.0600004196167,14.0600004196167
2019-07-08,14.050000190734863,14.050000190734863
2019-07-09,14.140000343322754,14.140000343322754
2019-07-10,14.260000228881836,14.260000228881836
2019-07-11,14.170000076293945,14.170000076293945
2019-07-12,14.260000228881836,14.260000228881836
2019-07-15,14.420000076293945,14.420000076293945
2019-07-16,14.539999961853027,14.539999961853027
2019-07-17,14.9399995803833,14.9399995803833
2019-07-18,15.289999961853027,15.289999961853027
2019-07-19,15.170000076293945,15.170000076293945
2019-07-22,15.350000381469727,15.350000381469727
2019-07-23,15.34000015258789,15.34000015258789
2019-07-24,15.520000457763672,15.520000457763672
2019-07-25,15.359999656677246,15.359999656677246
2019-07-26,15.3100004196167,15.3100004196167
2019-07-29,15.399999618530273,15.399999618530273
2019-07-30,15.5,15.5
2019-07-31,15.210000038146973,15.210000038146973
2019-08-01,15.34000015258789,15.34000015258789
2019-08-02,15.1899995803833,15.1899995803833
2019-08-05,15.329999923706055,15.329999923706055
2019-08-06,15.380000114440918,15.380000114440918
2019-08-07,15.970000267028809,15.970000267028809
2019-08-08,15.890000343322754,15.890000343322754
2019-08-09,15.890000343322754,15.890000343322754
2019-08-12,15.979999542236328,15.979999542236328
2019-08-13,15.869999885559082,15.869999885559082
2019-08-14,16.079999923706055,16.079999923706055
2019-08-15,16.1299991607666,16.1299991607666
2019-08-16,16.020000457763672,16.020000457763672
2019-08-19,15.789999961853027,15.789999961853027
2019-08-20,16.049999237060547,16.049999237060547
2019-08-21,16.049999237060547,16.049999237060547
2019-08-22,15.970000267028809,15.970000267028809
2019-08-23,16.350000381469727,16.350000381469727
2019-08-26,16.520000457763672,16.520000457763672
2019-08-27,17.030000686645508,17.030000686645508
2019-08-28,17.170000076293945,17.170000076293945
2019-08-29,17.06999969482422,17.06999969482422
2019-08-30,17.149999618530273,17.149999618530273
2019-09-03,17.889999389648438,17.889999389648438
2019-09-04,18.34000015258789,18.34000015258789
2019-09-05,17.40999984741211,17.40999984741211
2019-09-06,16.8700008392334,16.8700008392334
2019-09-09,16.829999923706055,16.829999923706055
2019-09-10,16.850000381469727,16.850000381469727
2019-09-11,16.950000762939453,16.950000762939453
2019-09-12,16.920000076293945,16.920000076293945
2019-09-13,16.309999465942383,16.309999465942383
2019-09-16,16.739999771118164,16.739999771118164
2019-09-17,16.860000610351562,16.860000610351562
2019-09-18,16.549999237060547,16.549999237060547
2019-09-19,16.6200008392334,16.6200008392334
2019-09-20,16.799999237060547,16.799999237060547
2019-09-23,17.510000228881836,17.510000228881836
2019-09-24,17.440000534057617,17.440000534057617
2019-09-25,16.709999084472656,16.709999084472656
2019-09-26,16.670000076293945,16.670000076293945
2019-09-27,16.360000610351562,16.360000610351562
2019-09-30,15.920000076293945,15.920000076293945
2019-10-01,16.149999618530273,16.149999618530273
2019-10-02,16.43000030517578,16.43000030517578
2019-10-03,16.43000030517578,16.43000030517578
2019-10-04,16.40999984741211,16.40999984741211
2019-10-07,16.299999237060547,16.299999237060547
2019-10-08,16.610000610351562,16.610000610351562
2019-10-09,16.600000381469727,16.600000381469727
2019-10-10,16.3700008392334,16.3700008392334
2019-10-11,16.3700008392334,16.3700008392334
2019-10-14,16.489999771118164,16.489999771118164
2019-10-15,16.270000457763672,16.270000457763672
2019-10-16,16.260000228881836,16.260000228881836
2019-10-17,16.399999618530273,16.399999618530273
2019-10-18,16.40999984741211,16.40999984741211
2019-10-21,16.40999984741211,16.40999984741211
2019-10-22,16.3700008392334,16.3700008392334
2019-10-23,16.389999389648438,16.389999389648438
2019-10-24,16.649999618530273,16.649999618530273
2019-10-25,16.889999389648438,16.889999389648438
2019-10-28,16.68000030517578,16.68000030517578
2019-10-29,16.649999618530273,16.649999618530273
2019-10-30,16.729999542236328,16.729999542236328
2019-10-31,16.920000076293945,16.920000076293945
2019-11-01,16.920000076293945,16.920000076293945
2019-11-04,16.850000381469727,16.850000381469727
2019-11-05,16.440000534057617,16.440000534057617
2019-11-06,16.469999313354492,16.469999313354492
2019-11-07,16.0,16.0
2019-11-08,15.699999809265137,15.699999809265137
2019-11-11,15.75,15.75
2019-11-12,15.720000267028809,15.720000267028809
2019-11-13,15.829999923706055,15.829999923706055
2019-11-14,15.899999618530273,15.899999618530273
2019-11-15,15.850000381469727,15.850000381469727
2019-11-18,15.920000076293945,15.920000076293945
2019-11-19,16.020000457763672,16.020000457763672
2019-11-20,16.040000915527344,16.040000915527344
2019-11-21,15.989999771118164,15.989999771118164
2019-11-22,15.899999618530273,15.899999618530273
2019-11-25,15.779999732971191,15.779999732971191
2019-11-26,15.989999771118164,15.989999771118164
2019-11-27,15.84000015258789,15.84000015258789
2019-11-29,15.920000076293945,15.920000076293945
2019-12-02,15.800000190734863,15.800000190734863
2019-12-03,16.049999237060547,16.049999237060547
2019-12-04,15.760000228881836,15.760000228881836
2019-12-05,15.850000381469727,15.850000381469727
2019-12-06,15.479999542236328,15.479999542236328
2019-12-09,15.5,15.5
2019-12-10,15.569999694824219,15.569999694824219
2019-12-11,15.75,15.75
2019-12-12,15.850000381469727,15.850000381469727
2019-12-13,15.84000015258789,15.84000015258789
2019-12-16,15.90999984741211,15.90999984741211
2019-12-17,15.880000114440918,15.880000114440918
2019-12-18,15.899999618530273,15.899999618530273
2019-12-19,15.9399995803833,15.9399995803833
2019-12-20,16.040000915527344,16.040000915527344
2019-12-23,16.280000686645508,16.280000686645508
2019-12-24,16.579999923706055,16.579999923706055
2019-12-26,16.729999542236328,16.729999542236328
2019-12-27,16.579999923706055,16.579999923706055
2019-12-30,16.739999771118164,16.739999771118164
2019-12-31,16.68000030517578,16.68000030517578
2020-01-02,16.809999465942383,16.809999465942383
2020-01-03,16.84000015258789,16.84000015258789
2020-01-06,16.940000534057617,16.940000534057617
2020-01-07,17.170000076293945,17.170000076293945
2020-01-08,16.93000030517578,16.93000030517578
2020-01-09,16.719999313354492,16.719999313354492
2020-01-10,16.889999389648438,16.889999389648438
2020-01-13,16.780000686645508,16.780000686645508
2020-01-14,16.6200008392334,16.6200008392334
2020-01-15,16.809999465942383,16.809999465942383
2020-01-16,16.770000457763672,16.770000457763672
2020-01-17,16.81999969482422,16.81999969482422
2020-01-21,16.639999389648438,16.639999389648438
2020-01-22,16.65999984741211,16.65999984741211
2020-01-23,16.610000610351562,16.610000610351562
2020-01-24,16.90999984741211,16.90999984741211
2020-01-27,16.889999389648438,16.889999389648438
2020-01-28,16.31999969482422,16.31999969482422
2020-01-29,16.40999984741211,16.40999984741211
2020-01-30,16.68000030517578,16.68000030517578
2020-01-31,16.81999969482422,16.81999969482422
2020-02-03,16.5,16.5
2020-02-04,16.450000762939453,16.450000762939453
2020-02-05,16.459999084472656,16.459999084472656
2020-02-06,16.6299991607666,16.6299991607666
2020-02-07,16.540000915527344,16.540000915527344
2020-02-10,16.610000610351562,16.610000610351562
2020-02-11,16.479999542236328,16.479999542236328
2020-02-12,16.329999923706055,16.329999923706055
2020-02-13,16.459999084472656,16.459999084472656
2020-02-14,16.559999465942383,16.559999465942383
2020-02-18,17.010000228881836,17.010000228881836
2020-02-19,17.229999542236328,17.229999542236328
2020-02-20,17.139999389648438,17.139999389648438
2020-02-21,17.280000686645508,17.280000686645508
2020-02-24,17.399999618530273,17.399999618530273
2020-02-25,16.709999084472656,16.709999084472656
2020-02-26,16.68000030517578,16.68000030517578
2020-02-27,16.469999313354492,16.469999313354492
2020-02-28,15.529999732971191,15.529999732971191
2020-03-02,15.5600004196167,15.5600004196167
2020-03-03,16.020000457763672,16.020000457763672
2020-03-04,16.09000015258789,16.09000015258789
2020-03-05,16.299999237060547,16.299999237060547
2020-03-06,16.18000030517578,16.18000030517578
2020-03-09,15.880000114440918,15.880000114440918
2020-03-10,15.729999542236328,15.729999542236328
2020-03-11,15.630000114440918,15.630000114440918
2020-03-12,14.619999885559082,14.619999885559082
2020-03-13,13.6899995803833,13.6899995803833
2020-03-16,12.0,12.0
2020-03-17,11.880000114440918,11.880000114440918
2020-03-18,11.210000038146973,11.210000038146973
2020-03-19,11.319999694824219,11.319999694824219
2020-03-20,11.619999885559082,11.619999885559082
2020-03-23,12.3100004196167,12.3100004196167
2020-03-24,13.289999961853027,13.289999961853027
2020-03-25,13.510000228881836,13.510000228881836
2020-03-26,13.529999732971191,13.529999732971191
2020-03-27,13.4399995803833,13.4399995803833
2020-03-30,13.15999984741211,13.15999984741211
2020-03-31,13.050000190734863,13.050000190734863
2020-04-01,13.020000457763672,13.020000457763672
2020-04-02,13.529999732971191,13.529999732971191
2020-04-03,13.460000038146973,13.460000038146973
2020-04-06,14.029999732971191,14.029999732971191
2020-04-07,13.989999771118164,13.989999771118164
2020-04-08,13.9399995803833,13.9399995803833
2020-04-09,14.34000015258789,14.34000015258789
2020-04-13,14.399999618530273,14.399999618530273
2020-04-14,14.649999618530273,14.649999618530273
2020-04-15,14.489999771118164,14.489999771118164
2020-04-16,14.510000228881836,14.510000228881836
2020-04-17,14.149999618530273,14.149999618530273
2020-04-20,14.260000228881836,14.260000228881836
2020-04-21,13.880000114440918,13.880000114440918
2020-04-22,14.09000015258789,14.09000015258789
2020-04-23,14.210000038146973,14.210000038146973
2020-04-24,14.210000038146973,14.210000038146973
2020-04-27,14.210000038146973,14.210000038146973
2020-04-28,14.100000381469727,14.100000381469727
2020-04-29,14.279999732971191,14.279999732971191
2020-04-30,13.979999542236328,13.979999542236328
2020-05-01,13.920000076293945,13.920000076293945
2020-05-04,13.770000457763672,13.770000457763672
2020-05-05,13.930000305175781,13.930000305175781
2020-05-06,13.920000076293945,13.920000076293945
2020-05-07,14.260000228881836,14.260000228881836
2020-05-08,14.4399995803833,14.4399995803833
2020-05-11,14.4399995803833,14.4399995803833
2020-05-12,14.420000076293945,14.420000076293945
2020-05-13,14.550000190734863,14.550000190734863
2020-05-14,14.8100004196167,14.8100004196167
2020-05-15,15.510000228881836,15.510000228881836
2020-05-18,15.789999961853027,15.789999961853027
2020-05-19,16.170000076293945,16.170000076293945
2020-05-20,16.360000610351562,16.360000610351562
2020-05-21,15.960000038146973,15.960000038146973
2020-05-22,16.040000915527344,16.040000915527344
2020-05-26,15.970000267028809,15.970000267028809
2020-05-27,16.149999618530273,16.149999618530273
2020-05-28,16.190000534057617,16.190000534057617
2020-05-29,16.65999984741211,16.65999984741211
2020-06-01,17.100000381469727,17.100000381469727
2020-06-02,16.84000015258789,16.84000015258789
2020-06-03,16.479999542236328,16.479999542236328
2020-06-04,16.540000915527344,16.540000915527344
2020-06-05,16.200000762939453,16.200000762939453
2020-06-08,16.59000015258789,16.59000015258789
2020-06-09,16.420000076293945,16.420000076293945
2020-06-10,16.959999084472656,16.959999084472656
2020-06-11,16.440000534057617,16.440000534057617
2020-06-12,16.280000686645508,16.280000686645508
2020-06-15,16.229999542236328,16.229999542236328
2020-06-16,16.260000228881836,16.260000228881836
2020-06-17,16.329999923706055,16.329999923706055
2020-06-18,16.209999084472656,16.209999084472656
2020-06-19,16.489999771118164,16.489999771118164
2020-06-22,16.5,16.5
2020-06-23,16.760000228881836,16.760000228881836
2020-06-24,16.280000686645508,16.280000686645508
2020-06-25,16.59000015258789,16.59000015258789
2020-06-26,16.6299991607666,16.6299991607666
2020-06-29,16.649999618530273,16.649999618530273
2020-06-30,17.010000228881836,17.010000228881836
2020-07-01,16.81999969482422,16.81999969482422
2020-07-02,16.709999084472656,16.709999084472656
2020-07-06,17.049999237060547,17.049999237060547
2020-07-07,17.010000228881836,17.010000228881836
2020-07-08,17.489999771118164,17.489999771118164
2020-07-09,17.3799991607666,17.3799991607666
2020-07-10,17.43000030517578,17.43000030517578
2020-07-13,17.729999542236328,17.729999542236328
2020-07-14,17.969999313354492,17.969999313354492
2020-07-15,18.170000076293945,18.170000076293945
2020-07-16,17.780000686645508,17.780000686645508
2020-07-17,18.010000228881836,18.010000228881836
2020-07-20,18.530000686645508,18.530000686645508
2020-07-21,19.670000076293945,19.670000076293945
2020-07-22,21.440000534057617,21.440000534057617
2020-07-23,21.030000686645508,21.030000686645508
2020-07-24,21.209999084472656,21.209999084472656
2020-07-27,22.829999923706055,22.829999923706055
2020-07-28,22.770000457763672,22.770000457763672
2020-07-29,22.56999969482422,22.56999969482422
2020-07-30,21.760000228881836,21.760000228881836
2020-07-31,22.649999618530273,22.649999618530273
2020-08-03,22.739999771118164,22.739999771118164
2020-08-04,24.25,24.25
2020-08-05,25.049999237060547,25.049999237060547
2020-08-06,26.8799991607666,26.8799991607666
2020-08-07,26.190000534057617,26.190000534057617
2020-08-10,27.0,27.0
2020-08-11,23.329999923706055,23.329999923706055
2020-08-12,23.420000076293945,23.420000076293945
2020-08-13,25.450000762939453,25.450000762939453
2020-08-14,24.579999923706055,24.579999923706055
2020-08-17,25.6200008392334,25.6200008392334
2020-08-18,25.8799991607666,25.8799991607666
2020-08-19,24.8799991607666,24.8799991607666
2020-08-20,25.610000610351562,25.610000610351562
2020-08-21,24.899999618530273,24.899999618530273
2020-08-24,24.600000381469727,24.600000381469727
2020-08-25,24.760000228881836,24.760000228881836
2020-08-26,25.56999969482422,25.56999969482422
2020-08-27,25.15999984741211,25.15999984741211
2020-08-28,25.610000610351562,25.610000610351562
2020-08-31,26.229999542236328,26.229999542236328
2020-09-01,26.139999389648438,26.139999389648438
2020-09-02,25.549999237060547,25.549999237060547
2020-09-03,24.739999771118164,24.739999771118164
2020-09-04,25.059999465942383,25.059999465942383
2020-09-08,24.75,24.75
2020-09-09,25.18000030517578,25.18000030517578
2020-09-10,24.860000610351562,24.860000610351562
2020-09-11,24.899999618530273,24.899999618530273
2020-09-14,25.290000915527344,25.290000915527344
2020-09-15,25.229999542236328,25.229999542236328
2020-09-16,25.229999542236328,25.229999542236328
2020-09-17,25.229999542236328,25.229999542236328
2020-09-18,24.93000030517578,24.93000030517578
2020-09-21,23.030000686645508,23.030000686645508
2020-09-22,22.790000915527344,22.790000915527344
2020-09-23,21.170000076293945,21.170000076293945
2020-09-24,21.559999465942383,21.559999465942383
2020-09-25,21.299999237060547,21.299999237060547
2020-09-28,22.020000457763672,22.020000457763672
2020-09-29,22.5,22.5
2020-09-30,21.639999389648438,21.639999389648438
2020-10-01,22.09000015258789,22.09000015258789
2020-10-02,22.1299991607666,22.1299991607666
2020-10-05,22.6200008392334,22.6200008392334
2020-10-06,21.729999542236328,21.729999542236328
2020-10-07,22.09000015258789,22.09000015258789
2020-10-08,22.18000030517578,22.18000030517578
2020-10-09,23.40999984741211,23.40999984741211
2020-10-12,23.329999923706055,23.329999923706055
2020-10-13,22.489999771118164,22.489999771118164
2020-10-14,22.540000915527344,22.540000915527344
2020-10-15,22.59000015258789,22.59000015258789
2020-10-16,22.420000076293945,22.420000076293945
2020-10-19,22.579999923706055,22.579999923706055
2020-10-20,23.020000457763672,23.020000457763672
2020-10-21,23.290000915527344,23.290000915527344
2020-10-22,22.959999084472656,22.959999084472656
2020-10-23,22.940000534057617,22.940000534057617
2020-10-26,22.610000610351562,22.610000610351562
2020-10-27,22.729999542236328,22.729999542236328
2020-10-28,21.780000686645508,21.780000686645508
2020-10-29,21.709999084472656,21.709999084472656
2020-10-30,21.989999771118164,21.989999771118164
2020-11-02,22.40999984741211,22.40999984741211
2020-11-03,22.440000534057617,22.440000534057617
2020-11-04,22.239999771118164,22.239999771118164
2020-11-05,23.610000610351562,23.610000610351562
2020-11-06,23.790000915527344,23.790000915527344
2020-11-09,22.5,22.5
2020-11-10,22.43000030517578,22.43000030517578
2020-11-11,22.520000457763672,22.520000457763672
2020-11-12,22.549999237060547,22.549999237060547
2020-11-13,22.899999618530273,22.899999618530273
2020-11-16,23.020000457763672,23.020000457763672
2020-11-17,22.739999771118164,22.739999771118164
2020-11-18,22.549999237060547,22.549999237060547
2020-11-19,22.420000076293945,22.420000076293945
2020-11-20,22.489999771118164,22.489999771118164
2020-11-23,21.93000030517578,21.93000030517578
2020-11-24,21.6299991607666,21.6299991607666
2020-11-25,21.719999313354492,21.719999313354492
2020-11-27,21.049999237060547,21.049999237060547
2020-11-30,21.049999237060547,21.049999237060547
2020-12-01,22.299999237060547,22.299999237060547
2020-12-02,22.329999923706055,22.329999923706055
2020-12-03,22.43000030517578,22.43000030517578
2020-12-04,22.479999542236328,22.479999542236328
2020-12-07,22.81999969482422,22.81999969482422
2020-12-08,22.81999969482422,22.81999969482422
2020-12-09,22.229999542236328,22.229999542236328
2020-12-10,22.31999969482422,22.31999969482422
2020-12-11,22.260000228881836,22.260000228881836
2020-12-14,22.15999984741211,22.15999984741211
2020-12-15,22.799999237060547,22.799999237060547
2020-12-16,23.6200008392334,23.6200008392334
2020-12-17,24.149999618530273,24.149999618530273
2020-12-18,23.959999084472656,23.959999084472656
2020-12-21,24.3799991607666,24.3799991607666
2020-12-22,23.43000030517578,23.43000030517578
2020-12-23,23.799999237060547,23.799999237060547
2020-12-24,23.959999084472656,23.959999084472656
2020-12-28,24.43000030517578,24.43000030517578
2020-12-29,24.389999389648438,24.389999389648438
2020-12-30,24.760000228881836,24.760000228881836
2020-12-31,24.56999969482422,24.56999969482422
2021-01-04,25.350000381469727,25.350000381469727
2021-01-05,25.670000076293945,25.670000076293945
2021-01-06,25.34000015258789,25.34000015258789
2021-01-07,25.260000228881836,25.260000228881836
2021-01-08,23.510000228881836,23.510000228881836
2021-01-11,23.209999084472656,23.209999084472656
2021-01-12,23.719999313354492,23.719999313354492
2021-01-13,23.440000534057617,23.440000534057617
2021-01-14,23.709999084472656,23.709999084472656
2021-01-15,22.950000762939453,22.950000762939453
2021-01-19,23.3799991607666,23.3799991607666
2021-01-20,24.010000228881836,24.010000228881836
2021-01-21,24.149999618530273,24.149999618530273
2021-01-22,23.65999984741211,23.65999984741211
2021-01-25,23.549999237060547,23.549999237060547
2021-01-26,23.649999618530273,23.649999618530273
2021-01-27,23.420000076293945,23.420000076293945
2021-01-28,24.719999313354492,24.719999313354492
2021-01-29,24.989999771118164,24.989999771118164
2021-02-01,26.760000228881836,26.760000228881836
2021-02-02,24.540000915527344,24.540000915527344
2021-02-03,24.93000030517578,24.93000030517578
2021-02-04,24.479999542236328,24.479999542236328
2021-02-05,24.950000762939453,24.950000762939453
2021-02-08,25.389999389648438,25.389999389648438
2021-02-09,25.280000686645508,25.280000686645508
2021-02-10,25.06999969482422,25.06999969482422
2021-02-11,25.09000015258789,25.09000015258789
2021-02-12,25.309999465942383,25.309999465942383
2021-02-16,25.260000228881836,25.260000228881836
2021-02-17,25.399999618530273,25.399999618530273
2021-02-18,25.059999465942383,25.059999465942383
2021-02-19,25.260000228881836,25.260000228881836
2021-02-22,26.270000457763672,26.270000457763672
2021-02-23,25.709999084472656,25.709999084472656
2021-02-24,25.940000534057617,25.940000534057617
2021-02-25,25.399999618530273,25.399999618530273
2021-02-26,24.65999984741211,24.65999984741211
2021-03-01,24.600000381469727,24.600000381469727
2021-03-02,24.799999237060547,24.799999237060547
2021-03-03,24.280000686645508,24.280000686645508
2021-03-04,23.559999465942383,23.559999465942383
2021-03-05,23.360000610351562,23.360000610351562
2021-03-08,23.31999969482422,23.31999969482422
2021-03-09,24.049999237060547,24.049999237060547
2021-03-10,24.31999969482422,24.31999969482422
2021-03-11,24.25,24.25
2021-03-12,24.030000686645508,24.030000686645508
2021-03-15,24.329999923706055,24.329999923706055
2021-03-16,24.100000381469727,24.100000381469727
2021-03-17,24.420000076293945,24.420000076293945
2021-03-18,24.100000381469727,24.100000381469727
2021-03-19,24.309999465942383,24.309999465942383
2021-03-22,23.940000534057617,23.940000534057617
2021-03-23,23.219999313354492,23.219999313354492
2021-03-24,23.239999771118164,23.239999771118164
2021-03-25,23.290000915527344,23.290000915527344
2021-03-26,23.229999542236328,23.229999542236328
2021-03-29,22.90999984741211,22.90999984741211
2021-03-30,22.260000228881836,22.260000228881836
2021-03-31,22.700000762939453,22.700000762939453
2021-04-01,23.149999618530273,23.149999618530273
2021-04-05,23.09000015258789,23.09000015258789
2021-04-06,23.34000015258789,23.34000015258789
2021-04-07,23.329999923706055,23.329999923706055
2021-04-08,23.6200008392334,23.6200008392334
2021-04-09,23.40999984741211,23.40999984741211
2021-04-12,23.040000915527344,23.040000915527344
2021-04-13,23.510000228881836,23.510000228881836
2021-04-14,23.59000015258789,23.59000015258789
2021-04-15,24.030000686645508,24.030000686645508
2021-04-16,24.09000015258789,24.09000015258789
2021-04-19,23.979999542236328,23.979999542236328
2021-04-20,23.959999084472656,23.959999084472656
2021-04-21,24.700000762939453,24.700000762939453
2021-04-22,24.209999084472656,24.209999084472656
2021-04-23,24.139999389648438,24.139999389648438
2021-04-26,24.299999237060547,24.299999237060547
2021-04-27,24.389999389648438,24.389999389648438
2021-04-28,24.399999618530273,24.399999618530273
2021-04-29,24.25,24.25
2021-04-30,24.010000228881836,24.010000228881836
2021-05-03,24.959999084472656,24.959999084472656
2021-05-04,24.56999969482422,24.56999969482422
2021-05-05,24.56999969482422,24.56999969482422
2021-05-06,25.3700008392334,25.3700008392334
2021-05-07,25.469999313354492,25.469999313354492
2021-05-10,25.350000381469727,25.350000381469727
2021-05-11,25.670000076293945,25.670000076293945
2021-05-12,25.09000015258789,25.09000015258789
2021-05-13,25.15999984741211,25.15999984741211
2021-05-14,25.459999084472656,25.459999084472656
2021-05-17,26.190000534057617,26.190000534057617
2021-05-18,26.149999618530273,26.149999618530273
2021-05-19,25.729999542236328,25.729999542236328
2021-05-20,25.790000915527344,25.790000915527344
2021-05-21,25.530000686645508,25.530000686645508
2021-05-24,25.75,25.75
2021-05-25,25.989999771118164,25.989999771118164
2021-05-26,25.670000076293945,25.670000076293945
2021-05-27,25.850000381469727,25.850000381469727
2021-05-28,25.899999618530273,25.899999618530273
2021-06-01,25.84000015258789,25.84000015258789
2021-06-02,26.149999618530273,26.149999618530273
2021-06-03,25.459999084472656,25.459999084472656
2021-06-04,25.780000686645508,25.780000686645508
2021-06-07,25.899999618530273,25.899999618530273
2021-06-08,25.610000610351562,25.610000610351562
2021-06-09,25.780000686645508,25.780000686645508
2021-06-10,25.969999313354492,25.969999313354492
2021-06-11,25.8700008392334,25.8700008392334
2021-06-14,25.84000015258789,25.84000015258789
2021-06-15,25.649999618530273,25.649999618530273
2021-06-16,25.260000228881836,25.260000228881836
2021-06-17,24.049999237060547,24.049999237060547
2021-06-18,23.8799991607666,23.8799991607666
2021-06-21,24.079999923706055,24.079999923706055
2021-06-22,23.850000381469727,23.850000381469727
2021-06-23,23.93000030517578,23.93000030517578
2021-06-24,24.040000915527344,24.040000915527344
2021-06-25,24.18000030517578,24.18000030517578
2021-06-28,24.209999084472656,24.209999084472656
2021-06-29,23.889999389648438,23.889999389648438
2021-06-30,24.219999313354492,24.219999313354492
2021-07-01,24.110000610351562,24.110000610351562
2021-07-02,24.549999237060547,24.549999237060547
2021-07-06,24.229999542236328,24.229999542236328
2021-07-07,24.239999771118164,24.239999771118164
2021-07-08,24.010000228881836,24.010000228881836
2021-07-09,24.190000534057617,24.190000534057617
2021-07-12,24.280000686645508,24.280000686645508
2021-07-13,24.079999923706055,24.079999923706055
2021-07-14,24.329999923706055,24.329999923706055
2021-07-15,24.3799991607666,24.3799991607666
2021-07-16,23.770000457763672,23.770000457763672
2021-07-19,23.290000915527344,23.290000915527344
2021-07-20,23.139999389648438,23.139999389648438
2021-07-21,23.420000076293945,23.420000076293945
2021-07-22,23.559999465942383,23.559999465942383
2021-07-23,23.350000381469727,23.350000381469727
2021-07-26,23.360000610351562,23.360000610351562
2021-07-27,22.959999084472656,22.959999084472656
2021-07-28,23.170000076293945,23.170000076293945
2021-07-29,23.719999313354492,23.719999313354492
2021-07-30,23.6299991607666,23.6299991607666
2021-08-02,23.530000686645508,23.530000686645508
2021-08-03,23.68000030517578,23.68000030517578
2021-08-04,23.540000915527344,23.540000915527344
2021-08-05,23.299999237060547,23.299999237060547
2021-08-06,22.520000457763672,22.520000457763672
2021-08-09,21.75,21.75
2021-08-10,21.6200008392334,21.6200008392334
2021-08-11,21.84000015258789,21.84000015258789
2021-08-12,21.5,21.5
2021-08-13,21.969999313354492,21.969999313354492
2021-08-16,22.100000381469727,22.100000381469727
2021-08-17,21.899999618530273,21.899999618530273
2021-08-18,21.760000228881836,21.760000228881836
2021-08-19,21.510000228881836,21.510000228881836
2021-08-20,21.350000381469727,21.350000381469727
2021-08-23,21.8799991607666,21.8799991607666
2021-08-24,22.079999923706055,22.079999923706055
2021-08-25,22.09000015258789,22.09000015258789
2021-08-26,21.850000381469727,21.850000381469727
2021-08-27,22.329999923706055,22.329999923706055
2021-08-30,22.260000228881836,22.260000228881836
2021-08-31,22.139999389648438,22.139999389648438
2021-09-01,22.3700008392334,22.3700008392334
2021-09-02,22.139999389648438,22.139999389648438
2021-09-03,22.8799991607666,22.8799991607666
2021-09-07,22.510000228881836,22.510000228881836
2021-09-08,22.170000076293945,22.170000076293945
2021-09-09,22.270000457763672,22.270000457763672
2021-09-10,21.989999771118164,21.989999771118164
2021-09-13,21.989999771118164,21.989999771118164
2021-09-14,22.100000381469727,22.100000381469727
2021-09-15,22.06999969482422,22.06999969482422
2021-09-16,21.25,21.25
2021-09-17,20.739999771118164,20.739999771118164
2021-09-20,20.59000015258789,20.59000015258789
2021-09-21,20.84000015258789,20.84000015258789
2021-09-22,20.989999771118164,20.989999771118164
2021-09-23,20.90999984741211,20.90999984741211
2021-09-24,20.709999084472656,20.709999084472656
2021-09-27,20.940000534057617,20.940000534057617
2021-09-28,20.780000686645508,20.780000686645508
2021-09-29,19.950000762939453,19.950000762939453
2021-09-30,20.520000457763672,20.520000457763672
2021-10-01,20.829999923706055,20.829999923706055
2021-10-04,20.979999542236328,20.979999542236328
2021-10-05,20.920000076293945,20.920000076293945
2021-10-06,20.959999084472656,20.959999084472656
2021-10-07,20.899999618530273,20.899999618530273
2021-10-08,20.950000762939453,20.950000762939453
2021-10-11,20.8799991607666,20.8799991607666
2021-10-12,20.93000030517578,20.93000030517578
2021-10-13,21.329999923706055,21.329999923706055
2021-10-14,21.799999237060547,21.799999237060547
2021-10-15,21.579999923706055,21.579999923706055
2021-10-18,21.489999771118164,21.489999771118164
2021-10-19,21.889999389648438,21.889999389648438
2021-10-20,22.530000686645508,22.530000686645508
2021-10-21,22.350000381469727,22.350000381469727
2021-10-22,22.540000915527344,22.540000915527344
2021-10-25,22.739999771118164,22.739999771118164
2021-10-26,22.3700008392334,22.3700008392334
2021-10-27,22.290000915527344,22.290000915527344
2021-10-28,22.270000457763672,22.270000457763672
2021-10-29,22.09000015258789,22.09000015258789
2021-11-01,22.229999542236328,22.229999542236328
2021-11-02,21.799999237060547,21.799999237060547
2021-11-03,21.809999465942383,21.809999465942383
2021-11-04,22.0,22.0
2021-11-05,22.350000381469727,22.350000381469727
2021-11-08,22.649999618530273,22.649999618530273
2021-11-09,22.530000686645508,22.530000686645508
2021-11-10,22.8700008392334,22.8700008392334
2021-11-11,23.350000381469727,23.350000381469727
2021-11-12,23.420000076293945,23.420000076293945
2021-11-15,23.239999771118164,23.239999771118164
2021-11-16,22.959999084472656,22.959999084472656
2021-11-17,23.170000076293945,23.170000076293945
2021-11-18,22.959999084472656,22.959999084472656
2021-11-19,22.75,22.75
2021-11-22,22.34000015258789,22.34000015258789
2021-11-23,21.920000076293945,21.920000076293945
2021-11-24,21.790000915527344,21.790000915527344
2021-11-26,21.3700008392334,21.3700008392334
2021-11-29,21.15999984741211,21.15999984741211
2021-11-30,21.059999465942383,21.059999465942383
2021-12-01,20.56999969482422,20.56999969482422
2021-12-02,20.690000534057617,20.690000534057617
2021-12-03,20.850000381469727,20.850000381469727
2021-12-06,20.709999084472656,20.709999084472656
2021-12-07,20.809999465942383,20.809999465942383
2021-12-08,20.760000228881836,20.760000228881836
2021-12-09,20.299999237060547,20.299999237060547
2021-12-10,20.5,20.5
2021-12-13,20.610000610351562,20.610000610351562
2021-12-14,20.309999465942383,20.309999465942383
2021-12-15,20.40999984741211,20.40999984741211
2021-12-16,20.790000915527344,20.790000915527344
2021-12-17,20.68000030517578,20.68000030517578
2021-12-20,20.56999969482422,20.56999969482422
2021-12-21,20.770000457763672,20.770000457763672
2021-12-22,21.100000381469727,21.100000381469727
2021-12-23,21.15999984741211,21.15999984741211
2021-12-27,21.329999923706055,21.329999923706055
2021-12-28,21.270000457763672,21.270000457763672
2021-12-29,21.110000610351562,21.110000610351562
2021-12-30,21.34000015258789,21.34000015258789
2021-12-31,21.510000228881836,21.510000228881836
2022-01-03,21.18000030517578,21.18000030517578
2022-01-04,21.31999969482422,21.31999969482422
2022-01-05,21.0,21.0
2022-01-06,20.510000228881836,20.510000228881836
2022-01-07,20.6200008392334,20.6200008392334
2022-01-10,20.760000228881836,20.760000228881836
2022-01-11,21.049999237060547,21.049999237060547
2022-01-12,21.450000762939453,21.450000762939453
2022-01-13,21.329999923706055,21.329999923706055
2022-01-14,21.200000762939453,21.200000762939453
2022-01-18,21.690000534057617,21.690000534057617
2022-01-19,22.3700008392334,22.3700008392334
2022-01-20,22.6200008392334,22.6200008392334
2022-01-21,22.3799991607666,22.3799991607666
2022-01-24,22.110000610351562,22.110000610351562
2022-01-25,22.020000457763672,22.020000457763672
2022-01-26,21.719999313354492,21.719999313354492
2022-01-27,21.020000457763672,21.020000457763672
2022-01-28,20.709999084472656,20.709999084472656
2022-01-31,20.799999237060547,20.799999237060547
2022-02-01,20.940000534057617,20.940000534057617
2022-02-02,20.93000030517578,20.93000030517578
2022-02-03,20.709999084472656,20.709999084472656
2022-02-04,20.790000915527344,20.790000915527344
2022-02-07,21.270000457763672,21.270000457763672
2022-02-08,21.450000762939453,21.450000762939453
2022-02-09,21.530000686645508,21.530000686645508
2022-02-10,21.420000076293945,21.420000076293945
2022-02-11,21.829999923706055,21.829999923706055
2022-02-14,22.049999237060547,22.049999237060547
2022-02-15,21.610000610351562,21.610000610351562
2022-02-16,21.8700008392334,21.8700008392334
2022-02-17,22.040000915527344,22.040000915527344
2022-02-18,22.1200008392334,22.1200008392334
2022-02-22,22.309999465942383,22.309999465942383
2022-02-23,22.729999542236328,22.729999542236328
2022-02-24,22.309999465942383,22.309999465942383
2022-02-25,22.399999618530273,22.399999618530273
2022-02-28,22.6200008392334,22.6200008392334
2022-03-01,23.540000915527344,23.540000915527344
2022-03-02,23.3700008392334,23.3700008392334
2022-03-03,23.290000915527344,23.290000915527344
2022-03-04,23.639999389648438,23.639999389648438
2022-03-07,23.700000762939453,23.700000762939453
2022-03-08,24.450000762939453,24.450000762939453
2022-03-09,23.799999237060547,23.799999237060547
2022-03-10,24.010000228881836,24.010000228881836
2022-03-11,23.8700008392334,23.8700008392334
2022-03-14,23.15999984741211,23.15999984741211
2022-03-15,23.0,23.0
2022-03-16,23.110000610351562,23.110000610351562
2022-03-17,23.329999923706055,23.329999923706055
2022-03-18,23.020000457763672,23.020000457763672
2022-03-21,23.280000686645508,23.280000686645508
2022-03-22,22.8799991607666,22.8799991607666
2022-03-23,23.239999771118164,23.239999771118164
2022-03-24,23.610000610351562,23.610000610351562
2022-03-25,23.479999542236328,23.479999542236328
2022-03-28,22.93000030517578,22.93000030517578
2022-03-29,22.90999984741211,22.90999984741211
2022-03-30,22.940000534057617,22.940000534057617
2022-03-31,22.8799991607666,22.8799991607666
2022-04-01,22.739999771118164,22.739999771118164
2022-04-04,22.6299991607666,22.6299991607666
2022-04-05,22.360000610351562,22.360000610351562
2022-04-06,22.56999969482422,22.56999969482422
2022-04-07,22.700000762939453,22.700000762939453
2022-04-08,22.81999969482422,22.81999969482422
2022-04-11,23.149999618530273,23.149999618530273
2022-04-12,23.469999313354492,23.469999313354492
2022-04-13,23.75,23.75
2022-04-14,23.639999389648438,23.639999389648438
2022-04-18,23.8700008392334,23.8700008392334
2022-04-19,23.239999771118164,23.239999771118164
2022-04-20,23.280000686645508,23.280000686645508
2022-04-21,22.790000915527344,22.790000915527344
2022-04-22,22.309999465942383,22.309999465942383
2022-04-25,21.829999923706055,21.829999923706055
2022-04-26,21.649999618530273,21.649999618530273
2022-04-27,21.489999771118164,21.489999771118164
2022-04-28,21.420000076293945,21.420000076293945
2022-04-29,21.040000915527344,21.040000915527344
2022-05-02,20.8700008392334,20.8700008392334
2022-05-03,20.829999923706055,20.829999923706055
2022-05-04,21.280000686645508,21.280000686645508
2022-05-05,20.780000686645508,20.780000686645508
2022-05-06,20.65999984741211,20.65999984741211
2022-05-09,20.030000686645508,20.030000686645508
2022-05-10,19.549999237060547,19.549999237060547
2022-05-11,19.8700008392334,19.8700008392334
2022-05-12,19.1200008392334,19.1200008392334
2022-05-13,19.420000076293945,19.420000076293945
2022-05-16,19.93000030517578,19.93000030517578
2022-05-17,19.920000076293945,19.920000076293945
2022-05-18,19.729999542236328,19.729999542236328
2022-05-19,20.270000457763672,20.270000457763672
2022-05-20,20.06999969482422,20.06999969482422
2022-05-23,20.100000381469727,20.100000381469727
2022-05-24,20.389999389648438,20.389999389648438
2022-05-25,20.34000015258789,20.34000015258789
2022-05-26,20.309999465942383,20.309999465942383
2022-05-27,20.360000610351562,20.360000610351562
2022-05-31,19.84000015258789,19.84000015258789
2022-06-01,20.1299991607666,20.1299991607666
2022-06-02,20.59000015258789,20.59000015258789
2022-06-03,20.229999542236328,20.229999542236328
2022-06-06,20.3700008392334,20.3700008392334
2022-06-07,20.520000457763672,20.520000457763672
2022-06-08,20.350000381469727,20.350000381469727
2022-06-09,19.969999313354492,19.969999313354492
2022-06-10,20.190000534057617,20.190000534057617
2022-06-13,19.5,19.5
2022-06-14,19.3700008392334,19.3700008392334
2022-06-15,19.959999084472656,19.959999084472656
2022-06-16,20.239999771118164,20.239999771118164
2022-06-17,19.979999542236328,19.979999542236328
2022-06-21,19.979999542236328,19.979999542236328
2022-06-22,19.760000228881836,19.760000228881836
2022-06-23,19.3700008392334,19.3700008392334
2022-06-24,19.510000228881836,19.510000228881836
2022-06-27,19.489999771118164,19.489999771118164
2022-06-28,19.190000534057617,19.190000534057617
2022-06-29,19.139999389648438,19.139999389648438
2022-06-30,18.639999389648438,18.639999389648438
2022-07-01,18.309999465942383,18.309999465942383
2022-07-05,17.729999542236328,17.729999542236328
2022-07-06,17.690000534057617,17.690000534057617
2022-07-07,17.75,17.75
2022-07-08,17.790000915527344,17.790000915527344
2022-07-11,17.579999923706055,17.579999923706055
2022-07-12,17.440000534057617,17.440000534057617
2022-07-13,17.690000534057617,17.690000534057617
2022-07-14,17.0,17.0
2022-07-15,17.190000534057617,17.190000534057617
2022-07-18,17.219999313354492,17.219999313354492
2022-07-19,17.290000915527344,17.290000915527344
2022-07-20,17.190000534057617,17.190000534057617
2022-07-21,17.399999618530273,17.399999618530273
2022-07-22,17.139999389648438,17.139999389648438
2022-07-25,16.979999542236328,16.979999542236328
2022-07-26,17.15999984741211,17.15999984741211
2022-07-27,17.600000381469727,17.600000381469727
2022-07-28,18.43000030517578,18.43000030517578
2022-07-29,18.700000762939453,18.700000762939453
2022-08-01,18.790000915527344,18.790000915527344
2022-08-02,18.40999984741211,18.40999984741211
2022-08-03,18.489999771118164,18.489999771118164
2022-08-04,18.639999389648438,18.639999389648438
2022-08-05,18.329999923706055,18.329999923706055
2022-08-08,19.030000686645508,19.030000686645508
2022-08-09,18.93000030517578,18.93000030517578
2022-08-10,18.950000762939453,18.950000762939453
2022-08-11,18.670000076293945,18.670000076293945
2022-08-12,19.170000076293945,19.170000076293945
2022-08-15,18.68000030517578,18.68000030517578
2022-08-16,18.56999969482422,18.56999969482422
2022-08-17,18.25,18.25
2022-08-18,18.040000915527344,18.040000915527344
2022-08-19,17.549999237060547,17.549999237060547
2022-08-22,17.5,17.5
2022-08-23,17.6200008392334,17.6200008392334
2022-08-24,17.6299991607666,17.6299991607666
2022-08-25,17.729999542236328,17.729999542236328
2022-08-26,17.360000610351562,17.360000610351562
2022-08-29,17.290000915527344,17.290000915527344
2022-08-30,16.959999084472656,16.959999084472656
2022-08-31,16.579999923706055,16.579999923706055
2022-09-01,16.3799991607666,16.3799991607666
2022-09-02,16.56999969482422,16.56999969482422
2022-09-06,16.540000915527344,16.540000915527344
2022-09-07,17.0,17.0
2022-09-08,17.030000686645508,17.030000686645508
2022-09-09,17.31999969482422,17.31999969482422
2022-09-12,18.170000076293945,18.170000076293945
2022-09-13,17.829999923706055,17.829999923706055
2022-09-14,18.0,18.0
2022-09-15,17.6299991607666,17.6299991607666
2022-09-16,17.989999771118164,17.989999771118164
2022-09-19,17.989999771118164,17.989999771118164
2022-09-20,17.729999542236328,17.729999542236328
2022-09-21,18.059999465942383,18.059999465942383
2022-09-22,18.09000015258789,18.09000015258789
2022-09-23,17.360000610351562,17.360000610351562
2022-09-26,16.920000076293945,16.920000076293945
2022-09-27,16.899999618530273,16.899999618530273
2022-09-28,17.450000762939453,17.450000762939453
2022-09-29,17.3700008392334,17.3700008392334
2022-09-30,17.5,17.5
2022-10-03,19.100000381469727,19.100000381469727
2022-10-04,19.360000610351562,19.360000610351562
2022-10-05,18.989999771118164,18.989999771118164
2022-10-06,19.040000915527344,19.040000915527344
2022-10-07,18.5,18.5
2022-10-10,18.09000015258789,18.09000015258789
2022-10-11,17.68000030517578,17.68000030517578
2022-10-12,17.59000015258789,17.59000015258789
2022-10-13,17.389999389648438,17.389999389648438
2022-10-14,16.809999465942383,16.809999465942383
2022-10-17,17.1200008392334,17.1200008392334
2022-10-18,17.229999542236328,17.229999542236328
2022-10-19,17.010000228881836,17.010000228881836
2022-10-20,17.170000076293945,17.170000076293945
2022-10-21,17.760000228881836,17.760000228881836
2022-10-24,17.68000030517578,17.68000030517578
2022-10-25,17.860000610351562,17.860000610351562
2022-10-26,17.979999542236328,17.979999542236328
2022-10-27,17.979999542236328,17.979999542236328
2022-10-28,17.739999771118164,17.739999771118164
2022-10-31,17.6200008392334,17.6200008392334
2022-11-01,18.049999237060547,18.049999237060547
2022-11-02,17.729999542236328,17.729999542236328
2022-11-03,17.940000534057617,17.940000534057617
2022-11-04,19.260000228881836,19.260000228881836
2022-11-07,19.149999618530273,19.149999618530273
2022-11-08,19.700000762939453,19.700000762939453
2022-11-09,19.360000610351562,19.360000610351562
2022-11-10,19.969999313354492,19.969999313354492
2022-11-11,19.950000762939453,19.950000762939453
2022-11-14,20.239999771118164,20.239999771118164
2022-11-15,19.8799991607666,19.8799991607666
2022-11-16,19.739999771118164,19.739999771118164
2022-11-17,19.290000915527344,19.290000915527344
2022-11-18,19.25,19.25
2022-11-21,19.200000762939453,19.200000762939453
2022-11-22,19.43000030517578,19.43000030517578
2022-11-23,19.809999465942383,19.809999465942383
2022-11-25,19.719999313354492,19.719999313354492
2022-11-28,19.260000228881836,19.260000228881836
2022-11-29,19.559999465942383,19.559999465942383
2022-11-30,20.43000030517578,20.43000030517578
2022-12-01,20.979999542236328,20.979999542236328
2022-12-02,21.290000915527344,21.290000915527344
2022-12-05,20.440000534057617,20.440000534057617
2022-12-06,20.440000534057617,20.440000534057617
2022-12-07,20.920000076293945,20.920000076293945
2022-12-08,21.209999084472656,21.209999084472656
2022-12-09,21.559999465942383,21.559999465942383
2022-12-12,21.459999084472656,21.459999084472656
2022-12-13,21.829999923706055,21.829999923706055
2022-12-14,21.989999771118164,21.989999771118164
2022-12-15,21.239999771118164,21.239999771118164
2022-12-16,21.3700008392334,21.3700008392334
2022-12-19,21.1200008392334,21.1200008392334
2022-12-20,22.229999542236328,22.229999542236328
2022-12-21,22.06999969482422,22.06999969482422
2022-12-22,21.690000534057617,21.690000534057617
2022-12-23,21.850000381469727,21.850000381469727
2022-12-27,22.110000610351562,22.110000610351562
2022-12-28,21.600000381469727,21.600000381469727
2022-12-29,21.969999313354492,21.969999313354492
2022-12-30,22.020000457763672,22.020000457763672
2023-01-03,22.049999237060547,22.049999237060547
2023-01-04,21.889999389648438,21.889999389648438
2023-01-05,21.389999389648438,21.389999389648438
2023-01-06,21.920000076293945,21.920000076293945
2023-01-09,21.739999771118164,21.739999771118164
2023-01-10,21.729999542236328,21.729999542236328
2023-01-11,21.549999237060547,21.549999237060547
2023-01-12,21.8799991607666,21.8799991607666
2023-01-13,22.329999923706055,22.329999923706055
2023-01-17,22.010000228881836,22.010000228881836
2023-01-18,21.56999969482422,21.56999969482422
2023-01-19,21.959999084472656,21.959999084472656
2023-01-20,22.020000457763672,22.020000457763672
2023-01-23,21.579999923706055,21.579999923706055
2023-01-24,21.760000228881836,21.760000228881836
2023-01-25,21.969999313354492,21.969999313354492
2023-01-26,21.989999771118164,21.989999771118164
2023-01-27,21.68000030517578,21.68000030517578
2023-01-30,21.65999984741211,21.65999984741211
2023-01-31,21.829999923706055,21.829999923706055
2023-02-01,22.079999923706055,22.079999923706055
2023-02-02,21.56999969482422,21.56999969482422
2023-02-03,20.56999969482422,20.56999969482422
2023-02-06,20.479999542236328,20.479999542236328
2023-02-07,20.3799991607666,20.3799991607666
2023-02-08,20.479999542236328,20.479999542236328
2023-02-09,20.18000030517578,20.18000030517578
2023-02-10,20.239999771118164,20.239999771118164
2023-02-13,20.200000762939453,20.200000762939453
2023-02-14,20.1200008392334,20.1200008392334
2023-02-15,19.889999389648438,19.889999389648438
2023-02-16,19.84000015258789,19.84000015258789
2023-02-17,20.010000228881836,20.010000228881836
2023-02-21,20.06999969482422,20.06999969482422
2023-02-22,19.75,19.75
2023-02-23,19.6299991607666,19.6299991607666
2023-02-24,19.09000015258789,19.09000015258789
2023-02-27,18.93000030517578,18.93000030517578
2023-02-28,19.219999313354492,19.219999313354492
2023-03-01,19.290000915527344,19.290000915527344
2023-03-02,19.239999771118164,19.239999771118164
2023-03-03,19.549999237060547,19.549999237060547
2023-03-06,19.31999969482422,19.31999969482422
2023-03-07,18.450000762939453,18.450000762939453
2023-03-08,18.399999618530273,18.399999618530273
2023-03-09,18.440000534057617,18.440000534057617
2023-03-10,18.860000610351562,18.860000610351562
2023-03-13,20.0,20.0
2023-03-14,19.889999389648438,19.889999389648438
2023-03-15,20.0,20.0
2023-03-16,19.920000076293945,19.920000076293945
2023-03-17,20.6299991607666,20.6299991607666
2023-03-20,20.690000534057617,20.690000534057617
2023-03-21,20.540000915527344,20.540000915527344
2023-03-22,21.100000381469727,21.100000381469727
2023-03-23,21.280000686645508,21.280000686645508
2023-03-24,21.219999313354492,21.219999313354492
2023-03-27,21.219999313354492,21.219999313354492
2023-03-28,21.43000030517578,21.43000030517578
2023-03-29,21.440000534057617,21.440000534057617
2023-03-30,21.940000534057617,21.940000534057617
2023-03-31,22.1200008392334,22.1200008392334
2023-04-03,22.059999465942383,22.059999465942383
2023-04-04,22.969999313354492,22.969999313354492
2023-04-05,22.940000534057617,22.940000534057617
2023-04-06,22.889999389648438,22.889999389648438
2023-04-10,22.8799991607666,22.8799991607666
2023-04-11,23.040000915527344,23.040000915527344
2023-04-12,23.43000030517578,23.43000030517578
2023-04-13,23.739999771118164,23.739999771118164
2023-04-14,23.309999465942383,23.309999465942383
2023-04-17,23.020000457763672,23.020000457763672
2023-04-18,23.149999618530273,23.149999618530273
2023-04-19,23.229999542236328,23.229999542236328
2023-04-20,23.170000076293945,23.170000076293945
2023-04-21,22.979999542236328,22.979999542236328
2023-04-24,23.079999923706055,23.079999923706055
2023-04-25,22.989999771118164,22.989999771118164
2023-04-26,22.829999923706055,22.829999923706055
2023-04-27,22.889999389648438,22.889999389648438
2023-04-28,23.0,23.0
2023-05-01,22.889999389648438,22.889999389648438
2023-05-02,23.350000381469727,23.350000381469727
2023-05-03,23.43000030517578,23.43000030517578
2023-05-04,23.940000534057617,23.940000534057617
2023-05-05,23.56999969482422,23.56999969482422
2023-05-08,23.489999771118164,23.489999771118164
2023-05-09,23.479999542236328,23.479999542236328
2023-05-10,23.309999465942383,23.309999465942383
2023-05-11,22.200000762939453,22.200000762939453
2023-05-12,22.020000457763672,22.020000457763672
2023-05-15,22.100000381469727,22.100000381469727
2023-05-16,21.809999465942383,21.809999465942383
2023-05-17,21.81999969482422,21.81999969482422
2023-05-18,21.559999465942383,21.559999465942383
2023-05-19,21.860000610351562,21.860000610351562
2023-05-22,21.670000076293945,21.670000076293945
2023-05-23,21.510000228881836,21.510000228881836
2023-05-24,21.15999984741211,21.15999984741211
2023-05-25,20.860000610351562,20.860000610351562
2023-05-26,21.3799991607666,21.3799991607666
2023-05-30,21.299999237060547,21.299999237060547
2023-05-31,21.610000610351562,21.610000610351562
2023-06-01,21.950000762939453,21.950000762939453
2023-06-02,21.690000534057617,21.690000534057617
2023-06-05,21.639999389648438,21.639999389648438
2023-06-06,21.649999618530273,21.649999618530273
2023-06-07,21.510000228881836,21.510000228881836
2023-06-08,22.299999237060547,22.299999237060547
2023-06-09,22.270000457763672,22.270000457763672
2023-06-12,22.079999923706055,22.079999923706055
2023-06-13,21.739999771118164,21.739999771118164
2023-06-14,21.969999313354492,21.969999313354492
2023-06-15,21.940000534057617,21.940000534057617
2023-06-16,22.18000030517578,22.18000030517578
2023-06-20,21.260000228881836,21.260000228881836
2023-06-21,20.84000015258789,20.84000015258789
2023-06-22,20.530000686645508,20.530000686645508
2023-06-23,20.579999923706055,20.579999923706055
2023-06-26,20.899999618530273,20.899999618530273
2023-06-27,20.979999542236328,20.979999542236328
2023-06-28,20.84000015258789,20.84000015258789
2023-06-29,20.719999313354492,20.719999313354492
2023-06-30,20.889999389648438,20.889999389648438
2023-07-03,21.010000228881836,21.010000228881836
2023-07-05,21.209999084472656,21.209999084472656
2023-07-06,20.829999923706055,20.829999923706055
2023-07-07,21.18000030517578,21.18000030517578
2023-07-10,21.239999771118164,21.239999771118164
2023-07-11,21.200000762939453,21.200000762939453
2023-07-12,22.149999618530273,22.149999618530273
2023-07-13,22.780000686645508,22.780000686645508
2023-07-14,22.860000610351562,22.860000610351562
2023-07-17,22.790000915527344,22.790000915527344
2023-07-18,22.989999771118164,22.989999771118164
2023-07-19,23.100000381469727,23.100000381469727
2023-07-20,22.68000030517578,22.68000030517578
2023-07-21,22.56999969482422,22.56999969482422
2023-07-24,22.329999923706055,22.329999923706055
2023-07-25,22.6200008392334,22.6200008392334
2023-07-26,22.90999984741211,22.90999984741211
2023-07-27,22.110000610351562,22.110000610351562
2023-07-28,22.31999969482422,22.31999969482422
2023-07-31,22.690000534057617,22.690000534057617
2023-08-01,22.290000915527344,22.290000915527344
2023-08-02,21.75,21.75
2023-08-03,21.6299991607666,21.6299991607666
2023-08-04,21.65999984741211,21.65999984741211
2023-08-07,21.209999084472656,21.209999084472656
2023-08-08,20.899999618530273,20.899999618530273
2023-08-09,20.799999237060547,20.799999237060547
2023-08-10,20.829999923706055,20.829999923706055
2023-08-11,20.799999237060547,20.799999237060547
2023-08-14,20.719999313354492,20.719999313354492
2023-08-15,20.670000076293945,20.670000076293945
2023-08-16,20.559999465942383,20.559999465942383
2023-08-17,20.799999237060547,20.799999237060547
2023-08-18,20.8700008392334,20.8700008392334
2023-08-21,21.360000610351562,21.360000610351562
2023-08-22,21.459999084472656,21.459999084472656
2023-08-23,22.290000915527344,22.290000915527344
2023-08-24,22.110000610351562,22.110000610351562
2023-08-25,22.219999313354492,22.219999313354492
2023-08-28,22.219999313354492,22.219999313354492
2023-08-29,22.709999084472656,22.709999084472656
2023-08-30,22.56999969482422,22.56999969482422
2023-08-31,22.389999389648438,22.389999389648438
2023-09-01,22.170000076293945,22.170000076293945
2023-09-05,21.59000015258789,21.59000015258789
2023-09-06,21.239999771118164,21.239999771118164
2023-09-07,21.049999237060547,21.049999237060547
2023-09-08,21.010000228881836,21.010000228881836
2023-09-11,21.15999984741211,21.15999984741211
2023-09-12,21.1299991607666,21.1299991607666
2023-09-13,20.93000030517578,20.93000030517578
2023-09-14,20.729999542236328,20.729999542236328
2023-09-15,21.110000610351562,21.110000610351562
2023-09-18,21.299999237060547,21.299999237060547
2023-09-19,21.270000457763672,21.270000457763672
2023-09-20,21.34000015258789,21.34000015258789
2023-09-21,21.440000534057617,21.440000534057617
2023-09-22,21.579999923706055,21.579999923706055
2023-09-25,21.200000762939453,21.200000762939453
2023-09-26,20.959999084472656,20.959999084472656
2023-09-27,20.700000762939453,20.700000762939453
2023-09-28,20.739999771118164,20.739999771118164
2023-09-29,20.34000015258789,20.34000015258789
2023-10-02,19.420000076293945,19.420000076293945
2023-10-03,19.440000534057617,19.440000534057617
2023-10-04,19.309999465942383,19.309999465942383
2023-10-05,19.25,19.25
2023-10-06,19.729999542236328,19.729999542236328
2023-10-09,20.059999465942383,20.059999465942383
2023-10-10,19.979999542236328,19.979999542236328
2023-10-11,20.18000030517578,20.18000030517578
2023-10-12,19.959999084472656,19.959999084472656
2023-10-13,20.780000686645508,20.780000686645508
2023-10-16,20.68000030517578,20.68000030517578
2023-10-17,20.920000076293945,20.920000076293945
2023-10-18,20.950000762939453,20.950000762939453
2023-10-19,21.110000610351562,21.110000610351562
2023-10-20,21.399999618530273,21.399999618530273
2023-10-23,21.049999237060547,21.049999237060547
2023-10-24,21.020000457763672,21.020000457763672
2023-10-25,20.940000534057617,20.940000534057617
2023-10-26,20.850000381469727,20.850000381469727
2023-10-27,21.18000030517578,21.18000030517578
2023-10-30,21.34000015258789,21.34000015258789
2023-10-31,20.979999542236328,20.979999542236328
2023-11-01,20.969999313354492,20.969999313354492
2023-11-02,20.8700008392334,20.8700008392334
2023-11-03,21.219999313354492,21.219999313354492
2023-11-06,21.079999923706055,21.079999923706055
2023-11-07,20.729999542236328,20.729999542236328
2023-11-08,20.649999618530273,20.649999618530273
2023-11-09,20.690000534057617,20.690000534057617
2023-11-10,20.34000015258789,20.34000015258789
2023-11-13,20.43000030517578,20.43000030517578
2023-11-14,21.170000076293945,21.170000076293945
2023-11-15,21.450000762939453,21.450000762939453
2023-11-16,21.760000228881836,21.760000228881836
2023-11-17,21.75,21.75
2023-11-20,21.479999542236328,21.479999542236328
2023-11-21,21.770000457763672,21.770000457763672
2023-11-22,21.670000076293945,21.670000076293945
2023-11-24,22.270000457763672,22.270000457763672
2023-11-27,22.559999465942383,22.559999465942383
2023-11-28,22.920000076293945,22.920000076293945
2023-11-29,22.8799991607666,22.8799991607666
2023-11-30,23.1299991607666,23.1299991607666
2023-12-01,23.329999923706055,23.329999923706055
2023-12-04,22.459999084472656,22.459999084472656
2023-12-05,22.1200008392334,22.1200008392334
2023-12-06,21.93000030517578,21.93000030517578
2023-12-07,21.790000915527344,21.790000915527344
2023-12-08,21.100000381469727,21.100000381469727
2023-12-11,20.90999984741211,20.90999984741211
2023-12-12,20.84000015258789,20.84000015258789
2023-12-13,21.770000457763672,21.770000457763672
2023-12-14,22.149999618530273,22.149999618530273
2023-12-15,21.829999923706055,21.829999923706055
2023-12-18,21.799999237060547,21.799999237060547
2023-12-19,22.030000686645508,22.030000686645508
2023-12-20,22.040000915527344,22.040000915527344
2023-12-21,22.309999465942383,22.309999465942383
2023-12-22,22.1200008392334,22.1200008392334
2023-12-26,22.200000762939453,22.200000762939453
2023-12-27,22.229999542236328,22.229999542236328
2023-12-28,21.989999771118164,21.989999771118164
2023-12-29,21.780000686645508,21.780000686645508
2024-01-02,21.649999618530273,21.649999618530273
2024-01-03,21.059999465942383,21.059999465942383
2024-01-04,21.079999923706055,21.079999923706055
2024-01-05,21.209999084472656,21.209999084472656
2024-01-08,21.1299991607666,21.1299991607666
2024-01-09,21.0,21.0
2024-01-10,20.940000534057617,20.940000534057617
2024-01-11,20.81999969482422,20.81999969482422
2024-01-12,21.190000534057617,21.190000534057617
2024-01-16,20.959999084472656,20.959999084472656
2024-01-17,20.649999618530273,20.649999618530273
2024-01-18,20.809999465942383,20.809999465942383
2024-01-19,20.670000076293945,20.670000076293945
2024-01-22,20.219999313354492,20.219999313354492
2024-01-23,20.530000686645508,20.530000686645508
2024-01-24,20.709999084472656,20.709999084472656
2024-01-25,20.940000534057617,20.940000534057617
2024-01-26,20.860000610351562,20.860000610351562
2024-01-29,21.209999084472656,21.209999084472656
2024-01-30,21.190000534057617,21.190000534057617
2024-01-31,20.90999984741211,20.90999984741211
2024-02-01,21.209999084472656,21.209999084472656
2024-02-02,20.75,20.75
2024-02-05,20.469999313354492,20.469999313354492
2024-02-06,20.510000228881836,20.510000228881836
2024-02-07,20.329999923706055,20.329999923706055
2024-02-08,20.649999618530273,20.649999618530273
2024-02-09,20.68000030517578,20.68000030517578
2024-02-12,20.760000228881836,20.760000228881836
2024-02-13,20.200000762939453,20.200000762939453
2024-02-14,20.440000534057617,20.440000534057617
2024-02-15,20.940000534057617,20.940000534057617
2024-02-16,21.389999389648438,21.389999389648438
2024-02-20,21.06999969482422,21.06999969482422
2024-02-21,20.959999084472656,20.959999084472656
2024-02-22,20.81999969482422,20.81999969482422
2024-02-23,20.989999771118164,20.989999771118164
2024-02-26,20.6200008392334,20.6200008392334
2024-02-27,20.56999969482422,20.56999969482422
2024-02-28,20.549999237060547,20.549999237060547
2024-02-29,20.729999542236328,20.729999542236328
2024-03-01,21.170000076293945,21.170000076293945
2024-03-04,21.860000610351562,21.860000610351562
2024-03-05,21.670000076293945,21.670000076293945
2024-03-06,22.100000381469727,22.100000381469727
2024-03-07,22.239999771118164,22.239999771118164
2024-03-08,22.229999542236328,22.229999542236328
2024-03-11,22.350000381469727,22.350000381469727
2024-03-12,22.09000015258789,22.09000015258789
2024-03-13,22.790000915527344,22.790000915527344
2024-03-14,22.729999542236328,22.729999542236328
2024-03-15,23.030000686645508,23.030000686645508
2024-03-18,22.90999984741211,22.90999984741211
2024-03-19,22.790000915527344,22.790000915527344
2024-03-20,23.290000915527344,23.290000915527344
2024-03-21,22.649999618530273,22.649999618530273
2024-03-22,22.559999465942383,22.559999465942383
2024-03-25,22.579999923706055,22.579999923706055
2024-03-26,22.34000015258789,22.34000015258789
2024-03-27,22.510000228881836,22.510000228881836
2024-03-28,22.75,22.75
2024-04-01,22.860000610351562,22.860000610351562
2024-04-02,23.84000015258789,23.84000015258789
2024-04-03,24.729999542236328,24.729999542236328
2024-04-04,24.489999771118164,24.489999771118164
2024-04-05,25.030000686645508,25.030000686645508
2024-04-08,25.399999618530273,25.399999618530273
2024-04-09,25.719999313354492,25.719999313354492
2024-04-10,25.450000762939453,25.450000762939453
2024-04-11,26.010000228881836,26.010000228881836
2024-04-12,25.6299991607666,25.6299991607666
2024-04-15,26.40999984741211,26.40999984741211
2024-04-16,25.799999237060547,25.799999237060547
2024-04-17,25.850000381469727,25.850000381469727
2024-04-18,25.860000610351562,25.860000610351562
2024-04-19,26.200000762939453,26.200000762939453
2024-04-22,24.93000030517578,24.93000030517578
2024-04-23,24.989999771118164,24.989999771118164
2024-04-24,24.899999618530273,24.899999618530273
2024-04-25,25.059999465942383,25.059999465942383
2024-04-26,24.889999389648438,24.889999389648438
2024-04-29,24.829999923706055,24.829999923706055
2024-04-30,24.049999237060547,24.049999237060547
2024-05-01,24.270000457763672,24.270000457763672
2024-05-02,24.360000610351562,24.360000610351562
2024-05-03,24.219999313354492,24.219999313354492
2024-05-06,25.06999969482422,25.06999969482422
2024-05-07,24.920000076293945,24.920000076293945
2024-05-08,24.950000762939453,24.950000762939453
2024-05-09,25.860000610351562,25.860000610351562
2024-05-10,25.770000457763672,25.770000457763672
2024-05-13,25.799999237060547,25.799999237060547
2024-05-14,26.1299991607666,26.1299991607666
2024-05-15,27.1200008392334,27.1200008392334
2024-05-16,27.059999465942383,27.059999465942383
2024-05-17,28.790000915527344,28.790000915527344
2024-05-20,28.979999542236328,28.979999542236328
2024-05-21,29.270000457763672,29.270000457763672
2024-05-22,28.219999313354492,28.219999313354492
2024-05-23,27.549999237060547,27.549999237060547
2024-05-24,27.739999771118164,27.739999771118164
2024-05-28,29.239999771118164,29.239999771118164
2024-05-29,29.170000076293945,29.170000076293945
2024-05-30,28.420000076293945,28.420000076293945
2024-05-31,27.760000228881836,27.760000228881836
2024-06-03,27.889999389648438,27.889999389648438
2024-06-04,27.020000457763672,27.020000457763672
2024-06-05,27.399999618530273,27.399999618530273
2024-06-06,28.530000686645508,28.530000686645508
2024-06-07,26.670000076293945,26.670000076293945
2024-06-10,27.1200008392334,27.1200008392334
2024-06-11,26.709999084472656,26.709999084472656
2024-06-12,27.030000686645508,27.030000686645508
2024-06-13,26.43000030517578,26.43000030517578
2024-06-14,27.010000228881836,27.010000228881836
2024-06-17,26.920000076293945,26.920000076293945
2024-06-18,26.959999084472656,26.959999084472656
2024-06-20,28.0,28.0
2024-06-21,26.979999542236328,26.979999542236328
2024-06-24,27.0,27.0
2024-06-25,26.399999618530273,26.399999618530273
2024-06-26,26.309999465942383,26.309999465942383
2024-06-27,26.450000762939453,26.450000762939453
2024-06-28,26.56999969482422,26.56999969482422
2024-07-01,26.850000381469727,26.850000381469727
2024-07-02,26.969999313354492,26.969999313354492
2024-07-03,27.84000015258789,27.84000015258789
2024-07-05,28.479999542236328,28.479999542236328
2024-07-08,28.1299991607666,28.1299991607666
2024-07-09,28.1200008392334,28.1200008392334
2024-07-10,28.15999984741211,28.15999984741211
2024-07-11,28.68000030517578,28.68000030517578
2024-07-12,28.1200008392334,28.1200008392334
2024-07-15,28.030000686645508,28.030000686645508
2024-07-16,28.610000610351562,28.610000610351562
2024-07-17,27.670000076293945,27.670000076293945
2024-07-18,27.200000762939453,27.200000762939453
2024-07-19,26.690000534057617,26.690000534057617
2024-07-22,26.6299991607666,26.6299991607666
2024-07-23,26.68000030517578,26.68000030517578
2024-07-24,26.43000030517578,26.43000030517578
2024-07-25,25.40999984741211,25.40999984741211
2024-07-26,25.479999542236328,25.479999542236328
2024-07-29,25.440000534057617,25.440000534057617
2024-07-30,25.829999923706055,25.829999923706055
2024-07-31,26.389999389648438,26.389999389648438
2024-08-01,26.030000686645508,26.030000686645508
2024-08-02,26.040000915527344,26.040000915527344
2024-08-05,24.860000610351562,24.860000610351562
2024-08-06,24.639999389648438,24.639999389648438
2024-08-07,24.329999923706055,24.329999923706055
2024-08-08,25.010000228881836,25.010000228881836
2024-08-09,25.0,25.0
2024-08-12,25.489999771118164,25.489999771118164
2024-08-13,25.420000076293945,25.420000076293945
2024-08-14,25.1299991607666,25.1299991607666
2024-08-15,25.860000610351562,25.860000610351562
2024-08-16,26.43000030517578,26.43000030517578
2024-08-19,26.829999923706055,26.829999923706055
2024-08-20,26.8700008392334,26.8700008392334
2024-08-21,26.950000762939453,26.950000762939453
2024-08-22,26.389999389648438,26.389999389648438
2024-08-23,27.200000762939453,27.200000762939453
2024-08-26,27.31999969482422,27.31999969482422
2024-08-27,27.360000610351562,27.360000610351562
2024-08-28,26.690000534057617,26.690000534057617
2024-08-29,26.809999465942383,26.809999465942383
2024-08-30,26.350000381469727,26.350000381469727
2024-09-03,25.579999923706055,25.579999923706055
2024-09-04,25.68000030517578,25.68000030517578
2024-09-05,26.229999542236328,26.229999542236328
2024-09-06,25.479999542236328,25.479999542236328
2024-09-09,25.850000381469727,25.850000381469727
2024-09-10,25.940000534057617,25.940000534057617
2024-09-11,26.1200008392334,26.1200008392334
2024-09-12,27.270000457763672,27.270000457763672
2024-09-13,28.020000457763672,28.020000457763672
2024-09-16,28.06999969482422,28.06999969482422
2024-09-17,27.959999084472656,27.959999084472656
2024-09-18,27.239999771118164,27.239999771118164
2024-09-19,28.09000015258789,28.09000015258789
2024-09-20,28.40999984741211,28.40999984741211
2024-09-23,27.979999542236328,27.979999542236328
2024-09-24,29.3799991607666,29.3799991607666
2024-09-25,29.059999465942383,29.059999465942383
2024-09-26,29.260000228881836,29.260000228881836
2024-09-27,28.860000610351562,28.860000610351562
2024-09-30,28.40999984741211,28.40999984741211
2024-10-01,28.579999923706055,28.579999923706055
2024-10-02,29.0,29.0
2024-10-03,29.229999542236328,29.229999542236328
2024-10-04,29.360000610351562,29.360000610351562
2024-10-07,28.93000030517578,28.93000030517578
2024-10-08,28.010000228881836,28.010000228881836
2024-10-09,27.860000610351562,27.860000610351562
2024-10-10,28.3799991607666,28.3799991607666
2024-10-11,28.799999237060547,28.799999237060547
2024-10-14,28.540000915527344,28.540000915527344
2024-10-15,28.709999084472656,28.709999084472656
2024-10-16,28.90999984741211,28.90999984741211
2024-10-17,28.889999389648438,28.889999389648438
2024-10-18,30.639999389648438,30.639999389648438
2024-10-21,30.850000381469727,30.850000381469727
2024-10-22,31.739999771118164,31.739999771118164
2024-10-23,30.709999084472656,30.709999084472656
2024-10-24,30.690000534057617,30.690000534057617
2024-10-25,30.6299991607666,30.6299991607666
2024-10-28,30.729999542236328,30.729999542236328
2024-10-29,31.389999389648438,31.389999389648438
2024-10-30,30.809999465942383,30.809999465942383
2024-10-31,29.809999465942383,29.809999465942383
2024-11-01,29.540000915527344,29.540000915527344
2024-11-04,29.6299991607666,29.6299991607666
2024-11-05,29.75,29.75
2024-11-06,28.43000030517578,28.43000030517578
2024-11-07,29.110000610351562,29.110000610351562
2024-11-08,28.479999542236328,28.479999542236328
2024-11-11,27.969999313354492,27.969999313354492
2024-11-12,28.06999969482422,28.06999969482422
2024-11-13,27.610000610351562,27.610000610351562
2024-11-14,27.809999465942383,27.809999465942383
2024-11-15,27.56999969482422,27.56999969482422
2024-11-18,28.3799991607666,28.3799991607666
2024-11-19,28.5,28.5
2024-11-20,28.100000381469727,28.100000381469727
2024-11-21,28.040000915527344,28.040000915527344
2024-11-22,28.469999313354492,28.469999313354492
2024-11-25,27.6299991607666,27.6299991607666
2024-11-26,27.799999237060547,27.799999237060547
2024-11-27,27.450000762939453,27.450000762939453
2024-11-29,27.920000076293945,27.920000076293945
2024-12-02,27.790000915527344,27.790000915527344
2024-12-03,28.280000686645508,28.280000686645508
2024-12-04,28.530000686645508,28.530000686645508
2024-12-05,28.559999465942383,28.559999465942383
2024-12-06,28.25,28.25
2024-12-09,28.979999542236328,28.979999542236328
2024-12-10,28.989999771118164,28.989999771118164
2024-12-11,29.040000915527344,29.040000915527344
2024-12-12,28.200000762939453,28.200000762939453
2024-12-13,27.75,27.75
2024-12-16,27.799999237060547,27.799999237060547
2024-12-17,27.809999465942383,27.809999465942383
2024-12-18,26.850000381469727,26.850000381469727
2024-12-19,26.520000457763672,26.520000457763672
2024-12-20,26.920000076293945,26.920000076293945
2024-12-23,26.989999771118164,26.989999771118164
2024-12-24,27.020000457763672,27.020000457763672
2024-12-26,27.139999389648438,27.139999389648438
2024-12-27,26.760000228881836,26.760000228881836
2024-12-30,26.43000030517578,26.43000030517578
2024-12-31,26.329999923706055,26.329999923706055
2025-01-02,26.93000030517578,26.93000030517578
2025-01-03,26.979999542236328,26.979999542236328
2025-01-06,27.239999771118164,27.239999771118164
2025-01-07,27.329999923706055,27.329999923706055
2025-01-08,27.399999618530273,27.399999618530273
2025-01-10,27.610000610351562,27.610000610351562
2025-01-13,26.959999084472656,26.959999084472656
2025-01-14,27.200000762939453,27.200000762939453
2025-01-15,27.959999084472656,27.959999084472656
2025-01-16,28.040000915527344,28.040000915527344
2025-01-17,27.610000610351562,27.610000610351562
2025-01-21,28.040000915527344,28.040000915527344
2025-01-22,28.049999237060547,28.049999237060547
2025-01-23,27.770000457763672,27.770000457763672
2025-01-24,27.90999984741211,27.90999984741211
2025-01-27,27.459999084472656,27.459999084472656
2025-01-28,27.6299991607666,27.6299991607666
2025-01-29,28.0,28.0
2025-01-30,28.719999313354492,28.719999313354492
2025-01-31,28.510000228881836,28.510000228881836
2025-02-03,28.670000076293945,28.670000076293945
2025-02-04,29.219999313354492,29.219999313354492
2025-02-05,29.350000381469727,29.350000381469727
2025-02-06,29.3799991607666,29.3799991607666
2025-02-07,29.030000686645508,29.030000686645508
2025-02-10,29.200000762939453,29.200000762939453
2025-02-11,29.0,29.0
2025-02-12,29.34000015258789,29.34000015258789
2025-02-13,29.459999084472656,29.459999084472656
2025-02-14,29.309999465942383,29.309999465942383
2025-02-18,29.90999984741211,29.90999984741211
2025-02-19,29.809999465942383,29.809999465942383
2025-02-20,29.950000762939453,29.950000762939453
2025-02-21,29.59000015258789,29.59000015258789
2025-02-24,29.440000534057617,29.440000534057617
2025-02-25,28.829999923706055,28.829999923706055
2025-02-26,28.940000534057617,28.940000534057617
2025-02-27,28.399999618530273,28.399999618530273
2025-02-28,28.309999465942383,28.309999465942383
2025-03-03,28.75,28.75
2025-03-04,29.0,29.0
2025-03-05,29.770000457763672,29.770000457763672
2025-03-06,29.690000534057617,29.690000534057617
2025-03-07,29.59000015258789,29.59000015258789
2025-03-10,29.110000610351562,29.110000610351562
2025-03-11,29.959999084472656,29.959999084472656
2025-03-12,30.219999313354492,30.219999313354492
2025-03-13,30.739999771118164,30.739999771118164
2025-03-14,30.709999084472656,30.709999084472656
2025-03-17,30.809999465942383,30.809999465942383
2025-03-18,30.850000381469727,30.850000381469727
2025-03-19,30.75,30.75
2025-03-20,30.5,30.5
2025-03-21,30.020000457763672,30.020000457763672
2025-03-24,29.959999084472656,29.959999084472656
2025-03-25,30.579999923706055,30.579999923706055
2025-03-26,30.530000686645508,30.530000686645508
2025-03-27,31.31999969482422,31.31999969482422
2025-03-28,31.0,31.0
2025-03-31,30.989999771118164,30.989999771118164
2025-04-01,30.6299991607666,30.6299991607666
2025-04-02,30.760000228881836,30.760000228881836
2025-04-03,28.889999389648438,28.889999389648438
2025-04-04,27.079999923706055,27.079999923706055
2025-04-07,27.139999389648438,27.139999389648438
2025-04-08,27.139999389648438,27.139999389648438
2025-04-09,28.059999465942383,28.059999465942383
2025-04-10,28.280000686645508,28.280000686645508
2025-04-11,29.190000534057617,29.190000534057617
2025-04-14,29.3799991607666,29.3799991607666
2025-04-15,29.40999984741211,29.40999984741211
2025-04-16,29.760000228881836,29.760000228881836
2025-04-17,29.549999237060547,29.549999237060547
2025-04-21,29.790000915527344,29.790000915527344
2025-04-22,29.5,29.5
2025-04-23,30.559999465942383,30.559999465942383
2025-04-24,30.559999465942383,30.559999465942383
2025-04-25,30.049999237060547,30.049999237060547
2025-04-28,30.190000534057617,30.190000534057617
2025-04-29,29.829999923706055,29.829999923706055
2025-04-30,29.600000381469727,29.600000381469727
2025-05-01,29.389999389648438,29.389999389648438
2025-05-02,29.1200008392334,29.1200008392334
2025-05-05,29.479999542236328,29.479999542236328
2025-05-06,30.219999313354492,30.219999313354492
2025-05-07,29.489999771118164,29.489999771118164
2025-05-08,29.459999084472656,29.459999084472656
2025-05-09,29.799999237060547,29.799999237060547
2025-05-12,29.6299991607666,29.6299991607666
2025-05-13,29.93000030517578,29.93000030517578
2025-05-14,29.25,29.25
2025-05-15,29.610000610351562,29.610000610351562
2025-05-16,29.299999237060547,29.299999237060547
2025-05-19,29.420000076293945,29.420000076293945
2025-05-20,30.1299991607666,30.1299991607666
2025-05-21,30.510000228881836,30.510000228881836
2025-05-22,30.030000686645508,30.030000686645508
2025-05-23,30.450000762939453,30.450000762939453
2025-05-27,30.229999542236328,30.229999542236328
2025-05-28,29.979999542236328,29.979999542236328
2025-05-29,30.299999237060547,30.299999237060547
2025-05-30,30.0,30.0
2025-06-02,31.59000015258789,31.59000015258789
2025-06-03,31.440000534057617,31.440000534057617
2025-06-04,31.34000015258789,31.34000015258789
2025-06-05,32.45000076293945,32.45000076293945
2025-06-06,32.689998626708984,32.689998626708984
2025-06-09,33.38999938964844,33.38999938964844
2025-06-10,33.22999954223633,33.22999954223633
2025-06-11,32.95000076293945,32.95000076293945
2025-06-12,33.060001373291016,33.060001373291016
2025-06-13,32.970001220703125,32.970001220703125
2025-06-16,33.029998779296875,33.029998779296875
2025-06-17,33.7400016784668,33.7400016784668
2025-06-18,33.27000045776367,33.27000045776367
2025-06-20,32.720001220703125,32.720001220703125
2025-06-23,32.959999084472656,32.959999084472656
2025-06-24,32.61000061035156,32.61000061035156
2025-06-25,33.0099983215332,33.0099983215332
2025-06-26,33.34000015258789,33.34000015258789
2025-06-27,32.619998931884766,32.619998931884766
2025-06-30,32.810001373291016,32.810001373291016
2025-07-01,32.72999954223633,32.72999954223633
2025-07-02,33.2400016784668,33.2400016784668
2025-07-03,33.5099983215332,33.5099983215332
2025-07-07,33.43000030517578,33.43000030517578
2025-07-08,33.290000915527344,33.290000915527344
2025-07-09,33.0,33.0
2025-07-10,33.75,33.75
2025-07-11,35.029998779296875,35.029998779296875
2025-07-14,34.630001068115234,34.630001068115234
2025-07-15,34.2599983215332,34.2599983215332
2025-07-16,34.40999984741211,34.40999984741211
2025-07-17,34.650001525878906,34.650001525878906
2025-07-18,34.61000061035156,34.61000061035156
2025-07-21,35.349998474121094,35.349998474121094
2025-07-22,35.720001220703125,35.720001220703125
2025-07-23,35.689998626708984,35.689998626708984
2025-07-24,35.4900016784668,35.4900016784668
2025-07-25,34.65999984741211,34.65999984741211
2025-07-28,34.63999938964844,34.63999938964844
2025-07-29,34.65999984741211,34.65999984741211
2025-07-30,33.5099983215332,33.5099983215332
2025-07-31,33.31999969482422,33.31999969482422
2025-08-01,33.59000015258789,33.59000015258789
2025-08-04,33.97999954223633,33.97999954223633
2025-08-05,34.349998474121094,34.349998474121094
2025-08-06,34.349998474121094,34.349998474121094
2025-08-07,34.7599983215332,34.7599983215332
2025-08-08,34.880001068115234,34.880001068115234
2025-08-11,34.18000030517578,34.18000030517578
2025-08-12,34.40999984741211,34.40999984741211
2025-08-13,35.0,35.0
2025-08-14,34.5,34.5
2025-08-15,34.5,34.5
2025-08-18,34.54999923706055,34.54999923706055
2025-08-19,33.869998931884766,33.869998931884766
2025-08-20,34.43000030517578,34.43000030517578
2025-08-21,34.61000061035156,34.61000061035156
2025-08-22,35.34000015258789,35.34000015258789
2025-08-25,35.02000045776367,35.02000045776367
2025-08-26,35.02000045776367,35.02000045776367
2025-08-27,34.9900016784668,34.9900016784668
2025-08-28,35.52000045776367,35.52000045776367
2025-08-29,36.189998626708984,36.189998626708984
2025-09-02,37.150001525878906,37.150001525878906
2025-09-03,37.34000015258789,37.34000015258789
2025-09-04,36.93000030517578,36.93000030517578
2025-09-05,37.209999084472656,37.209999084472656
2025-09-08,37.5099983215332,37.5099983215332
2025-09-09,37.18000030517578,37.18000030517578
2025-09-10,37.40999984741211,37.40999984741211
2025-09-11,37.790000915527344,37.790000915527344
2025-09-12,38.34000015258789,38.34000015258789
2025-09-15,38.7599983215332,38.7599983215332
2025-09-16,38.599998474121094,38.599998474121094
2025-09-17,37.790000915527344,37.790000915527344
2025-09-18,37.9900016784668,37.9900016784668
2025-09-19,39.040000915527344,39.040000915527344
2025-09-22,40.040000915527344,40.040000915527344
2025-09-23,39.959999084472656,39.959999084472656
2025-09-24,39.81999969482422,39.81999969482422
2025-09-25,41.029998779296875,41.029998779296875
2025-09-26,41.86000061035156,41.86000061035156
2025-09-29,42.5,42.5
2025-09-30,42.369998931884766,42.369998931884766
2025-10-01,42.90999984741211,42.90999984741211
2025-10-02,42.529998779296875,42.529998779296875
2025-10-03,43.52000045776367,43.52000045776367
2025-10-06,44.060001373291016,44.060001373291016
2025-10-07,43.38999938964844,43.38999938964844
2025-10-08,44.560001373291016,44.560001373291016
2025-10-09,44.709999084472656,44.709999084472656
2025-10-10,45.43000030517578,45.43000030517578
2025-10-13,47.2599983215332,47.2599983215332
2025-10-14,46.79999923706055,46.79999923706055
2025-10-15,48.33000183105469,48.33000183105469
2025-10-16,49.16999816894531,49.16999816894531
2025-10-17,46.9900016784668,46.9900016784668
2025-10-20,47.720001220703125,47.720001220703125
2025-10-21,43.790000915527344,43.790000915527344
2025-10-22,43.880001068115234,43.880001068115234
2025-10-23,44.18000030517578,44.18000030517578
2025-10-24,43.9900016784668,43.9900016784668
2025-10-27,42.400001525878906,42.400001525878906
2025-10-28,42.70000076293945,42.70000076293945
2025-10-29,43.22999954223633,43.22999954223633
2025-10-30,44.34000015258789,44.34000015258789
2025-10-31,44.0099983215332,44.0099983215332
2025-11-03,43.7599983215332,43.7599983215332
2025-11-04,42.7400016784668,42.7400016784668
2025-11-05,43.650001525878906,43.650001525878906
2025-11-06,43.54999923706055,43.54999923706055
2025-11-07,43.91999816894531,43.91999816894531
2025-11-10,45.790000915527344,45.790000915527344
2025-11-11,46.45000076293945,46.45000076293945
2025-11-12,48.31999969482422,48.31999969482422
2025-11-13,47.41999816894531,47.41999816894531
2025-11-14,45.959999084472656,45.959999084472656
2025-11-17,45.470001220703125,45.470001220703125
2025-11-18,46.099998474121094,46.099998474121094
2025-11-19,46.45000076293945,46.45000076293945
2025-11-20,45.779998779296875,45.779998779296875
2025-11-21,45.29999923706055,45.29999923706055
2025-11-24,46.630001068115234,46.630001068115234
2025-11-25,46.66999816894531,46.66999816894531
2025-11-26,48.400001525878906,48.400001525878906
2025-11-28,51.209999084472656,51.209999084472656
2025-12-01,52.52000045776367,52.52000045776367
2025-12-02,53.130001068115234,53.130001068115234
2025-12-03,53.06999969482422,53.06999969482422
2025-12-04,51.7599983215332,51.7599983215332
2025-12-05,52.95000076293945,52.95000076293945
2025-12-08,52.709999084472656,52.709999084472656
2025-12-09,55.16999816894531,55.16999816894531
2025-12-10,56.06999969482422,56.06999969482422
2025-12-11,57.619998931884766,57.619998931884766
2025-12-12,56.099998474121094,56.099998474121094
2025-12-15,58.11000061035156,58.11000061035156
2025-12-16,57.72999954223633,57.72999954223633
2025-12-17,60.2599983215332,60.2599983215332
2025-12-18,59.31999969482422,59.31999969482422
2025-12-19,60.93000030517578,60.93000030517578
2025-12-22,62.470001220703125,62.470001220703125
2025-12-23,64.83999633789062,64.83999633789062
2025-12-24,65.22000122070312,65.22000122070312
2025-12-26,71.12000274658203,71.12000274658203
2025-12-29,66.01000213623047,66.01000213623047
2025-12-30,68.9800033569336,68.9800033569336
2025-12-31,64.41999816894531,64.41999816894531
2026-01-02,65.75,65.75
2026-01-05,69.08000183105469,69.08000183105469
2026-01-06,73.70999908447266,73.70999908447266
2026-01-07,70.95999908447266,70.95999908447266
2026-01-08,69.70999908447266,69.70999908447266
2026-01-09,72.37999725341797,72.37999725341797
2026-01-12,77.2300033569336,77.2300033569336
2026-01-13,78.5999984741211,78.5999984741211
2026-01-14,84.55999755859375,84.55999755859375
2026-01-15,83.31999969482422,83.31999969482422
2026-01-16,81.0199966430664,81.0199966430664
2026-01-20,85.38999938964844,85.38999938964844
2026-01-21,83.95999908447266,83.95999908447266
2026-01-22,87.12999725341797,87.12999725341797
2026-01-23,92.91000366210938,92.91000366210938
2026-01-26,98.33999633789062,98.33999633789062
2026-01-27,101.58999633789062,101.58999633789062
2026-01-28,105.5999984741211,105.5999984741211
2026-01-29,105.56999969482422,105.56999969482422
2026-01-30,75.44000244140625,75.44000244140625
2026-02-02,72.44000244140625,72.44000244140625
2026-02-03,76.95999908447266,76.95999908447266
2026-02-04,79.18000030517578,79.18000030517578
2026-02-05,66.69000244140625,66.69000244140625
2026-02-06,70.19000244140625,70.19000244140625
2026-02-09,76.04000091552734,76.04000091552734
2026-02-10,73.41000366210938,73.41000366210938
2026-02-11,76.55999755859375,76.55999755859375
2026-02-12,67.7300033569336,67.7300033569336
2026-02-13,69.72000122070312,69.72000122070312
2026-02-17,66.37000274658203,66.37000274658203
2026-02-18,70.08999633789062,70.08999633789062
2026-02-19,71.01000213623047,71.01000213623047
2026-02-20,76.62000274658203,76.62000274658203
2026-02-23,80.56999969482422,80.56999969482422
2026-02-24,79.08000183105469,79.08000183105469
2026-02-25,80.04000091552734,80.04000091552734
2026-02-26,80.44999694824219,80.44999694824219
2026-02-27,84.98999786376953,84.98999786376953
2026-03-02,81.56999969482422,81.56999969482422
2026-03-03,74.68000030517578,74.68000030517578
2026-03-04,75.33999633789062,75.33999633789062
2026-03-05,74.2699966430664,74.2699966430664
2026-03-06,75.94000244140625,75.94000244140625
2026-03-09,78.26000213623047,78.26000213623047
2026-03-10,80.08999633789062,80.08999633789062
2026-03-11,77.91000366210938,77.91000366210938
2026-03-12,76.4800033569336,76.4800033569336
2026-03-13,72.69000244140625,72.69000244140625
2026-03-16,73.22000122070312,73.22000122070312
2026-03-17,71.66000366210938,71.66000366210938
2026-03-18,68.69999694824219,68.69999694824219
2026-03-19,65.68000030517578,65.68000030517578
2026-03-20,61.52000045776367,61.52000045776367
2026-03-23,62.470001220703125,62.470001220703125
2026-03-24,62.95000076293945,62.95000076293945
2026-03-25,65.20999908447266,65.20999908447266
2026-03-26,60.77000045776367,60.77000045776367
2026-03-27,63.439998626708984,63.439998626708984
2026-03-30,63.52000045776367,63.52000045776367
2026-03-31,68.13999938964844,68.13999938964844
2026-04-01,68.13999938964844,68.13999938964844
2026-04-02,65.79000091552734,65.79000091552734
2026-04-06,66.08999633789062,66.08999633789062
2026-04-07,65.94000244140625,65.94000244140625
2026-04-08,67.47000122070312,67.47000122070312
2026-04-09,68.38999938964844,68.38999938964844
2026-04-10,69.08000183105469,69.08000183105469
2026-04-13,68.27999877929688,68.27999877929688
2026-04-14,72.04000091552734,72.04000091552734
2026-04-15,71.83999633789062,71.83999633789062
2026-04-16,71.23999786376953,71.23999786376953
2026-04-17,73.62999725341797,73.62999725341797
2026-04-20,72.1500015258789,72.1500015258789
2026-04-21,68.48999786376953,68.48999786376953
2026-04-22,70.37000274658203,70.37000274658203
2026-04-23,68.37999725341797,68.37999725341797
2026-04-24,68.79000091552734,68.79000091552734
2026-04-27,68.33000183105469,68.33000183105469
2026-04-28,66.19999694824219,66.19999694824219
2026-04-29,64.83999633789062,64.83999633789062
2026-04-30,66.66000366210938,66.66000366210938
2026-05-01,68.29000091552734,68.29000091552734
2026-05-04,65.94000244140625,65.94000244140625
2026-05-05,65.91000366210938,65.91000366210938
2026-05-06,70.12999725341797,70.12999725341797
2026-05-07,71.5999984741211,71.5999984741211
2026-05-08,73.01000213623047,73.01000213623047
2026-05-11,78.0,78.0
2026-05-12,78.55000305175781,78.55000305175781
2026-05-13,79.3499984741211,79.3499984741211
2026-05-14,75.51000213623047,75.51000213623047
2026-05-15,69.04000091552734,69.04000091552734
2026-05-18,69.94000244140625,69.94000244140625
2026-05-19,66.9000015258789,66.9000015258789
2026-05-20,68.7300033569336,68.7300033569336
2026-05-21,69.44999694824219,69.44999694824219
2026-05-22,68.36000061035156,68.36000061035156
2026-05-26,69.72000122070312,69.72000122070312
2026-05-27,67.5,67.5
2026-05-28,68.36000061035156,68.36000061035156
2026-05-29,68.33000183105469,68.33000183105469
2026-06-01,67.66999816894531,67.66999816894531
2026-06-02,67.98999786376953,67.98999786376953
2026-06-03,66.20999908447266,66.20999908447266
2026-06-04,66.9800033569336,66.9800033569336
2026-06-05,61.56999969482422,61.56999969482422
2026-06-08,61.58000183105469,61.58000183105469
2026-06-09,59.0099983215332,59.0099983215332
2026-06-10,57.65999984741211,57.65999984741211
2026-06-11,60.81999969482422,60.81999969482422
2026-06-12,61.290000915527344,61.290000915527344
2026-06-15,63.470001220703125,63.470001220703125
2026-06-16,63.38999938964844,63.38999938964844
2026-06-17,60.61000061035156,60.61000061035156
2026-06-18,59.5099983215332,59.5099983215332
2026-06-22,58.90999984741211,58.90999984741211
2026-06-23,55.72999954223633,55.72999954223633
2026-06-24,51.779998779296875,51.779998779296875
2026-06-25,52.36000061035156,52.36000061035156
2026-06-26,53.279998779296875,53.279998779296875
2026-06-29,52.68000030517578,52.68000030517578
2026-06-30,53.470001220703125,53.470001220703125
2026-07-01,53.58000183105469,53.58000183105469
2026-07-02,55.02000045776367,55.02000045776367
2026-07-06,56.11000061035156,56.11000061035156
2026-07-07,54.459999084472656,54.459999084472656
2026-07-08,52.83000183105469,52.83000183105469
2026-07-09,54.13999938964844,54.13999938964844
2026-07-10,53.95000076293945,53.95000076293945
2026-07-13,52.15999984741211,52.15999984741211
2026-07-14,53.16999816894531,53.16999816894531
2026-07-15,52.209999084472656,52.209999084472656
2026-07-16,50.38999938964844,50.38999938964844
2026-07-17,50.779998779296875,50.779998779296875
2026-07-20,50.97999954223633,50.97999954223633
2026-07-21,53.08000183105469,53.08000183105469
2026-07-22,53.91999816894531,53.91999816894531
2026-07-23,52.119998931884766,52.119998931884766
