date,adjclose,close
2008-12-03,6.204999923706055,6.204999923706055
2008-12-04,6.067500114440918,6.067500114440918
2008-12-05,5.945000171661377,5.945000171661377
2008-12-08,6.162499904632568,6.162499904632568
2008-12-09,6.210000038146973,6.210000038146973
2008-12-10,6.75,6.75
2008-12-11,6.945000171661377,6.945000171661377
2008-12-12,6.902500152587891,6.902500152587891
2008-12-15,7.237500190734863,7.237500190734863
2008-12-16,7.614999771118164,7.614999771118164
2008-12-17,7.75,7.75
2008-12-18,7.480000019073486,7.480000019073486
2008-12-19,7.212500095367432,7.212500095367432
2008-12-22,7.337500095367432,7.337500095367432
2008-12-23,7.184999942779541,7.184999942779541
2008-12-24,7.377500057220459,7.377500057220459
2008-12-26,7.747499942779541,7.747499942779541
2008-12-29,7.852499961853027,7.852499961853027
2008-12-30,7.822500228881836,7.822500228881836
2008-12-31,7.900000095367432,7.900000095367432
2009-01-02,7.849999904632568,7.849999904632568
2009-01-05,7.537499904632568,7.537499904632568
2009-01-06,7.642499923706055,7.642499923706055
2009-01-07,7.199999809265137,7.199999809265137
2009-01-08,7.497499942779541,7.497499942779541
2009-01-09,7.40749979019165,7.40749979019165
2009-01-12,6.837500095367432,6.837500095367432
2009-01-13,6.867499828338623,6.867499828338623
2009-01-14,6.699999809265137,6.699999809265137
2009-01-15,6.804999828338623,6.804999828338623
2009-01-16,7.207499980926514,7.207499980926514
2009-01-20,7.517499923706055,7.517499923706055
2009-01-21,7.442500114440918,7.442500114440918
2009-01-22,7.517499923706055,7.517499923706055
2009-01-23,8.177499771118164,8.177499771118164
2009-01-26,8.262499809265137,8.262499809265137
2009-01-27,8.147500038146973,8.147500038146973
2009-01-28,7.980000019073486,7.980000019073486
2009-01-29,8.375,8.375
2009-01-30,8.699999809265137,8.699999809265137
2009-02-02,8.199999809265137,8.199999809265137
2009-02-03,8.170000076293945,8.170000076293945
2009-02-04,8.274999618530273,8.274999618530273
2009-02-05,8.467499732971191,8.467499732971191
2009-02-06,8.380000114440918,8.380000114440918
2009-02-09,8.095000267028809,8.095000267028809
2009-02-10,8.457500457763672,8.457500457763672
2009-02-11,8.852499961853027,8.852499961853027
2009-02-12,9.0024995803833,9.0024995803833
2009-02-13,8.907500267028809,8.907500267028809
2009-02-17,9.482500076293945,9.482500076293945
2009-02-18,9.760000228881836,9.760000228881836
2009-02-19,9.522500038146973,9.522500038146973
2009-02-20,9.907500267028809,9.907500267028809
2009-02-23,9.867500305175781,9.867500305175781
2009-02-24,9.289999961853027,9.289999961853027
2009-02-25,8.97249984741211,8.97249984741211
2009-02-26,8.957500457763672,8.957500457763672
2009-02-27,8.837499618530273,8.837499618530273
2009-03-02,8.550000190734863,8.550000190734863
2009-03-03,8.354999542236328,8.354999542236328
2009-03-04,8.180000305175781,8.180000305175781
2009-03-05,8.737500190734863,8.737500190734863
2009-03-06,8.782500267028809,8.782500267028809
2009-03-09,8.449999809265137,8.449999809265137
2009-03-10,7.997499942779541,7.997499942779541
2009-03-11,8.192500114440918,8.192500114440918
2009-03-12,8.517499923706055,8.517499923706055
2009-03-13,8.567500114440918,8.567500114440918
2009-03-16,8.484999656677246,8.484999656677246
2009-03-17,8.319999694824219,8.319999694824219
2009-03-18,8.8725004196167,8.8725004196167
2009-03-19,9.09749984741211,9.09749984741211
2009-03-20,8.949999809265137,8.949999809265137
2009-03-23,8.649999618530273,8.649999618530273
2009-03-24,8.467499732971191,8.467499732971191
2009-03-25,8.625,8.625
2009-03-26,8.632499694824219,8.632499694824219
2009-03-27,8.414999961853027,8.414999961853027
2009-03-30,8.287500381469727,8.287500381469727
2009-03-31,8.327500343322754,8.327500343322754
2009-04-01,8.452500343322754,8.452500343322754
2009-04-02,8.039999961853027,8.039999961853027
2009-04-03,7.817500114440918,7.817500114440918
2009-04-06,7.400000095367432,7.400000095367432
2009-04-07,7.650000095367432,7.650000095367432
2009-04-08,7.617499828338623,7.617499828338623
2009-04-09,7.552499771118164,7.552499771118164
2009-04-13,7.817500114440918,7.817500114440918
2009-04-14,7.755000114440918,7.755000114440918
2009-04-15,7.784999847412109,7.784999847412109
2009-04-16,7.480000019073486,7.480000019073486
2009-04-17,7.360000133514404,7.360000133514404
2009-04-20,7.672500133514404,7.672500133514404
2009-04-21,7.639999866485596,7.639999866485596
2009-04-22,7.722499847412109,7.722499847412109
2009-04-23,7.965000152587891,7.965000152587891
2009-04-24,8.15250015258789,8.15250015258789
2009-04-27,8.029999732971191,8.029999732971191
2009-04-28,7.795000076293945,7.795000076293945
2009-04-29,7.90500020980835,7.90500020980835
2009-04-30,7.702499866485596,7.702499866485596
2009-05-01,7.65749979019165,7.65749979019165
2009-05-04,7.929999828338623,7.929999828338623
2009-05-05,7.872499942779541,7.872499942779541
2009-05-06,8.100000381469727,8.100000381469727
2009-05-07,8.069999694824219,8.069999694824219
2009-05-08,8.162500381469727,8.162500381469727
2009-05-11,8.1274995803833,8.1274995803833
2009-05-12,8.3125,8.3125
2009-05-13,8.359999656677246,8.359999656677246
2009-05-14,8.359999656677246,8.359999656677246
2009-05-15,8.447500228881836,8.447500228881836
2009-05-18,8.232500076293945,8.232500076293945
2009-05-19,8.34000015258789,8.34000015258789
2009-05-20,8.579999923706055,8.579999923706055
2009-05-21,8.864999771118164,8.864999771118164
2009-05-22,8.90999984741211,8.90999984741211
2009-05-26,8.827500343322754,8.827500343322754
2009-05-27,8.782500267028809,8.782500267028809
2009-05-28,8.942500114440918,8.942500114440918
2009-05-29,9.307499885559082,9.307499885559082
2009-06-01,9.212499618530273,9.212499618530273
2009-06-02,9.34749984741211,9.34749984741211
2009-06-03,8.975000381469727,8.975000381469727
2009-06-04,9.319999694824219,9.319999694824219
2009-06-05,8.817500114440918,8.817500114440918
2009-06-08,8.789999961853027,8.789999961853027
2009-06-09,8.842499732971191,8.842499732971191
2009-06-10,8.84000015258789,8.84000015258789
2009-06-11,8.800000190734863,8.800000190734863
2009-06-12,8.532500267028809,8.532500267028809
2009-06-15,8.332500457763672,8.332500457763672
2009-06-16,8.467499732971191,8.467499732971191
2009-06-17,8.529999732971191,8.529999732971191
2009-06-18,8.40999984741211,8.40999984741211
2009-06-19,8.447500228881836,8.447500228881836
2009-06-22,8.207500457763672,8.207500457763672
2009-06-23,8.279999732971191,8.279999732971191
2009-06-24,8.364999771118164,8.364999771118164
2009-06-25,8.517499923706055,8.517499923706055
2009-06-26,8.517499923706055,8.517499923706055
2009-06-29,8.475000381469727,8.475000381469727
2009-06-30,8.319999694824219,8.319999694824219
2009-07-01,8.524999618530273,8.524999618530273
2009-07-02,8.335000038146973,8.335000038146973
2009-07-06,8.25,8.25
2009-07-07,8.225000381469727,8.225000381469727
2009-07-08,7.954999923706055,7.954999923706055
2009-07-09,8.015000343322754,8.015000343322754
2009-07-10,8.024999618530273,8.024999618530273
2009-07-13,8.135000228881836,8.135000228881836
2009-07-14,8.239999771118164,8.239999771118164
2009-07-15,8.487500190734863,8.487500190734863
2009-07-16,8.4399995803833,8.4399995803833
2009-07-17,8.432499885559082,8.432499885559082
2009-07-20,8.699999809265137,8.699999809265137
2009-07-21,8.65250015258789,8.65250015258789
2009-07-22,8.702500343322754,8.702500343322754
2009-07-23,8.680000305175781,8.680000305175781
2009-07-24,8.697500228881836,8.697500228881836
2009-07-27,8.7475004196167,8.7475004196167
2009-07-28,8.4375,8.4375
2009-07-29,8.27750015258789,8.27750015258789
2009-07-30,8.350000381469727,8.350000381469727
2009-07-31,8.675000190734863,8.675000190734863
2009-08-03,8.765000343322754,8.765000343322754
2009-08-04,8.922499656677246,8.922499656677246
2009-08-05,8.925000190734863,8.925000190734863
2009-08-06,8.890000343322754,8.890000343322754
2009-08-07,8.729999542236328,8.729999542236328
2009-08-10,8.577500343322754,8.577500343322754
2009-08-11,8.557499885559082,8.557499885559082
2009-08-12,8.582500457763672,8.582500457763672
2009-08-13,8.720000267028809,8.720000267028809
2009-08-14,8.585000038146973,8.585000038146973
2009-08-17,8.327500343322754,8.327500343322754
2009-08-18,8.392499923706055,8.392499923706055
2009-08-19,8.489999771118164,8.489999771118164
2009-08-20,8.449999809265137,8.449999809265137
2009-08-21,8.694999694824219,8.694999694824219
2009-08-24,8.447500228881836,8.447500228881836
2009-08-25,8.537500381469727,8.537500381469727
2009-08-26,8.539999961853027,8.539999961853027
2009-08-27,8.607500076293945,8.607500076293945
2009-08-28,8.732500076293945,8.732500076293945
2009-08-31,8.635000228881836,8.635000228881836
2009-09-01,8.742500305175781,8.742500305175781
2009-09-02,9.164999961853027,9.164999961853027
2009-09-03,9.40999984741211,9.40999984741211
2009-09-04,9.4375,9.4375
2009-09-08,9.404999732971191,9.404999732971191
2009-09-09,9.332500457763672,9.332500457763672
2009-09-10,9.449999809265137,9.449999809265137
2009-09-11,9.645000457763672,9.645000457763672
2009-09-14,9.494999885559082,9.494999885559082
2009-09-15,9.677499771118164,9.677499771118164
2009-09-16,9.8774995803833,9.8774995803833
2009-09-17,9.762499809265137,9.762499809265137
2009-09-18,9.640000343322754,9.640000343322754
2009-09-21,9.5649995803833,9.5649995803833
2009-09-22,9.800000190734863,9.800000190734863
2009-09-23,9.637499809265137,9.637499809265137
2009-09-24,9.385000228881836,9.385000228881836
2009-09-25,9.287500381469727,9.287500381469727
2009-09-28,9.295000076293945,9.295000076293945
2009-09-29,9.350000381469727,9.350000381469727
2009-09-30,9.632499694824219,9.632499694824219
2009-10-01,9.449999809265137,9.449999809265137
2009-10-02,9.532500267028809,9.532500267028809
2009-10-05,9.822500228881836,9.822500228881836
2009-10-06,10.292499542236328,10.292499542236328
2009-10-07,10.324999809265137,10.324999809265137
2009-10-08,10.675000190734863,10.675000190734863
2009-10-09,10.420000076293945,10.420000076293945
2009-10-12,10.5625,10.5625
2009-10-13,10.694999694824219,10.694999694824219
2009-10-14,10.6875,10.6875
2009-10-15,10.430000305175781,10.430000305175781
2009-10-16,10.482500076293945,10.482500076293945
2009-10-19,10.6875,10.6875
2009-10-20,10.529999732971191,10.529999732971191
2009-10-21,10.579999923706055,10.579999923706055
2009-10-22,10.614999771118164,10.614999771118164
2009-10-23,10.520000457763672,10.520000457763672
2009-10-26,10.194999694824219,10.194999694824219
2009-10-27,10.182499885559082,10.182499885559082
2009-10-28,9.962499618530273,9.962499618530273
2009-10-29,10.350000381469727,10.350000381469727
2009-10-30,10.3125,10.3125
2009-11-02,10.592499732971191,10.592499732971191
2009-11-03,11.1225004196167,11.1225004196167
2009-11-04,11.229999542236328,11.229999542236328
2009-11-05,11.217499732971191,11.217499732971191
2009-11-06,11.3100004196167,11.3100004196167
2009-11-09,11.479999542236328,11.479999542236328
2009-11-10,11.517499923706055,11.517499923706055
2009-11-11,11.774999618530273,11.774999618530273
2009-11-12,11.482500076293945,11.482500076293945
2009-11-13,11.805000305175781,11.805000305175781
2009-11-16,12.194999694824219,12.194999694824219
2009-11-17,12.270000457763672,12.270000457763672
2009-11-18,12.345000267028809,12.345000267028809
2009-11-19,12.342499732971191,12.342499732971191
2009-11-20,12.46500015258789,12.46500015258789
2009-11-23,12.78499984741211,12.78499984741211
2009-11-24,12.880000114440918,12.880000114440918
2009-11-25,13.305000305175781,13.305000305175781
2009-11-27,12.9399995803833,12.9399995803833
2009-11-30,13.074999809265137,13.074999809265137
2009-12-01,13.452500343322754,13.452500343322754
2009-12-02,13.857500076293945,13.857500076293945
2009-12-03,13.755000114440918,13.755000114440918
2009-12-04,12.625,12.625
2009-12-07,12.449999809265137,12.449999809265137
2009-12-08,11.97249984741211,11.97249984741211
2009-12-09,11.9399995803833,11.9399995803833
2009-12-10,11.962499618530273,11.962499618530273
2009-12-11,11.625,11.625
2009-12-14,11.819999694824219,11.819999694824219
2009-12-15,11.8125,11.8125
2009-12-16,12.09000015258789,12.09000015258789
2009-12-17,11.207500457763672,11.207500457763672
2009-12-18,11.537500381469727,11.537500381469727
2009-12-21,11.117500305175781,11.117500305175781
2009-12-22,10.942500114440918,10.942500114440918
2009-12-23,11.039999961853027,11.039999961853027
2009-12-24,11.392499923706055,11.392499923706055
2009-12-28,11.4375,11.4375
2009-12-29,11.204999923706055,11.204999923706055
2009-12-30,11.100000381469727,11.100000381469727
2009-12-31,11.170000076293945,11.170000076293945
2010-01-04,11.677499771118164,11.677499771118164
2010-01-05,11.657500267028809,11.657500267028809
2010-01-06,12.032500267028809,12.032500267028809
2010-01-07,11.8774995803833,11.8774995803833
2010-01-08,12.005000114440918,12.005000114440918
2010-01-11,12.327500343322754,12.327500343322754
2010-01-12,11.807499885559082,11.807499885559082
2010-01-13,12.024999618530273,12.024999618530273
2010-01-14,12.135000228881836,12.135000228881836
2010-01-15,11.882499694824219,11.882499694824219
2010-01-19,12.02750015258789,12.02750015258789
2010-01-20,11.457500457763672,11.457500457763672
2010-01-21,11.135000228881836,11.135000228881836
2010-01-22,11.100000381469727,11.100000381469727
2010-01-25,11.162500381469727,11.162500381469727
2010-01-26,11.162500381469727,11.162500381469727
2010-01-27,10.960000038146973,10.960000038146973
2010-01-28,10.944999694824219,10.944999694824219
2010-01-29,10.842499732971191,10.842499732971191
2010-02-01,11.329999923706055,11.329999923706055
2010-02-02,11.494999885559082,11.494999885559082
2010-02-03,11.390000343322754,11.390000343322754
2010-02-04,10.492500305175781,10.492500305175781
2010-02-05,10.53499984741211,10.53499984741211
2010-02-08,10.427499771118164,10.427499771118164
2010-02-09,10.707500457763672,10.707500457763672
2010-02-10,10.635000228881836,10.635000228881836
2010-02-11,11.055000305175781,11.055000305175781
2010-02-12,11.022500038146973,11.022500038146973
2010-02-16,11.53499984741211,11.53499984741211
2010-02-17,11.46500015258789,11.46500015258789
2010-02-18,11.607500076293945,11.607500076293945
2010-02-19,11.517499923706055,11.517499923706055
2010-02-22,11.430000305175781,11.430000305175781
2010-02-23,11.170000076293945,11.170000076293945
2010-02-24,11.0625,11.0625
2010-02-25,11.265000343322754,11.265000343322754
2010-02-26,11.479999542236328,11.479999542236328
2010-03-01,11.489999771118164,11.489999771118164
2010-03-02,11.829999923706055,11.829999923706055
2010-03-03,11.954999923706055,11.954999923706055
2010-03-04,11.802499771118164,11.802499771118164
2010-03-05,11.78499984741211,11.78499984741211
2010-03-08,11.567500114440918,11.567500114440918
2010-03-09,11.539999961853027,11.539999961853027
2010-03-10,11.265000343322754,11.265000343322754
2010-03-11,11.295000076293945,11.295000076293945
2010-03-12,11.170000076293945,11.170000076293945
2010-03-15,11.255000114440918,11.255000114440918
2010-03-16,11.662500381469727,11.662500381469727
2010-03-17,11.489999771118164,11.489999771118164
2010-03-18,11.654999732971191,11.654999732971191
2010-03-19,11.229999542236328,11.229999542236328
2010-03-22,11.102499961853027,11.102499961853027
2010-03-23,11.207500457763672,11.207500457763672
2010-03-24,10.817500114440918,10.817500114440918
2010-03-25,10.904999732971191,10.904999732971191
2010-03-26,11.265000343322754,11.265000343322754
2010-03-29,11.297499656677246,11.297499656677246
2010-03-30,11.137499809265137,11.137499809265137
2010-03-31,11.345000267028809,11.345000267028809
2010-04-01,11.604999542236328,11.604999542236328
2010-04-05,11.737500190734863,11.737500190734863
2010-04-06,11.77750015258789,11.77750015258789
2010-04-07,12.085000038146973,12.085000038146973
2010-04-08,12.114999771118164,12.114999771118164
2010-04-09,12.332500457763672,12.332500457763672
2010-04-12,12.197500228881836,12.197500228881836
2010-04-13,12.114999771118164,12.114999771118164
2010-04-14,12.202500343322754,12.202500343322754
2010-04-15,12.329999923706055,12.329999923706055
2010-04-16,11.802499771118164,11.802499771118164
2010-04-19,11.782500267028809,11.782500267028809
2010-04-20,11.850000381469727,11.850000381469727
2010-04-21,12.03499984741211,12.03499984741211
2010-04-22,11.927499771118164,11.927499771118164
2010-04-23,12.207500457763672,12.207500457763672
2010-04-26,12.125,12.125
2010-04-27,12.512499809265137,12.512499809265137
2010-04-28,12.447500228881836,12.447500228881836
2010-04-29,12.432499885559082,12.432499885559082
2010-04-30,12.670000076293945,12.670000076293945
2010-05-03,12.7475004196167,12.7475004196167
2010-05-04,12.557499885559082,12.557499885559082
2010-05-05,12.607500076293945,12.607500076293945
2010-05-06,13.354999542236328,13.354999542236328
2010-05-07,13.302499771118164,13.302499771118164
2010-05-10,13.145000457763672,13.145000457763672
2010-05-11,13.824999809265137,13.824999809265137
2010-05-12,14.0,14.0
2010-05-13,13.8100004196167,13.8100004196167
2010-05-14,13.774999618530273,13.774999618530273
2010-05-17,13.520000457763672,13.520000457763672
2010-05-18,13.542499542236328,13.542499542236328
2010-05-19,12.912500381469727,12.912500381469727
2010-05-20,12.729999542236328,12.729999542236328
2010-05-21,12.585000038146973,12.585000038146973
2010-05-24,12.947500228881836,12.947500228881836
2010-05-25,13.0625,13.0625
2010-05-26,13.302499771118164,13.302499771118164
2010-05-27,13.342499732971191,13.342499732971191
2010-05-28,13.390000343322754,13.390000343322754
2010-06-01,13.607500076293945,13.607500076293945
2010-06-02,13.577500343322754,13.577500343322754
2010-06-03,13.192500114440918,13.192500114440918
2010-06-04,13.425000190734863,13.425000190734863
2010-06-07,13.952500343322754,13.952500343322754
2010-06-08,13.84000015258789,13.84000015258789
2010-06-09,13.760000228881836,13.760000228881836
2010-06-10,13.387499809265137,13.387499809265137
2010-06-11,13.607500076293945,13.607500076293945
2010-06-14,13.532500267028809,13.532500267028809
2010-06-15,13.827500343322754,13.827500343322754
2010-06-16,13.694999694824219,13.694999694824219
2010-06-17,14.042499542236328,14.042499542236328
2010-06-18,14.25,14.25
2010-06-21,13.697500228881836,13.697500228881836
2010-06-22,13.90999984741211,13.90999984741211
2010-06-23,13.822500228881836,13.822500228881836
2010-06-24,13.890000343322754,13.890000343322754
2010-06-25,14.217499732971191,14.217499732971191
2010-06-28,13.832500457763672,13.832500457763672
2010-06-29,13.864999771118164,13.864999771118164
2010-06-30,13.957500457763672,13.957500457763672
2010-07-01,12.895000457763672,12.895000457763672
2010-07-02,13.212499618530273,13.212499618530273
2010-07-06,12.795000076293945,12.795000076293945
2010-07-07,13.047499656677246,13.047499656677246
2010-07-08,12.930000305175781,12.930000305175781
2010-07-09,13.182499885559082,13.182499885559082
2010-07-12,12.967499732971191,12.967499732971191
2010-07-13,13.182499885559082,13.182499885559082
2010-07-14,13.15250015258789,13.15250015258789
2010-07-15,13.140000343322754,13.140000343322754
2010-07-16,12.787500381469727,12.787500381469727
2010-07-19,12.59749984741211,12.59749984741211
2010-07-20,12.78499984741211,12.78499984741211
2010-07-21,12.612500190734863,12.612500190734863
2010-07-22,12.827500343322754,12.827500343322754
2010-07-23,12.662500381469727,12.662500381469727
2010-07-26,12.539999961853027,12.539999961853027
2010-07-27,12.09749984741211,12.09749984741211
2010-07-28,12.149999618530273,12.149999618530273
2010-07-29,12.25,12.25
2010-07-30,12.5024995803833,12.5024995803833
2010-08-02,12.515000343322754,12.515000343322754
2010-08-03,12.612500190734863,12.612500190734863
2010-08-04,12.760000228881836,12.760000228881836
2010-08-05,12.824999809265137,12.824999809265137
2010-08-06,13.010000228881836,13.010000228881836
2010-08-09,12.927499771118164,12.927499771118164
2010-08-10,12.992500305175781,12.992500305175781
2010-08-11,12.899999618530273,12.899999618530273
2010-08-12,13.210000038146973,13.210000038146973
2010-08-13,13.21500015258789,13.21500015258789
2010-08-16,13.40999984741211,13.40999984741211
2010-08-17,13.427499771118164,13.427499771118164
2010-08-18,13.537500381469727,13.537500381469727
2010-08-19,13.555000305175781,13.555000305175781
2010-08-20,13.475000381469727,13.475000381469727
2010-08-23,13.4350004196167,13.4350004196167
2010-08-24,13.550000190734863,13.550000190734863
2010-08-25,13.77750015258789,13.77750015258789
2010-08-26,13.6899995803833,13.6899995803833
2010-08-27,13.697500228881836,13.697500228881836
2010-08-30,13.677499771118164,13.677499771118164
2010-08-31,13.930000305175781,13.930000305175781
2010-09-01,13.852499961853027,13.852499961853027
2010-09-02,13.977499961853027,13.977499961853027
2010-09-03,13.887499809265137,13.887499809265137
2010-09-07,14.069999694824219,14.069999694824219
2010-09-08,14.077500343322754,14.077500343322754
2010-09-09,13.8100004196167,13.8100004196167
2010-09-10,13.842499732971191,13.842499732971191
2010-09-13,13.8125,13.8125
2010-09-14,14.362500190734863,14.362500190734863
2010-09-15,14.319999694824219,14.319999694824219
2010-09-16,14.487500190734863,14.487500190734863
2010-09-17,14.482500076293945,14.482500076293945
2010-09-20,14.550000190734863,14.550000190734863
2010-09-21,14.819999694824219,14.819999694824219
2010-09-22,14.859999656677246,14.859999656677246
2010-09-23,14.885000228881836,14.885000228881836
2010-09-24,14.960000038146973,14.960000038146973
2010-09-27,14.982500076293945,14.982500076293945
2010-09-28,15.267499923706055,15.267499923706055
2010-09-29,15.270000457763672,15.270000457763672
2010-09-30,15.255000114440918,15.255000114440918
2010-10-01,15.494999885559082,15.494999885559082
2010-10-04,15.395000457763672,15.395000457763672
2010-10-05,15.987500190734863,15.987500190734863
2010-10-06,16.18000030517578,16.18000030517578
2010-10-07,15.824999809265137,15.824999809265137
2010-10-08,16.145000457763672,16.145000457763672
2010-10-11,16.292499542236328,16.292499542236328
2010-10-12,16.21500015258789,16.21500015258789
2010-10-13,16.727500915527344,16.727500915527344
2010-10-14,16.889999389648438,16.889999389648438
2010-10-15,16.647499084472656,16.647499084472656
2010-10-18,16.767499923706055,16.767499923706055
2010-10-19,15.737500190734863,15.737500190734863
2010-10-20,16.040000915527344,16.040000915527344
2010-10-21,15.577500343322754,15.577500343322754
2010-10-22,15.632499694824219,15.632499694824219
2010-10-25,15.90999984741211,15.90999984741211
2010-10-26,15.90999984741211,15.90999984741211
2010-10-27,15.5625,15.5625
2010-10-28,15.984999656677246,15.984999656677246
2010-10-29,16.329999923706055,16.329999923706055
2010-11-01,16.147499084472656,16.147499084472656
2010-11-02,16.295000076293945,16.295000076293945
2010-11-03,16.079999923706055,16.079999923706055
2010-11-04,17.135000228881836,17.135000228881836
2010-11-05,17.239999771118164,17.239999771118164
2010-11-08,17.587499618530273,17.587499618530273
2010-11-09,17.037500381469727,17.037500381469727
2010-11-10,17.440000534057617,17.440000534057617
2010-11-11,17.542499542236328,17.542499542236328
2010-11-12,16.532499313354492,16.532499313354492
2010-11-15,16.262500762939453,16.262500762939453
2010-11-16,15.862500190734863,15.862500190734863
2010-11-17,15.72249984741211,15.72249984741211
2010-11-18,16.145000457763672,16.145000457763672
2010-11-19,16.167499542236328,16.167499542236328
2010-11-22,16.479999542236328,16.479999542236328
2010-11-23,16.690000534057617,16.690000534057617
2010-11-24,16.637500762939453,16.637500762939453
2010-11-26,16.292499542236328,16.292499542236328
2010-11-29,16.47249984741211,16.47249984741211
2010-11-30,16.912500381469727,16.912500381469727
2010-12-01,16.9375,16.9375
2010-12-02,16.895000457763672,16.895000457763672
2010-12-03,17.602500915527344,17.602500915527344
2010-12-06,17.877500534057617,17.877500534057617
2010-12-07,17.184999465942383,17.184999465942383
2010-12-08,16.760000228881836,16.760000228881836
2010-12-09,16.905000686645508,16.905000686645508
2010-12-10,16.899999618530273,16.899999618530273
2010-12-13,17.0625,17.0625
2010-12-14,17.09000015258789,17.09000015258789
2010-12-15,16.735000610351562,16.735000610351562
2010-12-16,16.49250030517578,16.49250030517578
2010-12-17,16.59749984741211,16.59749984741211
2010-12-20,16.795000076293945,16.795000076293945
2010-12-21,16.842500686645508,16.842500686645508
2010-12-22,16.78499984741211,16.78499984741211
2010-12-23,16.674999237060547,16.674999237060547
2010-12-27,16.767499923706055,16.767499923706055
2010-12-28,17.3125,17.3125
2010-12-29,17.4375,17.4375
2010-12-30,17.252500534057617,17.252500534057617
2010-12-31,17.68000030517578,17.68000030517578
2011-01-03,17.4950008392334,17.4950008392334
2011-01-04,16.665000915527344,16.665000915527344
2011-01-05,16.5625,16.5625
2011-01-06,16.4424991607666,16.4424991607666
2011-01-07,16.387500762939453,16.387500762939453
2011-01-10,16.5,16.5
2011-01-11,16.697500228881836,16.697500228881836
2011-01-12,16.827499389648438,16.827499389648438
2011-01-13,16.467500686645508,16.467500686645508
2011-01-14,16.15999984741211,16.15999984741211
2011-01-18,16.332500457763672,16.332500457763672
2011-01-19,16.395000457763672,16.395000457763672
2011-01-20,15.762499809265137,15.762499809265137
2011-01-21,15.729999542236328,15.729999542236328
2011-01-24,15.557499885559082,15.557499885559082
2011-01-25,15.5,15.5
2011-01-26,15.742500305175781,15.742500305175781
2011-01-27,14.987500190734863,14.987500190734863
2011-01-28,15.557499885559082,15.557499885559082
2011-01-31,15.447500228881836,15.447500228881836
2011-02-01,15.657500267028809,15.657500267028809
2011-02-02,15.5649995803833,15.5649995803833
2011-02-03,15.984999656677246,15.984999656677246
2011-02-04,15.845000267028809,15.845000267028809
2011-02-07,15.867500305175781,15.867500305175781
2011-02-08,16.207500457763672,16.207500457763672
2011-02-09,16.184999465942383,16.184999465942383
2011-02-10,16.155000686645508,16.155000686645508
2011-02-11,16.0,16.0
2011-02-14,16.155000686645508,16.155000686645508
2011-02-15,16.395000457763672,16.395000457763672
2011-02-16,16.4375,16.4375
2011-02-17,16.662500381469727,16.662500381469727
2011-02-18,16.74250030517578,16.74250030517578
2011-02-22,16.987499237060547,16.987499237060547
2011-02-23,17.282499313354492,17.282499313354492
2011-02-24,16.997499465942383,16.997499465942383
2011-02-25,17.25,17.25
2011-02-28,17.31999969482422,17.31999969482422
2011-03-01,17.88249969482422,17.88249969482422
2011-03-02,17.854999542236328,17.854999542236328
2011-03-03,17.407499313354492,17.407499313354492
2011-03-04,17.717500686645508,17.717500686645508
2011-03-07,17.809999465942383,17.809999465942383
2011-03-08,17.712499618530273,17.712499618530273
2011-03-09,17.72249984741211,17.72249984741211
2011-03-10,17.297500610351562,17.297500610351562
2011-03-11,17.424999237060547,17.424999237060547
2011-03-14,17.577499389648438,17.577499389648438
2011-03-15,16.924999237060547,16.924999237060547
2011-03-16,16.927499771118164,16.927499771118164
2011-03-17,17.075000762939453,17.075000762939453
2011-03-18,17.44499969482422,17.44499969482422
2011-03-21,17.639999389648438,17.639999389648438
2011-03-22,17.61750030517578,17.61750030517578
2011-03-23,17.934999465942383,17.934999465942383
2011-03-24,17.665000915527344,17.665000915527344
2011-03-25,17.649999618530273,17.649999618530273
2011-03-28,17.467500686645508,17.467500686645508
2011-03-29,17.385000228881836,17.385000228881836
2011-03-30,17.49250030517578,17.49250030517578
2011-03-31,17.782499313354492,17.782499313354492
2011-04-01,17.614999771118164,17.614999771118164
2011-04-04,17.7549991607666,17.7549991607666
2011-04-05,18.3174991607666,18.3174991607666
2011-04-06,18.434999465942383,18.434999465942383
2011-04-07,18.44499969482422,18.44499969482422
2011-04-08,18.767499923706055,18.767499923706055
2011-04-11,18.487499237060547,18.487499237060547
2011-04-12,18.212499618530273,18.212499618530273
2011-04-13,18.299999237060547,18.299999237060547
2011-04-14,18.764999389648438,18.764999389648438
2011-04-15,19.087499618530273,19.087499618530273
2011-04-18,19.31999969482422,19.31999969482422
2011-04-19,19.332500457763672,19.332500457763672
2011-04-20,19.46500015258789,19.46500015258789
2011-04-21,19.53499984741211,19.53499984741211
2011-04-25,19.572500228881836,19.572500228881836
2011-04-26,19.434999465942383,19.434999465942383
2011-04-27,20.18000030517578,20.18000030517578
2011-04-28,20.342500686645508,20.342500686645508
2011-04-29,21.030000686645508,21.030000686645508
2011-05-02,20.510000228881836,20.510000228881836
2011-05-03,20.362499237060547,20.362499237060547
2011-05-04,19.762500762939453,19.762500762939453
2011-05-05,18.600000381469727,18.600000381469727
2011-05-06,19.1200008392334,19.1200008392334
2011-05-09,19.672500610351562,19.672500610351562
2011-05-10,19.787500381469727,19.787500381469727
2011-05-11,19.452499389648438,19.452499389648438
2011-05-12,19.427499771118164,19.427499771118164
2011-05-13,19.15999984741211,19.15999984741211
2011-05-16,19.107500076293945,19.107500076293945
2011-05-17,18.927499771118164,18.927499771118164
2011-05-18,19.165000915527344,19.165000915527344
2011-05-19,19.18000030517578,19.18000030517578
2011-05-20,19.674999237060547,19.674999237060547
2011-05-23,19.75749969482422,19.75749969482422
2011-05-24,19.959999084472656,19.959999084472656
2011-05-25,19.962499618530273,19.962499618530273
2011-05-26,19.860000610351562,19.860000610351562
2011-05-27,20.262500762939453,20.262500762939453
2011-05-31,20.229999542236328,20.229999542236328
2011-06-01,20.282499313354492,20.282499313354492
2011-06-02,20.177499771118164,20.177499771118164
2011-06-03,20.372499465942383,20.372499465942383
2011-06-06,20.427499771118164,20.427499771118164
2011-06-07,20.415000915527344,20.415000915527344
2011-06-08,20.25,20.25
2011-06-09,20.450000762939453,20.450000762939453
2011-06-10,20.09000015258789,20.09000015258789
2011-06-13,19.684999465942383,19.684999465942383
2011-06-14,19.9424991607666,19.9424991607666
2011-06-15,20.045000076293945,20.045000076293945
2011-06-16,20.0,20.0
2011-06-17,20.280000686645508,20.280000686645508
2011-06-20,20.280000686645508,20.280000686645508
2011-06-21,20.477500915527344,20.477500915527344
2011-06-22,20.56999969482422,20.56999969482422
2011-06-23,19.834999084472656,19.834999084472656
2011-06-24,19.252500534057617,19.252500534057617
2011-06-27,19.107500076293945,19.107500076293945
2011-06-28,19.252500534057617,19.252500534057617
2011-06-29,19.50749969482422,19.50749969482422
2011-06-30,19.19499969482422,19.19499969482422
2011-07-01,18.905000686645508,18.905000686645508
2011-07-05,19.579999923706055,19.579999923706055
2011-07-06,19.940000534057617,19.940000534057617
2011-07-07,20.014999389648438,20.014999389648438
2011-07-08,20.302499771118164,20.302499771118164
2011-07-11,20.65250015258789,20.65250015258789
2011-07-12,20.969999313354492,20.969999313354492
2011-07-13,21.344999313354492,21.344999313354492
2011-07-14,21.475000381469727,21.475000381469727
2011-07-15,21.639999389648438,21.639999389648438
2011-07-18,22.010000228881836,22.010000228881836
2011-07-19,21.489999771118164,21.489999771118164
2011-07-20,21.857500076293945,21.857500076293945
2011-07-21,21.532499313354492,21.532499313354492
2011-07-22,21.889999389648438,21.889999389648438
2011-07-25,22.225000381469727,22.225000381469727
2011-07-26,22.334999084472656,22.334999084472656
2011-07-27,22.165000915527344,22.165000915527344
2011-07-28,22.204999923706055,22.204999923706055
2011-07-29,22.487499237060547,22.487499237060547
2011-08-01,22.30500030517578,22.30500030517578
2011-08-02,23.397499084472656,23.397499084472656
2011-08-03,23.389999389648438,23.389999389648438
2011-08-04,23.125,23.125
2011-08-05,23.469999313354492,23.469999313354492
2011-08-08,25.012500762939453,25.012500762939453
2011-08-09,25.512500762939453,25.512500762939453
2011-08-10,27.207500457763672,27.207500457763672
2011-08-11,26.087499618530273,26.087499618530273
2011-08-12,25.844999313354492,25.844999313354492
2011-08-15,26.372499465942383,26.372499465942383
2011-08-16,27.020000457763672,27.020000457763672
2011-08-17,27.1875,27.1875
2011-08-18,28.207500457763672,28.207500457763672
2011-08-19,28.9375,28.9375
2011-08-22,30.395000457763672,30.395000457763672
2011-08-23,28.162500381469727,28.162500381469727
2011-08-24,26.1825008392334,26.1825008392334
2011-08-25,26.357500076293945,26.357500076293945
2011-08-26,27.915000915527344,27.915000915527344
2011-08-29,26.84000015258789,26.84000015258789
2011-08-30,28.40999984741211,28.40999984741211
2011-08-31,27.9950008392334,27.9950008392334
2011-09-01,28.014999389648438,28.014999389648438
2011-09-02,29.729999542236328,29.729999542236328
2011-09-06,29.635000228881836,29.635000228881836
2011-09-07,27.709999084472656,27.709999084472656
2011-09-08,29.190000534057617,29.190000534057617
2011-09-09,28.837499618530273,28.837499618530273
2011-09-12,27.577499389648438,27.577499389648438
2011-09-13,28.139999389648438,28.139999389648438
2011-09-14,27.71500015258789,27.71500015258789
2011-09-15,26.829999923706055,26.829999923706055
2011-09-16,27.322500228881836,27.322500228881836
2011-09-19,26.462499618530273,26.462499618530273
2011-09-20,27.229999542236328,27.229999542236328
2011-09-21,26.602500915527344,26.602500915527344
2011-09-22,25.200000762939453,25.200000762939453
2011-09-23,22.450000762939453,22.450000762939453
2011-09-26,21.725000381469727,21.725000381469727
2011-09-27,22.59000015258789,22.59000015258789
2011-09-28,21.322500228881836,21.322500228881836
2011-09-29,21.739999771118164,21.739999771118164
2011-09-30,21.837499618530273,21.837499618530273
2011-10-03,22.6299991607666,22.6299991607666
2011-10-04,21.717500686645508,21.717500686645508
2011-10-05,22.21500015258789,22.21500015258789
2011-10-06,22.52750015258789,22.52750015258789
2011-10-07,22.15999984741211,22.15999984741211
2011-10-10,23.2549991607666,23.2549991607666
2011-10-11,22.94499969482422,22.94499969482422
2011-10-12,23.247499465942383,23.247499465942383
2011-10-13,22.96500015258789,22.96500015258789
2011-10-14,23.287500381469727,23.287500381469727
2011-10-17,23.059999465942383,23.059999465942383
2011-10-18,22.822500228881836,22.822500228881836
2011-10-19,22.24250030517578,22.24250030517578
2011-10-20,21.635000228881836,21.635000228881836
2011-10-21,22.135000228881836,22.135000228881836
2011-10-24,22.53499984741211,22.53499984741211
2011-10-25,23.84000015258789,23.84000015258789
2011-10-26,24.364999771118164,24.364999771118164
2011-10-27,24.975000381469727,24.975000381469727
2011-10-28,25.0,25.0
2011-10-31,24.30500030517578,24.30500030517578
2011-11-01,24.325000762939453,24.325000762939453
2011-11-02,24.780000686645508,24.780000686645508
2011-11-03,25.577499389648438,25.577499389648438
2011-11-04,25.329999923706055,25.329999923706055
2011-11-07,26.53499984741211,26.53499984741211
2011-11-08,26.110000610351562,26.110000610351562
2011-11-09,25.670000076293945,25.670000076293945
2011-11-10,25.38249969482422,25.38249969482422
2011-11-11,26.225000381469727,26.225000381469727
2011-11-14,25.96500015258789,25.96500015258789
2011-11-15,26.040000915527344,26.040000915527344
2011-11-16,25.457500457763672,25.457500457763672
2011-11-17,24.155000686645508,24.155000686645508
2011-11-18,24.327499389648438,24.327499389648438
2011-11-21,23.157499313354492,23.157499313354492
2011-11-22,23.63249969482422,23.63249969482422
2011-11-23,23.497499465942383,23.497499465942383
2011-11-25,23.100000381469727,23.100000381469727
2011-11-28,23.96500015258789,23.96500015258789
2011-11-29,24.05500030517578,24.05500030517578
2011-11-30,24.982500076293945,24.982500076293945
2011-12-01,24.84000015258789,24.84000015258789
2011-12-02,24.90999984741211,24.90999984741211
2011-12-05,24.177499771118164,24.177499771118164
2011-12-06,24.385000228881836,24.385000228881836
2011-12-07,24.7450008392334,24.7450008392334
2011-12-08,23.752500534057617,23.752500534057617
2011-12-09,23.872499465942383,23.872499465942383
2011-12-12,22.602500915527344,22.602500915527344
2011-12-13,21.600000381469727,21.600000381469727
2011-12-14,20.05500030517578,20.05500030517578
2011-12-15,19.924999237060547,19.924999237060547
2011-12-16,20.69499969482422,20.69499969482422
2011-12-19,20.579999923706055,20.579999923706055
2011-12-20,21.162500381469727,21.162500381469727
2011-12-21,21.207500457763672,21.207500457763672
2011-12-22,20.8700008392334,20.8700008392334
2011-12-23,20.962499618530273,20.962499618530273
2011-12-27,20.577499389648438,20.577499389648438
2011-12-28,19.5575008392334,19.5575008392334
2011-12-29,19.327499389648438,19.327499389648438
2011-12-30,19.752500534057617,19.752500534057617
2012-01-03,20.752500534057617,20.752500534057617
2012-01-04,20.967500686645508,20.967500686645508
2012-01-05,21.232500076293945,21.232500076293945
2012-01-06,21.082500457763672,21.082500457763672
2012-01-09,20.889999389648438,20.889999389648438
2012-01-10,21.462499618530273,21.462499618530273
2012-01-11,21.739999771118164,21.739999771118164
2012-01-12,21.922500610351562,21.922500610351562
2012-01-13,21.610000610351562,21.610000610351562
2012-01-17,21.9375,21.9375
2012-01-18,22.247499465942383,22.247499465942383
2012-01-19,22.149999618530273,22.149999618530273
2012-01-20,22.350000381469727,22.350000381469727
2012-01-23,22.665000915527344,22.665000915527344
2012-01-24,22.342500686645508,22.342500686645508
2012-01-25,23.559999465942383,23.559999465942383
2012-01-26,23.767499923706055,23.767499923706055
2012-01-27,24.262500762939453,24.262500762939453
2012-01-30,24.0,24.0
2012-01-31,24.334999084472656,24.334999084472656
2012-02-01,24.424999237060547,24.424999237060547
2012-02-02,24.842500686645508,24.842500686645508
2012-02-03,23.875,23.875
2012-02-06,23.739999771118164,23.739999771118164
2012-02-07,24.4424991607666,24.4424991607666
2012-02-08,24.107500076293945,24.107500076293945
2012-02-09,23.969999313354492,23.969999313354492
2012-02-10,23.6924991607666,23.6924991607666
2012-02-13,23.815000534057617,23.815000534057617
2012-02-14,23.684999465942383,23.684999465942383
2012-02-15,23.952499389648438,23.952499389648438
2012-02-16,23.934999465942383,23.934999465942383
2012-02-17,23.732500076293945,23.732500076293945
2012-02-21,24.774999618530273,24.774999618530273
2012-02-22,25.329999923706055,25.329999923706055
2012-02-23,25.332500457763672,25.332500457763672
2012-02-24,25.107500076293945,25.107500076293945
2012-02-27,24.969999313354492,24.969999313354492
2012-02-28,25.46500015258789,25.46500015258789
2012-02-29,22.762500762939453,22.762500762939453
2012-03-01,23.489999771118164,23.489999771118164
2012-03-02,23.375,23.375
2012-03-05,23.184999465942383,23.184999465942383
2012-03-06,22.360000610351562,22.360000610351562
2012-03-07,22.612499237060547,22.612499237060547
2012-03-08,23.045000076293945,23.045000076293945
2012-03-09,23.36750030517578,23.36750030517578
2012-03-12,23.0,23.0
2012-03-13,22.207500457763672,22.207500457763672
2012-03-14,21.479999542236328,21.479999542236328
2012-03-15,21.885000228881836,21.885000228881836
2012-03-16,21.9375,21.9375
2012-03-19,21.989999771118164,21.989999771118164
2012-03-20,21.600000381469727,21.600000381469727
2012-03-21,21.614999771118164,21.614999771118164
2012-03-22,21.434999465942383,21.434999465942383
2012-03-23,21.96500015258789,21.96500015258789
2012-03-26,22.760000228881836,22.760000228881836
2012-03-27,22.417499542236328,22.417499542236328
2012-03-28,21.940000534057617,21.940000534057617
2012-03-29,21.889999389648438,21.889999389648438
2012-03-30,22.100000381469727,22.100000381469727
2012-04-02,22.325000762939453,22.325000762939453
2012-04-03,21.489999771118164,21.489999771118164
2012-04-04,20.747499465942383,20.747499465942383
2012-04-05,21.047500610351562,21.047500610351562
2012-04-09,21.322500228881836,21.322500228881836
2012-04-10,21.80500030517578,21.80500030517578
2012-04-11,21.772499084472656,21.772499084472656
2012-04-12,22.217500686645508,22.217500686645508
2012-04-13,21.707500457763672,21.707500457763672
2012-04-16,21.604999542236328,21.604999542236328
2012-04-17,21.549999237060547,21.549999237060547
2012-04-18,21.27750015258789,21.27750015258789
2012-04-19,21.3174991607666,21.3174991607666
2012-04-20,21.325000762939453,21.325000762939453
2012-04-23,21.225000381469727,21.225000381469727
2012-04-24,21.272499084472656,21.272499084472656
2012-04-25,21.344999313354492,21.344999313354492
2012-04-26,21.71500015258789,21.71500015258789
2012-04-27,21.84000015258789,21.84000015258789
2012-04-30,21.917499542236328,21.917499542236328
2012-05-01,21.80500030517578,21.80500030517578
2012-05-02,21.577499389648438,21.577499389648438
2012-05-03,21.155000686645508,21.155000686645508
2012-05-04,21.282499313354492,21.282499313354492
2012-05-07,21.197500228881836,21.197500228881836
2012-05-08,20.362499237060547,20.362499237060547
2012-05-09,19.9424991607666,19.9424991607666
2012-05-10,20.040000915527344,20.040000915527344
2012-05-11,19.71500015258789,19.71500015258789
2012-05-14,19.122499465942383,19.122499465942383
2012-05-15,18.725000381469727,18.725000381469727
2012-05-16,18.639999389648438,18.639999389648438
2012-05-17,19.520000457763672,19.520000457763672
2012-05-18,19.952499389648438,19.952499389648438
2012-05-21,19.987499237060547,19.987499237060547
2012-05-22,19.3075008392334,19.3075008392334
2012-05-23,19.170000076293945,19.170000076293945
2012-05-24,19.122499465942383,19.122499465942383
2012-05-25,19.4424991607666,19.4424991607666
2012-05-29,19.024999618530273,19.024999618530273
2012-05-30,19.217500686645508,19.217500686645508
2012-05-31,19.155000686645508,19.155000686645508
2012-06-01,20.655000686645508,20.655000686645508
2012-06-04,20.602500915527344,20.602500915527344
2012-06-05,20.552499771118164,20.552499771118164
2012-06-06,20.540000915527344,20.540000915527344
2012-06-07,19.834999084472656,19.834999084472656
2012-06-08,19.897499084472656,19.897499084472656
2012-06-11,20.040000915527344,20.040000915527344
2012-06-12,20.3125,20.3125
2012-06-13,20.4950008392334,20.4950008392334
2012-06-14,20.65999984741211,20.65999984741211
2012-06-15,20.670000076293945,20.670000076293945
2012-06-18,20.690000534057617,20.690000534057617
2012-06-19,20.5049991607666,20.5049991607666
2012-06-20,20.177499771118164,20.177499771118164
2012-06-21,19.184999465942383,19.184999465942383
2012-06-22,19.337499618530273,19.337499618530273
2012-06-25,19.592500686645508,19.592500686645508
2012-06-26,19.309999465942383,19.309999465942383
2012-06-27,19.372499465942383,19.372499465942383
2012-06-28,18.90250015258789,18.90250015258789
2012-06-29,19.934999465942383,19.934999465942383
2012-07-02,19.934999465942383,19.934999465942383
2012-07-03,20.532499313354492,20.532499313354492
2012-07-05,20.0575008392334,20.0575008392334
2012-07-06,19.5625,19.5625
2012-07-09,19.635000228881836,19.635000228881836
2012-07-10,19.165000915527344,19.165000915527344
2012-07-11,19.344999313354492,19.344999313354492
2012-07-12,19.239999771118164,19.239999771118164
2012-07-13,19.625,19.625
2012-07-16,19.65250015258789,19.65250015258789
2012-07-17,19.452499389648438,19.452499389648438
2012-07-18,19.342500686645508,19.342500686645508
2012-07-19,19.440000534057617,19.440000534057617
2012-07-20,19.517499923706055,19.517499923706055
2012-07-23,19.34749984741211,19.34749984741211
2012-07-24,19.447500228881836,19.447500228881836
2012-07-25,20.010000228881836,20.010000228881836
2012-07-26,20.28499984741211,20.28499984741211
2012-07-27,20.487499237060547,20.487499237060547
2012-07-30,20.44499969482422,20.44499969482422
2012-07-31,20.209999084472656,20.209999084472656
2012-08-01,19.850000381469727,19.850000381469727
2012-08-02,19.594999313354492,19.594999313354492
2012-08-03,19.950000762939453,19.950000762939453
2012-08-06,20.149999618530273,20.149999618530273
2012-08-07,20.145000457763672,20.145000457763672
2012-08-08,20.184999465942383,20.184999465942383
2012-08-09,20.295000076293945,20.295000076293945
2012-08-10,20.3700008392334,20.3700008392334
2012-08-13,20.0575008392334,20.0575008392334
2012-08-14,19.827499389648438,19.827499389648438
2012-08-15,19.9424991607666,19.9424991607666
2012-08-16,20.190000534057617,20.190000534057617
2012-08-17,20.24250030517578,20.24250030517578
2012-08-20,20.3700008392334,20.3700008392334
2012-08-21,20.77750015258789,20.77750015258789
2012-08-22,21.217500686645508,21.217500686645508
2012-08-23,21.584999084472656,21.584999084472656
2012-08-24,21.594999313354492,21.594999313354492
2012-08-27,21.4375,21.4375
2012-08-28,21.522499084472656,21.522499084472656
2012-08-29,21.227500915527344,21.227500915527344
2012-08-30,21.219999313354492,21.219999313354492
2012-08-31,22.147499084472656,22.147499084472656
2012-09-04,22.2450008392334,22.2450008392334
2012-09-05,22.197500228881836,22.197500228881836
2012-09-06,22.34749984741211,22.34749984741211
2012-09-07,23.3075008392334,23.3075008392334
2012-09-10,23.012500762939453,23.012500762939453
2012-09-11,23.167499542236328,23.167499542236328
2012-09-12,23.174999237060547,23.174999237060547
2012-09-13,24.100000381469727,24.100000381469727
2012-09-14,24.24250030517578,24.24250030517578
2012-09-17,23.834999084472656,23.834999084472656
2012-09-18,24.209999084472656,24.209999084472656
2012-09-19,24.204999923706055,24.204999923706055
2012-09-20,24.1200008392334,24.1200008392334
2012-09-21,24.260000228881836,24.260000228881836
2012-09-24,24.0049991607666,24.0049991607666
2012-09-25,23.905000686645508,23.905000686645508
2012-09-26,23.639999389648438,23.639999389648438
2012-09-27,24.34000015258789,24.34000015258789
2012-09-28,24.229999542236328,24.229999542236328
2012-10-01,24.325000762939453,24.325000762939453
2012-10-02,24.264999389648438,24.264999389648438
2012-10-03,24.350000381469727,24.350000381469727
2012-10-04,24.707500457763672,24.707500457763672
2012-10-05,24.40999984741211,24.40999984741211
2012-10-08,24.217500686645508,24.217500686645508
2012-10-09,23.934999465942383,23.934999465942383
2012-10-10,23.90250015258789,23.90250015258789
2012-10-11,24.017499923706055,24.017499923706055
2012-10-12,23.662500381469727,23.662500381469727
2012-10-15,23.170000076293945,23.170000076293945
2012-10-16,23.475000381469727,23.475000381469727
2012-10-17,23.5,23.5
2012-10-18,23.302499771118164,23.302499771118164
2012-10-19,22.782499313354492,22.782499313354492
2012-10-22,22.957500457763672,22.957500457763672
2012-10-23,22.3700008392334,22.3700008392334
2012-10-24,22.21500015258789,22.21500015258789
2012-10-25,22.530000686645508,22.530000686645508
2012-10-26,22.497499465942383,22.497499465942383
2012-10-31,22.747499465942383,22.747499465942383
2012-11-01,22.53499984741211,22.53499984741211
2012-11-02,21.584999084472656,21.584999084472656
2012-11-05,21.7549991607666,21.7549991607666
2012-11-06,22.572500228881836,22.572500228881836
2012-11-07,22.63249969482422,22.63249969482422
2012-11-08,23.037500381469727,23.037500381469727
2012-11-09,22.982500076293945,22.982500076293945
2012-11-12,22.895000457763672,22.895000457763672
2012-11-13,22.799999237060547,22.799999237060547
2012-11-14,22.795000076293945,22.795000076293945
2012-11-15,22.5049991607666,22.5049991607666
2012-11-16,22.44499969482422,22.44499969482422
2012-11-19,22.982500076293945,22.982500076293945
2012-11-20,22.862499237060547,22.862499237060547
2012-11-21,22.907499313354492,22.907499313354492
2012-11-23,23.462499618530273,23.462499618530273
2012-11-26,23.40250015258789,23.40250015258789
2012-11-27,23.207500457763672,23.207500457763672
2012-11-28,22.600000381469727,22.600000381469727
2012-11-29,22.762500762939453,22.762500762939453
2012-11-30,22.457500457763672,22.457500457763672
2012-12-03,22.479999542236328,22.479999542236328
2012-12-04,22.002500534057617,22.002500534057617
2012-12-05,21.915000915527344,21.915000915527344
2012-12-06,22.024999618530273,22.024999618530273
2012-12-07,22.190000534057617,22.190000534057617
2012-12-10,22.38249969482422,22.38249969482422
2012-12-11,22.332500457763672,22.332500457763672
2012-12-12,22.3700008392334,22.3700008392334
2012-12-13,21.979999542236328,21.979999542236328
2012-12-14,21.920000076293945,21.920000076293945
2012-12-17,22.0,22.0
2012-12-18,21.354999542236328,21.354999542236328
2012-12-19,21.2450008392334,21.2450008392334
2012-12-20,20.735000610351562,20.735000610351562
2012-12-21,20.8799991607666,20.8799991607666
2012-12-24,20.982500076293945,20.982500076293945
2012-12-26,21.017499923706055,21.017499923706055
2012-12-27,21.112499237060547,21.112499237060547
2012-12-28,20.9375,20.9375
2012-12-31,21.334999084472656,21.334999084472656
2013-01-02,21.6299991607666,21.6299991607666
2013-01-03,21.110000610351562,21.110000610351562
2013-01-04,20.872499465942383,20.872499465942383
2013-01-07,20.627500534057617,20.627500534057617
2013-01-08,20.920000076293945,20.920000076293945
2013-01-09,20.905000686645508,20.905000686645508
2013-01-10,21.299999237060547,21.299999237060547
2013-01-11,21.047500610351562,21.047500610351562
2013-01-14,21.170000076293945,21.170000076293945
2013-01-15,21.4424991607666,21.4424991607666
2013-01-16,21.447500228881836,21.447500228881836
2013-01-17,21.6299991607666,21.6299991607666
2013-01-18,21.5575008392334,21.5575008392334
2013-01-22,21.725000381469727,21.725000381469727
2013-01-23,21.594999313354492,21.594999313354492
2013-01-24,21.125,21.125
2013-01-25,20.912500381469727,20.912500381469727
2013-01-28,20.80500030517578,20.80500030517578
2013-01-29,20.99250030517578,20.99250030517578
2013-01-30,21.309999465942383,21.309999465942383
2013-01-31,21.03499984741211,21.03499984741211
2013-02-01,21.11750030517578,21.11750030517578
2013-02-04,21.25,21.25
2013-02-05,21.235000610351562,21.235000610351562
2013-02-06,21.352500915527344,21.352500915527344
2013-02-07,21.202499389648438,21.202499389648438
2013-02-08,21.1200008392334,21.1200008392334
2013-02-11,20.637500762939453,20.637500762939453
2013-02-12,20.68000030517578,20.68000030517578
2013-02-13,20.462499618530273,20.462499618530273
2013-02-14,20.27750015258789,20.27750015258789
2013-02-15,19.625,19.625
2013-02-19,19.512500762939453,19.512500762939453
2013-02-20,18.537500381469727,18.537500381469727
2013-02-21,18.832500457763672,18.832500457763672
2013-02-22,18.924999237060547,18.924999237060547
2013-02-25,19.252500534057617,19.252500534057617
2013-02-26,19.72249984741211,19.72249984741211
2013-02-27,19.3174991607666,19.3174991607666
2013-02-28,18.90999984741211,18.90999984741211
2013-03-01,18.78499984741211,18.78499984741211
2013-03-04,18.739999771118164,18.739999771118164
2013-03-05,18.770000457763672,18.770000457763672
2013-03-06,18.967500686645508,18.967500686645508
2013-03-07,18.827499389648438,18.827499389648438
2013-03-08,18.842500686645508,18.842500686645508
2013-03-11,18.90999984741211,18.90999984741211
2013-03-12,19.1924991607666,19.1924991607666
2013-03-13,19.06999969482422,19.06999969482422
2013-03-14,19.075000762939453,19.075000762939453
2013-03-15,19.147499084472656,19.147499084472656
2013-03-18,19.482500076293945,19.482500076293945
2013-03-19,19.665000915527344,19.665000915527344
2013-03-20,19.477500915527344,19.477500915527344
2013-03-21,19.702499389648438,19.702499389648438
2013-03-22,19.532499313354492,19.532499313354492
2013-03-25,19.450000762939453,19.450000762939453
2013-03-26,19.322500228881836,19.322500228881836
2013-03-27,19.467500686645508,19.467500686645508
2013-03-28,19.252500534057617,19.252500534057617
2013-04-01,19.302499771118164,19.302499771118164
2013-04-02,18.7450008392334,18.7450008392334
2013-04-03,18.322500228881836,18.322500228881836
2013-04-04,18.202499389648438,18.202499389648438
2013-04-05,18.81999969482422,18.81999969482422
2013-04-08,18.667499542236328,18.667499542236328
2013-04-09,18.950000762939453,18.950000762939453
2013-04-10,18.325000762939453,18.325000762939453
2013-04-11,18.387500762939453,18.387500762939453
2013-04-12,16.665000915527344,16.665000915527344
2013-04-15,13.729999542236328,13.729999542236328
2013-04-16,14.067500114440918,14.067500114440918
2013-04-17,14.0649995803833,14.0649995803833
2013-04-18,14.395000457763672,14.395000457763672
2013-04-19,14.637499809265137,14.637499809265137
2013-04-22,15.140000343322754,15.140000343322754
2013-04-23,14.912500381469727,14.912500381469727
2013-04-24,15.237500190734863,15.237500190734863
2013-04-25,15.97249984741211,15.97249984741211
2013-04-26,15.797499656677246,15.797499656677246
2013-04-29,16.102500915527344,16.102500915527344
2013-04-30,16.209999084472656,16.209999084472656
2013-05-01,15.845000267028809,15.845000267028809
2013-05-02,16.014999389648438,16.014999389648438
2013-05-03,16.0575008392334,16.0575008392334
2013-05-06,16.065000534057617,16.065000534057617
2013-05-07,15.680000305175781,15.680000305175781
2013-05-08,16.1299991607666,16.1299991607666
2013-05-09,15.770000457763672,15.770000457763672
2013-05-10,15.477499961853027,15.477499961853027
2013-05-13,15.220000267028809,15.220000267028809
2013-05-14,15.082500457763672,15.082500457763672
2013-05-15,14.387499809265137,14.387499809265137
2013-05-16,14.262499809265137,14.262499809265137
2013-05-17,13.625,13.625
2013-05-20,14.460000038146973,14.460000038146973
2013-05-21,14.0024995803833,14.0024995803833
2013-05-22,13.77750015258789,13.77750015258789
2013-05-23,14.342499732971191,14.342499732971191
2013-05-24,14.164999961853027,14.164999961853027
2013-05-28,14.107500076293945,14.107500076293945
2013-05-29,14.390000343322754,14.390000343322754
2013-05-30,14.792499542236328,14.792499542236328
2013-05-31,14.175000190734863,14.175000190734863
2013-06-03,14.737500190734863,14.737500190734863
2013-06-04,14.470000267028809,14.470000267028809
2013-06-05,14.522500038146973,14.522500038146973
2013-06-06,14.732500076293945,14.732500076293945
2013-06-07,14.042499542236328,14.042499542236328
2013-06-10,14.197500228881836,14.197500228881836
2013-06-11,14.045000076293945,14.045000076293945
2013-06-12,14.2524995803833,14.2524995803833
2013-06-13,14.142499923706055,14.142499923706055
2013-06-14,14.270000457763672,14.270000457763672
2013-06-17,14.154999732971191,14.154999732971191
2013-06-18,13.795000076293945,13.795000076293945
2013-06-19,13.482500076293945,13.482500076293945
2013-06-20,12.045000076293945,12.045000076293945
2013-06-21,12.3125,12.3125
2013-06-24,12.100000381469727,12.100000381469727
2013-06-25,12.0024995803833,12.0024995803833
2013-06-26,11.005000114440918,11.005000114440918
2013-06-27,10.555000305175781,10.555000305175781
2013-06-28,11.157500267028809,11.157500267028809
2013-07-01,11.492500305175781,11.492500305175781
2013-07-02,11.297499656677246,11.297499656677246
2013-07-03,11.40999984741211,11.40999984741211
2013-07-05,10.907500267028809,10.907500267028809
2013-07-08,11.167499542236328,11.167499542236328
2013-07-09,11.3774995803833,11.3774995803833
2013-07-10,11.430000305175781,11.430000305175781
2013-07-11,12.0625,12.0625
2013-07-12,12.02750015258789,12.02750015258789
2013-07-15,12.047499656677246,12.047499656677246
2013-07-16,12.194999694824219,12.194999694824219
2013-07-17,11.882499694824219,11.882499694824219
2013-07-18,12.012499809265137,12.012499809265137
2013-07-19,12.217499732971191,12.217499732971191
2013-07-22,12.962499618530273,12.962499618530273
2013-07-23,13.145000457763672,13.145000457763672
2013-07-24,12.6899995803833,12.6899995803833
2013-07-25,12.917499542236328,12.917499542236328
2013-07-26,12.957500457763672,12.957500457763672
2013-07-29,12.885000228881836,12.885000228881836
2013-07-30,12.832500457763672,12.832500457763672
2013-07-31,12.675000190734863,12.675000190734863
2013-08-01,12.505000114440918,12.505000114440918
2013-08-02,12.470000267028809,12.470000267028809
2013-08-05,12.329999923706055,12.329999923706055
2013-08-06,11.949999809265137,11.949999809265137
2013-08-07,12.017499923706055,12.017499923706055
2013-08-08,12.555000305175781,12.555000305175781
2013-08-09,12.507499694824219,12.507499694824219
2013-08-12,13.0024995803833,13.0024995803833
2013-08-13,12.72249984741211,12.72249984741211
2013-08-14,13.0,13.0
2013-08-15,13.632499694824219,13.632499694824219
2013-08-16,13.707500457763672,13.707500457763672
2013-08-19,13.555000305175781,13.555000305175781
2013-08-20,13.647500038146973,13.647500038146973
2013-08-21,13.642499923706055,13.642499923706055
2013-08-22,13.717499732971191,13.717499732971191
2013-08-23,14.147500038146973,14.147500038146973
2013-08-26,14.265000343322754,14.265000343322754
2013-08-27,14.550000190734863,14.550000190734863
2013-08-28,14.529999732971191,14.529999732971191
2013-08-29,14.357500076293945,14.357500076293945
2013-08-30,14.092499732971191,14.092499732971191
2013-09-03,14.452500343322754,14.452500343322754
2013-09-04,14.100000381469727,14.100000381469727
2013-09-05,13.5,13.5
2013-09-06,13.987500190734863,13.987500190734863
2013-09-09,13.944999694824219,13.944999694824219
2013-09-10,13.482500076293945,13.482500076293945
2013-09-11,13.47249984741211,13.47249984741211
2013-09-12,12.654999732971191,12.654999732971191
2013-09-13,12.6875,12.6875
2013-09-16,12.412500381469727,12.412500381469727
2013-09-17,12.422499656677246,12.422499656677246
2013-09-18,13.484999656677246,13.484999656677246
2013-09-19,13.4399995803833,13.4399995803833
2013-09-20,12.670000076293945,12.670000076293945
2013-09-23,12.59000015258789,12.59000015258789
2013-09-24,12.619999885559082,12.619999885559082
2013-09-25,12.827500343322754,12.827500343322754
2013-09-26,12.637499809265137,12.637499809265137
2013-09-27,12.8725004196167,12.8725004196167
2013-09-30,12.71500015258789,12.71500015258789
2013-10-01,12.0,12.0
2013-10-02,12.47249984741211,12.47249984741211
2013-10-03,12.510000228881836,12.510000228881836
2013-10-04,12.369999885559082,12.369999885559082
2013-10-07,12.587499618530273,12.587499618530273
2013-10-08,12.537500381469727,12.537500381469727
2013-10-09,12.27750015258789,12.27750015258789
2013-10-10,11.927499771118164,11.927499771118164
2013-10-11,11.609999656677246,11.609999656677246
2013-10-14,11.635000228881836,11.635000228881836
2013-10-15,11.782500267028809,11.782500267028809
2013-10-16,11.765000343322754,11.765000343322754
2013-10-17,12.489999771118164,12.489999771118164
2013-10-18,12.40250015258789,12.40250015258789
2013-10-21,12.412500381469727,12.412500381469727
2013-10-22,12.885000228881836,12.885000228881836
2013-10-23,12.755000114440918,12.755000114440918
2013-10-24,12.982500076293945,12.982500076293945
2013-10-25,13.104999542236328,13.104999542236328
2013-10-28,13.1274995803833,13.1274995803833
2013-10-29,12.967499732971191,12.967499732971191
2013-10-30,12.912500381469727,12.912500381469727
2013-10-31,12.539999961853027,12.539999961853027
2013-11-01,12.352499961853027,12.352499961853027
2013-11-04,12.352499961853027,12.352499961853027
2013-11-05,12.265000343322754,12.265000343322754
2013-11-06,12.4375,12.4375
2013-11-07,12.227499961853027,12.227499961853027
2013-11-08,11.842499732971191,11.842499732971191
2013-11-11,11.800000190734863,11.800000190734863
2013-11-12,11.517499923706055,11.517499923706055
2013-11-13,11.595000267028809,11.595000267028809
2013-11-14,11.864999771118164,11.864999771118164
2013-11-15,11.859999656677246,11.859999656677246
2013-11-18,11.59749984741211,11.59749984741211
2013-11-19,11.609999656677246,11.609999656677246
2013-11-20,11.0600004196167,11.0600004196167
2013-11-21,11.052499771118164,11.052499771118164
2013-11-22,11.02750015258789,11.02750015258789
2013-11-25,11.147500038146973,11.147500038146973
2013-11-26,11.024999618530273,11.024999618530273
2013-11-27,10.952500343322754,10.952500343322754
2013-11-29,11.170000076293945,11.170000076293945
2013-12-02,10.612500190734863,10.612500190734863
2013-12-03,10.664999961853027,10.664999961853027
2013-12-04,11.047499656677246,11.047499656677246
2013-12-05,10.727499961853027,10.727499961853027
2013-12-06,10.779999732971191,10.779999732971191
2013-12-09,10.994999885559082,10.994999885559082
2013-12-10,11.332500457763672,11.332500457763672
2013-12-11,11.164999961853027,11.164999961853027
2013-12-12,10.710000038146973,10.710000038146973
2013-12-13,10.914999961853027,10.914999961853027
2013-12-16,10.957500457763672,10.957500457763672
2013-12-17,10.774999618530273,10.774999618530273
2013-12-18,10.59000015258789,10.59000015258789
2013-12-19,10.085000038146973,10.085000038146973
2013-12-20,10.282500267028809,10.282500267028809
2013-12-23,10.210000038146973,10.210000038146973
2013-12-24,10.305000305175781,10.305000305175781
2013-12-26,10.407500267028809,10.407500267028809
2013-12-27,10.479999542236328,10.479999542236328
2013-12-30,10.170000076293945,10.170000076293945
2013-12-31,10.3149995803833,10.3149995803833
2014-01-02,10.645000457763672,10.645000457763672
2014-01-03,10.8725004196167,10.8725004196167
2014-01-06,10.867500305175781,10.867500305175781
2014-01-07,10.779999732971191,10.779999732971191
2014-01-08,10.645000457763672,10.645000457763672
2014-01-09,10.670000076293945,10.670000076293945
2014-01-10,11.029999732971191,11.029999732971191
2014-01-13,11.167499542236328,11.167499542236328
2014-01-14,10.954999923706055,10.954999923706055
2014-01-15,10.932499885559082,10.932499885559082
2014-01-16,10.954999923706055,10.954999923706055
2014-01-17,11.157500267028809,11.157500267028809
2014-01-21,10.917499542236328,10.917499542236328
2014-01-22,10.84000015258789,10.84000015258789
2014-01-23,11.297499656677246,11.297499656677246
2014-01-24,11.399999618530273,11.399999618530273
2014-01-27,11.170000076293945,11.170000076293945
2014-01-28,11.142499923706055,11.142499923706055
2014-01-29,11.422499656677246,11.422499656677246
2014-01-30,10.914999961853027,10.914999961853027
2014-01-31,10.984999656677246,10.984999656677246
2014-02-03,11.210000038146973,11.210000038146973
2014-02-04,11.15250015258789,11.15250015258789
2014-02-05,11.199999809265137,11.199999809265137
2014-02-06,11.197500228881836,11.197500228881836
2014-02-07,11.3725004196167,11.3725004196167
2014-02-10,11.505000114440918,11.505000114440918
2014-02-11,11.78499984741211,11.78499984741211
2014-02-12,11.807499885559082,11.807499885559082
2014-02-13,12.005000114440918,12.005000114440918
2014-02-14,12.297499656677246,12.297499656677246
2014-02-18,12.357500076293945,12.357500076293945
2014-02-19,12.142499923706055,12.142499923706055
2014-02-20,12.40250015258789,12.40250015258789
2014-02-21,12.392499923706055,12.392499923706055
2014-02-24,12.642499923706055,12.642499923706055
2014-02-25,12.71500015258789,12.71500015258789
2014-02-26,12.47249984741211,12.47249984741211
2014-02-27,12.512499809265137,12.512499809265137
2014-02-28,12.375,12.375
2014-03-03,12.90999984741211,12.90999984741211
2014-03-04,12.585000038146973,12.585000038146973
2014-03-05,12.6274995803833,12.6274995803833
2014-03-06,12.880000114440918,12.880000114440918
2014-03-07,12.672499656677246,12.672499656677246
2014-03-10,12.6850004196167,12.6850004196167
2014-03-11,12.8100004196167,12.8100004196167
2014-03-12,13.199999809265137,13.199999809265137
2014-03-13,13.27750015258789,13.27750015258789
2014-03-14,13.449999809265137,13.449999809265137
2014-03-17,13.172499656677246,13.172499656677246
2014-03-18,12.960000038146973,12.960000038146973
2014-03-19,12.457500457763672,12.457500457763672
2014-03-20,12.407500267028809,12.407500267028809
2014-03-21,12.539999961853027,12.539999961853027
2014-03-24,12.079999923706055,12.079999923706055
2014-03-25,12.1225004196167,12.1225004196167
2014-03-26,11.932499885559082,11.932499885559082
2014-03-27,11.77750015258789,11.77750015258789
2014-03-28,11.765000343322754,11.765000343322754
2014-03-31,11.585000038146973,11.585000038146973
2014-04-01,11.552499771118164,11.552499771118164
2014-04-02,11.72249984741211,11.72249984741211
2014-04-03,11.645000457763672,11.645000457763672
2014-04-04,11.952500343322754,11.952500343322754
2014-04-07,11.837499618530273,11.837499618530273
2014-04-08,12.047499656677246,12.047499656677246
2014-04-09,12.09000015258789,12.09000015258789
2014-04-10,12.22249984741211,12.22249984741211
2014-04-11,12.217499732971191,12.217499732971191
2014-04-14,12.385000228881836,12.385000228881836
2014-04-15,11.9350004196167,11.9350004196167
2014-04-16,11.9350004196167,11.9350004196167
2014-04-17,11.787500381469727,11.787500381469727
2014-04-21,11.692500114440918,11.692500114440918
2014-04-22,11.602499961853027,11.602499961853027
2014-04-23,11.595000267028809,11.595000267028809
2014-04-24,11.742500305175781,11.742500305175781
2014-04-25,11.922499656677246,11.922499656677246
2014-04-28,11.8100004196167,11.8100004196167
2014-04-29,11.797499656677246,11.797499656677246
2014-04-30,11.707500457763672,11.707500457763672
2014-05-01,11.600000381469727,11.600000381469727
2014-05-02,11.829999923706055,11.829999923706055
2014-05-05,12.052499771118164,12.052499771118164
2014-05-06,12.005000114440918,12.005000114440918
2014-05-07,11.65999984741211,11.65999984741211
2014-05-08,11.664999961853027,11.664999961853027
2014-05-09,11.65999984741211,11.65999984741211
2014-05-12,11.802499771118164,11.802499771118164
2014-05-13,11.744999885559082,11.744999885559082
2014-05-14,11.97249984741211,11.97249984741211
2014-05-15,11.774999618530273,11.774999618530273
2014-05-16,11.732500076293945,11.732500076293945
2014-05-19,11.729999542236328,11.729999542236328
2014-05-20,11.75,11.75
2014-05-21,11.694999694824219,11.694999694824219
2014-05-22,11.75,11.75
2014-05-23,11.712499618530273,11.712499618530273
2014-05-27,11.225000381469727,11.225000381469727
2014-05-28,11.100000381469727,11.100000381469727
2014-05-29,11.0600004196167,11.0600004196167
2014-05-30,10.962499618530273,10.962499618530273
2014-06-02,10.824999809265137,10.824999809265137
2014-06-03,10.8774995803833,10.8774995803833
2014-06-04,10.832500457763672,10.832500457763672
2014-06-05,10.989999771118164,10.989999771118164
2014-06-06,11.0,11.0
2014-06-09,11.0,11.0
2014-06-10,11.1274995803833,11.1274995803833
2014-06-11,11.135000228881836,11.135000228881836
2014-06-12,11.362500190734863,11.362500190734863
2014-06-13,11.417499542236328,11.417499542236328
2014-06-16,11.324999809265137,11.324999809265137
2014-06-17,11.300000190734863,11.300000190734863
2014-06-18,11.375,11.375
2014-06-19,12.164999961853027,12.164999961853027
2014-06-20,12.09749984741211,12.09749984741211
2014-06-23,12.132499694824219,12.132499694824219
2014-06-24,12.170000076293945,12.170000076293945
2014-06-25,12.172499656677246,12.172499656677246
2014-06-26,12.102499961853027,12.102499961853027
2014-06-27,12.109999656677246,12.109999656677246
2014-06-30,12.352499961853027,12.352499961853027
2014-07-01,12.3149995803833,12.3149995803833
2014-07-02,12.319999694824219,12.319999694824219
2014-07-03,12.175000190734863,12.175000190734863
2014-07-07,12.164999961853027,12.164999961853027
2014-07-08,12.172499656677246,12.172499656677246
2014-07-09,12.327500343322754,12.327500343322754
2014-07-10,12.467499732971191,12.467499732971191
2014-07-11,12.512499809265137,12.512499809265137
2014-07-14,11.917499542236328,11.917499542236328
2014-07-15,11.677499771118164,11.677499771118164
2014-07-16,11.757499694824219,11.757499694824219
2014-07-17,12.157500267028809,12.157500267028809
2014-07-18,11.989999771118164,11.989999771118164
2014-07-21,12.022500038146973,12.022500038146973
2014-07-22,11.899999618530273,11.899999618530273
2014-07-23,11.887499809265137,11.887499809265137
2014-07-24,11.645000457763672,11.645000457763672
2014-07-25,11.912500381469727,11.912500381469727
2014-07-28,11.897500038146973,11.897500038146973
2014-07-29,11.792499542236328,11.792499542236328
2014-07-30,11.725000381469727,11.725000381469727
2014-07-31,11.477499961853027,11.477499961853027
2014-08-01,11.654999732971191,11.654999732971191
2014-08-04,11.572500228881836,11.572500228881836
2014-08-05,11.5625,11.5625
2014-08-06,11.904999732971191,11.904999732971191
2014-08-07,11.982500076293945,11.982500076293945
2014-08-08,11.984999656677246,11.984999656677246
2014-08-11,11.942500114440918,11.942500114440918
2014-08-12,11.942500114440918,11.942500114440918
2014-08-13,11.987500190734863,11.987500190734863
2014-08-14,12.0,12.0
2014-08-15,11.829999923706055,11.829999923706055
2014-08-18,11.744999885559082,11.744999885559082
2014-08-19,11.692500114440918,11.692500114440918
2014-08-20,11.602499961853027,11.602499961853027
2014-08-21,11.354999542236328,11.354999542236328
2014-08-22,11.414999961853027,11.414999961853027
2014-08-25,11.327500343322754,11.327500343322754
2014-08-26,11.442500114440918,11.442500114440918
2014-08-27,11.442500114440918,11.442500114440918
2014-08-28,11.5625,11.5625
2014-08-29,11.52750015258789,11.52750015258789
2014-09-02,11.130000114440918,11.130000114440918
2014-09-03,11.212499618530273,11.212499618530273
2014-09-04,11.09000015258789,11.09000015258789
2014-09-05,11.177499771118164,11.177499771118164
2014-09-08,10.960000038146973,10.960000038146973
2014-09-09,10.979999542236328,10.979999542236328
2014-09-10,10.864999771118164,10.864999771118164
2014-09-11,10.725000381469727,10.725000381469727
2014-09-12,10.532500267028809,10.532500267028809
2014-09-15,10.582500457763672,10.582500457763672
2014-09-16,10.609999656677246,10.609999656677246
2014-09-17,10.369999885559082,10.369999885559082
2014-09-18,10.425000190734863,10.425000190734863
2014-09-19,10.279999732971191,10.279999732971191
2014-09-22,10.270000457763672,10.270000457763672
2014-09-23,10.369999885559082,10.369999885559082
2014-09-24,10.279999732971191,10.279999732971191
2014-09-25,10.352499961853027,10.352499961853027
2014-09-26,10.292499542236328,10.292499542236328
2014-09-29,10.279999732971191,10.279999732971191
2014-09-30,10.147500038146973,10.147500038146973
2014-10-01,10.229999542236328,10.229999542236328
2014-10-02,10.225000381469727,10.225000381469727
2014-10-03,9.850000381469727,9.850000381469727
2014-10-06,10.112500190734863,10.112500190734863
2014-10-07,10.164999961853027,10.164999961853027
2014-10-08,10.350000381469727,10.350000381469727
2014-10-09,10.385000228881836,10.385000228881836
2014-10-10,10.382499694824219,10.382499694824219
2014-10-13,10.550000190734863,10.550000190734863
2014-10-14,10.529999732971191,10.529999732971191
2014-10-15,10.619999885559082,10.619999885559082
2014-10-16,10.662500381469727,10.662500381469727
2014-10-17,10.609999656677246,10.609999656677246
2014-10-20,10.7475004196167,10.7475004196167
2014-10-21,10.78499984741211,10.78499984741211
2014-10-22,10.672499656677246,10.672499656677246
2014-10-23,10.505000114440918,10.505000114440918
2014-10-24,10.482500076293945,10.482500076293945
2014-10-27,10.442500114440918,10.442500114440918
2014-10-28,10.447500228881836,10.447500228881836
2014-10-29,10.157500267028809,10.157500267028809
2014-10-30,9.9375,9.9375
2014-10-31,9.487500190734863,9.487500190734863
2014-11-03,9.422499656677246,9.422499656677246
2014-11-04,9.404999732971191,9.404999732971191
2014-11-05,9.005000114440918,9.005000114440918
2014-11-06,9.022500038146973,9.022500038146973
2014-11-07,9.52750015258789,9.52750015258789
2014-11-10,9.114999771118164,9.114999771118164
2014-11-11,9.404999732971191,9.404999732971191
2014-11-12,9.295000076293945,9.295000076293945
2014-11-13,9.317500114440918,9.317500114440918
2014-11-14,9.78499984741211,9.78499984741211
2014-11-17,9.732500076293945,9.732500076293945
2014-11-18,9.907500267028809,9.907500267028809
2014-11-19,9.65999984741211,9.65999984741211
2014-11-20,9.8725004196167,9.8725004196167
2014-11-21,9.954999923706055,9.954999923706055
2014-11-24,9.90250015258789,9.90250015258789
2014-11-25,9.952500343322754,9.952500343322754
2014-11-26,9.907500267028809,9.907500267028809
2014-11-28,9.385000228881836,9.385000228881836
2014-12-01,10.167499542236328,10.167499542236328
2014-12-02,9.895000457763672,9.895000457763672
2014-12-03,10.092499732971191,10.092499732971191
2014-12-04,10.024999618530273,10.024999618530273
2014-12-05,9.787500381469727,9.787500381469727
2014-12-08,9.9975004196167,9.9975004196167
2014-12-09,10.399999618530273,10.399999618530273
2014-12-10,10.392499923706055,10.392499923706055
2014-12-11,10.324999809265137,10.324999809265137
2014-12-12,10.279999732971191,10.279999732971191
2014-12-15,9.762499809265137,9.762499809265137
2014-12-16,9.845000267028809,9.845000267028809
2014-12-17,9.729999542236328,9.729999542236328
2014-12-18,9.875,9.875
2014-12-19,9.819999694824219,9.819999694824219
2014-12-22,9.447500228881836,9.447500228881836
2014-12-23,9.477499961853027,9.477499961853027
2014-12-24,9.475000381469727,9.475000381469727
2014-12-26,9.8125,9.8125
2014-12-29,9.635000228881836,9.635000228881836
2014-12-30,9.882499694824219,9.882499694824219
2014-12-31,9.602499961853027,9.602499961853027
2015-01-02,9.675000190734863,9.675000190734863
2015-01-05,9.954999923706055,9.954999923706055
2015-01-06,10.202500343322754,10.202500343322754
2015-01-07,10.074999809265137,10.074999809265137
2015-01-08,10.0024995803833,10.0024995803833
2015-01-09,10.217499732971191,10.217499732971191
2015-01-12,10.444999694824219,10.444999694824219
2015-01-13,10.382499694824219,10.382499694824219
2015-01-14,10.34749984741211,10.34749984741211
2015-01-15,10.842499732971191,10.842499732971191
2015-01-16,11.149999618530273,11.149999618530273
2015-01-20,11.470000267028809,11.470000267028809
2015-01-21,11.489999771118164,11.489999771118164
2015-01-22,11.654999732971191,11.654999732971191
2015-01-23,11.489999771118164,11.489999771118164
2015-01-26,11.239999771118164,11.239999771118164
2015-01-27,11.477499961853027,11.477499961853027
2015-01-28,11.317500114440918,11.317500114440918
2015-01-29,10.8149995803833,10.8149995803833
2015-01-30,11.279999732971191,11.279999732971191
2015-02-02,11.112500190734863,11.112500190734863
2015-02-03,10.887499809265137,10.887499809265137
2015-02-04,10.957500457763672,10.957500457763672
2015-02-05,11.005000114440918,11.005000114440918
2015-02-06,10.4399995803833,10.4399995803833
2015-02-09,10.547499656677246,10.547499656677246
2015-02-10,10.417499542236328,10.417499542236328
2015-02-11,10.180000305175781,10.180000305175781
2015-02-12,10.227499961853027,10.227499961853027
2015-02-13,10.307499885559082,10.307499885559082
2015-02-17,9.987500190734863,9.987500190734863
2015-02-18,10.029999732971191,10.029999732971191
2015-02-19,9.975000381469727,9.975000381469727
2015-02-20,9.854999542236328,9.854999542236328
2015-02-23,9.885000228881836,9.885000228881836
2015-02-24,9.832500457763672,9.832500457763672
2015-02-25,9.925000190734863,9.925000190734863
2015-02-26,9.984999656677246,9.984999656677246
2015-02-27,10.017499923706055,10.017499923706055
2015-03-02,9.912500381469727,9.912500381469727
2015-03-03,9.869999885559082,9.869999885559082
2015-03-04,9.827500343322754,9.827500343322754
2015-03-05,9.805000305175781,9.805000305175781
2015-03-06,9.279999732971191,9.279999732971191
2015-03-09,9.279999732971191,9.279999732971191
2015-03-10,9.1850004196167,9.1850004196167
2015-03-11,9.092499732971191,9.092499732971191
2015-03-12,9.079999923706055,9.079999923706055
2015-03-13,9.095000267028809,9.095000267028809
2015-03-16,9.112500190734863,9.112500190734863
2015-03-17,8.994999885559082,8.994999885559082
2015-03-18,9.34000015258789,9.34000015258789
2015-03-19,9.327500343322754,9.327500343322754
2015-03-20,9.520000457763672,9.520000457763672
2015-03-23,9.672499656677246,9.672499656677246
2015-03-24,9.697500228881836,9.697500228881836
2015-03-25,9.742500305175781,9.742500305175781
2015-03-26,9.859999656677246,9.859999656677246
2015-03-27,9.770000457763672,9.770000457763672
2015-03-30,9.587499618530273,9.587499618530273
2015-03-31,9.53499984741211,9.53499984741211
2015-04-01,9.8725004196167,9.8725004196167
2015-04-02,9.817500114440918,9.817500114440918
2015-04-06,10.055000305175781,10.055000305175781
2015-04-07,9.975000381469727,9.975000381469727
2015-04-08,9.84000015258789,9.84000015258789
2015-04-09,9.710000038146973,9.710000038146973
2015-04-10,9.917499542236328,9.917499542236328
2015-04-13,9.787500381469727,9.787500381469727
2015-04-14,9.672499656677246,9.672499656677246
2015-04-15,9.819999694824219,9.819999694824219
2015-04-16,9.7524995803833,9.7524995803833
2015-04-17,9.852499961853027,9.852499961853027
2015-04-20,9.707500457763672,9.707500457763672
2015-04-21,9.807499885559082,9.807499885559082
2015-04-22,9.5600004196167,9.5600004196167
2015-04-23,9.699999809265137,9.699999809265137
2015-04-24,9.442500114440918,9.442500114440918
2015-04-27,9.802499771118164,9.802499771118164
2015-04-28,9.97249984741211,9.97249984741211
2015-04-29,9.84000015258789,9.84000015258789
2015-04-30,9.484999656677246,9.484999656677246
2015-05-01,9.444999694824219,9.444999694824219
2015-05-04,9.592499732971191,9.592499732971191
2015-05-05,9.649999618530273,9.649999618530273
2015-05-06,9.619999885559082,9.619999885559082
2015-05-07,9.482500076293945,9.482500076293945
2015-05-08,9.585000038146973,9.585000038146973
2015-05-11,9.510000228881836,9.510000228881836
2015-05-12,9.642499923706055,9.642499923706055
2015-05-13,9.9975004196167,9.9975004196167
2015-05-14,10.119999885559082,10.119999885559082
2015-05-15,10.1875,10.1875
2015-05-18,10.180000305175781,10.180000305175781
2015-05-19,9.882499694824219,9.882499694824219
2015-05-20,9.912500381469727,9.912500381469727
2015-05-21,9.867500305175781,9.867500305175781
2015-05-22,9.842499732971191,9.842499732971191
2015-05-26,9.5649995803833,9.5649995803833
2015-05-27,9.542499542236328,9.542499542236328
2015-05-28,9.5625,9.5625
2015-05-29,9.595000267028809,9.595000267028809
2015-06-01,9.572500228881836,9.572500228881836
2015-06-02,9.642499923706055,9.642499923706055
2015-06-03,9.484999656677246,9.484999656677246
2015-06-04,9.3774995803833,9.3774995803833
2015-06-05,9.255000114440918,9.255000114440918
2015-06-08,9.34000015258789,9.34000015258789
2015-06-09,9.359999656677246,9.359999656677246
2015-06-10,9.512499809265137,9.512499809265137
2015-06-11,9.4375,9.4375
2015-06-12,9.420000076293945,9.420000076293945
2015-06-15,9.517499923706055,9.517499923706055
2015-06-16,9.425000190734863,9.425000190734863
2015-06-17,9.5,9.5
2015-06-18,9.7524995803833,9.7524995803833
2015-06-19,9.737500190734863,9.737500190734863
2015-06-22,9.470000267028809,9.470000267028809
2015-06-23,9.354999542236328,9.354999542236328
2015-06-24,9.317500114440918,9.317500114440918
2015-06-25,9.274999618530273,9.274999618530273
2015-06-26,9.332500457763672,9.332500457763672
2015-06-29,9.395000457763672,9.395000457763672
2015-06-30,9.260000228881836,9.260000228881836
2015-07-01,9.210000038146973,9.210000038146973
2015-07-02,9.172499656677246,9.172499656677246
2015-07-06,9.227499961853027,9.227499961853027
2015-07-07,9.010000228881836,9.010000228881836
2015-07-08,9.055000305175781,9.055000305175781
2015-07-09,9.09749984741211,9.09749984741211
2015-07-10,9.119999885559082,9.119999885559082
2015-07-13,9.045000076293945,9.045000076293945
2015-07-14,9.0,9.0
2015-07-15,8.885000228881836,8.885000228881836
2015-07-16,8.822500228881836,8.822500228881836
2015-07-17,8.65250015258789,8.65250015258789
2015-07-20,8.180000305175781,8.180000305175781
2015-07-21,8.1225004196167,8.1225004196167
2015-07-22,8.0600004196167,8.0600004196167
2015-07-23,7.974999904632568,7.974999904632568
2015-07-24,8.1274995803833,8.1274995803833
2015-07-27,8.055000305175781,8.055000305175781
2015-07-28,8.079999923706055,8.079999923706055
2015-07-29,8.095000267028809,8.095000267028809
2015-07-30,7.972499847412109,7.972499847412109
2015-07-31,8.057499885559082,8.057499885559082
2015-08-03,7.940000057220459,7.940000057220459
2015-08-04,7.945000171661377,7.945000171661377
2015-08-05,7.892499923706055,7.892499923706055
2015-08-06,7.985000133514404,7.985000133514404
2015-08-07,8.032500267028809,8.032500267028809
2015-08-10,8.182499885559082,8.182499885559082
2015-08-11,8.255000114440918,8.255000114440918
2015-08-12,8.494999885559082,8.494999885559082
2015-08-13,8.357500076293945,8.357500076293945
2015-08-14,8.359999656677246,8.359999656677246
2015-08-17,8.397500038146973,8.397500038146973
2015-08-18,8.392499923706055,8.392499923706055
2015-08-19,8.607500076293945,8.607500076293945
2015-08-20,8.897500038146973,8.897500038146973
2015-08-21,9.02750015258789,9.02750015258789
2015-08-24,8.927499771118164,8.927499771118164
2015-08-25,8.712499618530273,8.712499618530273
2015-08-26,8.475000381469727,8.475000381469727
2015-08-27,8.477499961853027,8.477499961853027
2015-08-28,8.6274995803833,8.6274995803833
2015-08-31,8.642499923706055,8.642499923706055
2015-09-01,8.712499618530273,8.712499618530273
2015-09-02,8.612500190734863,8.612500190734863
2015-09-03,8.47249984741211,8.47249984741211
2015-09-04,8.4399995803833,8.4399995803833
2015-09-08,8.414999961853027,8.414999961853027
2015-09-09,8.220000267028809,8.220000267028809
2015-09-10,8.262499809265137,8.262499809265137
2015-09-11,8.210000038146973,8.210000038146973
2015-09-14,8.22249984741211,8.22249984741211
2015-09-15,8.175000190734863,8.175000190734863
2015-09-16,8.390000343322754,8.390000343322754
2015-09-17,8.577500343322754,8.577500343322754
2015-09-18,8.672499656677246,8.672499656677246
2015-09-21,8.59000015258789,8.59000015258789
2015-09-22,8.47249984741211,8.47249984741211
2015-09-23,8.545000076293945,8.545000076293945
2015-09-24,8.885000228881836,8.885000228881836
2015-09-25,8.797499656677246,8.797499656677246
2015-09-28,8.5625,8.5625
2015-09-29,8.489999771118164,8.489999771118164
2015-09-30,8.307499885559082,8.307499885559082
2015-10-01,8.28499984741211,8.28499984741211
2015-10-02,8.65250015258789,8.65250015258789
2015-10-05,8.612500190734863,8.612500190734863
2015-10-06,8.770000457763672,8.770000457763672
2015-10-07,8.767499923706055,8.767499923706055
2015-10-08,8.680000305175781,8.680000305175781
2015-10-09,8.9375,8.9375
2015-10-12,9.010000228881836,9.010000228881836
2015-10-13,9.100000381469727,9.100000381469727
2015-10-14,9.40250015258789,9.40250015258789
2015-10-15,9.327500343322754,9.327500343322754
2015-10-16,9.199999809265137,9.199999809265137
2015-10-19,9.117500305175781,9.117500305175781
2015-10-20,9.239999771118164,9.239999771118164
2015-10-21,9.079999923706055,9.079999923706055
2015-10-22,9.0600004196167,9.0600004196167
2015-10-23,9.03499984741211,9.03499984741211
2015-10-26,9.010000228881836,9.010000228881836
2015-10-27,9.0625,9.0625
2015-10-28,8.920000076293945,8.920000076293945
2015-10-29,8.729999542236328,8.729999542236328
2015-10-30,8.670000076293945,8.670000076293945
2015-11-02,8.547499656677246,8.547499656677246
2015-11-03,8.307499885559082,8.307499885559082
2015-11-04,8.147500038146973,8.147500038146973
2015-11-05,8.104999542236328,8.104999542236328
2015-11-06,7.872499942779541,7.872499942779541
2015-11-09,7.914999961853027,7.914999961853027
2015-11-10,7.864999771118164,7.864999771118164
2015-11-11,7.807499885559082,7.807499885559082
2015-11-12,7.829999923706055,7.829999923706055
2015-11-13,7.78249979019165,7.78249979019165
2015-11-16,7.792500019073486,7.792500019073486
2015-11-17,7.59499979019165,7.59499979019165
2015-11-18,7.605000019073486,7.605000019073486
2015-11-19,7.772500038146973,7.772500038146973
2015-11-20,7.704999923706055,7.704999923706055
2015-11-23,7.585000038146973,7.585000038146973
2015-11-24,7.670000076293945,7.670000076293945
2015-11-25,7.605000019073486,7.605000019073486
2015-11-27,7.4375,7.4375
2015-11-30,7.522500038146973,7.522500038146973
2015-12-01,7.587500095367432,7.587500095367432
2015-12-02,7.357500076293945,7.357500076293945
2015-12-03,7.507500171661377,7.507500171661377
2015-12-04,7.84499979019165,7.84499979019165
2015-12-07,7.625,7.625
2015-12-08,7.662499904632568,7.662499904632568
2015-12-09,7.630000114440918,7.630000114440918
2015-12-10,7.625,7.625
2015-12-11,7.692500114440918,7.692500114440918
2015-12-14,7.477499961853027,7.477499961853027
2015-12-15,7.460000038146973,7.460000038146973
2015-12-16,7.619999885559082,7.619999885559082
2015-12-17,7.317500114440918,7.317500114440918
2015-12-18,7.502500057220459,7.502500057220459
2015-12-21,7.702499866485596,7.702499866485596
2015-12-22,7.607500076293945,7.607500076293945
2015-12-23,7.574999809265137,7.574999809265137
2015-12-24,7.662499904632568,7.662499904632568
2015-12-28,7.547500133514404,7.547500133514404
2015-12-29,7.545000076293945,7.545000076293945
2015-12-30,7.440000057220459,7.440000057220459
2015-12-31,7.432499885559082,7.432499885559082
2016-01-04,7.639999866485596,7.639999866485596
2016-01-05,7.699999809265137,7.699999809265137
2016-01-06,7.912499904632568,7.912499904632568
2016-01-07,8.119999885559082,8.119999885559082
2016-01-08,8.069999694824219,8.069999694824219
2016-01-11,7.897500038146973,7.897500038146973
2016-01-12,7.849999904632568,7.849999904632568
2016-01-13,7.932499885559082,7.932499885559082
2016-01-14,7.65749979019165,7.65749979019165
2016-01-15,7.817500114440918,7.817500114440918
2016-01-19,7.802499771118164,7.802499771118164
2016-01-20,7.992499828338623,7.992499828338623
2016-01-21,8.005000114440918,8.005000114440918
2016-01-22,7.945000171661377,7.945000171661377
2016-01-25,8.114999771118164,8.114999771118164
2016-01-26,8.295000076293945,8.295000076293945
2016-01-27,8.345000267028809,8.345000267028809
2016-01-28,8.197500228881836,8.197500228881836
2016-01-29,8.25,8.25
2016-02-01,8.417499542236328,8.417499542236328
2016-02-02,8.422499656677246,8.422499656677246
2016-02-03,8.630000114440918,8.630000114440918
2016-02-04,8.800000190734863,8.800000190734863
2016-02-05,9.082500457763672,9.082500457763672
2016-02-08,9.327500343322754,9.327500343322754
2016-02-09,9.295000076293945,9.295000076293945
2016-02-10,9.449999809265137,9.449999809265137
2016-02-11,10.1875,10.1875
2016-02-12,10.0649995803833,10.0649995803833
2016-02-16,9.4399995803833,9.4399995803833
2016-02-17,9.59000015258789,9.59000015258789
2016-02-18,10.039999961853027,10.039999961853027
2016-02-19,9.942500114440918,9.942500114440918
2016-02-22,9.59000015258789,9.59000015258789
2016-02-23,9.850000381469727,9.850000381469727
2016-02-24,9.897500038146973,9.897500038146973
2016-02-25,9.992500305175781,9.992500305175781
2016-02-26,9.795000076293945,9.795000076293945
2016-02-29,10.104999542236328,10.104999542236328
2016-03-01,9.962499618530273,9.962499618530273
2016-03-02,10.092499732971191,10.092499732971191
2016-03-03,10.462499618530273,10.462499618530273
2016-03-04,10.422499656677246,10.422499656677246
2016-03-07,10.4975004196167,10.4975004196167
2016-03-08,10.397500038146973,10.397500038146973
2016-03-09,10.227499961853027,10.227499961853027
2016-03-10,10.572500228881836,10.572500228881836
2016-03-11,10.199999809265137,10.199999809265137
2016-03-14,9.942500114440918,9.942500114440918
2016-03-15,9.925000190734863,9.925000190734863
2016-03-16,10.385000228881836,10.385000228881836
2016-03-17,10.265000343322754,10.265000343322754
2016-03-18,10.220000267028809,10.220000267028809
2016-03-21,10.092499732971191,10.092499732971191
2016-03-22,10.175000190734863,10.175000190734863
2016-03-23,9.6899995803833,9.6899995803833
2016-03-24,9.675000190734863,9.675000190734863
2016-03-28,9.702500343322754,9.702500343322754
2016-03-29,10.047499656677246,10.047499656677246
2016-03-30,9.797499656677246,9.797499656677246
2016-03-31,9.922499656677246,9.922499656677246
2016-04-01,9.75,9.75
2016-04-04,9.614999771118164,9.614999771118164
2016-04-05,9.862500190734863,9.862500190734863
2016-04-06,9.742500305175781,9.742500305175781
2016-04-07,10.032500267028809,10.032500267028809
2016-04-08,10.007499694824219,10.007499694824219
2016-04-11,10.265000343322754,10.265000343322754
2016-04-12,10.272500038146973,10.272500038146973
2016-04-13,10.042499542236328,10.042499542236328
2016-04-14,9.75,9.75
2016-04-15,9.899999618530273,9.899999618530273
2016-04-18,9.862500190734863,9.862500190734863
2016-04-19,10.180000305175781,10.180000305175781
2016-04-20,10.069999694824219,10.069999694824219
2016-04-21,10.15999984741211,10.15999984741211
2016-04-22,9.899999618530273,9.899999618530273
2016-04-25,9.947500228881836,9.947500228881836
2016-04-26,10.022500038146973,10.022500038146973
2016-04-27,10.067500114440918,10.067500114440918
2016-04-28,10.452500343322754,10.452500343322754
2016-04-29,10.864999771118164,10.864999771118164
2016-05-02,10.797499656677246,10.797499656677246
2016-05-03,10.7475004196167,10.7475004196167
2016-05-04,10.632499694824219,10.632499694824219
2016-05-05,10.574999809265137,10.574999809265137
2016-05-06,10.779999732971191,10.779999732971191
2016-05-09,10.337499618530273,10.337499618530273
2016-05-10,10.397500038146973,10.397500038146973
2016-05-11,10.542499542236328,10.542499542236328
2016-05-12,10.422499656677246,10.422499656677246
2016-05-13,10.489999771118164,10.489999771118164
2016-05-16,10.510000228881836,10.510000228881836
2016-05-17,10.59749984741211,10.59749984741211
2016-05-18,10.225000381469727,10.225000381469727
2016-05-19,10.170000076293945,10.170000076293945
2016-05-20,10.142499923706055,10.142499923706055
2016-05-23,10.114999771118164,10.114999771118164
2016-05-24,9.742500305175781,9.742500305175781
2016-05-25,9.6850004196167,9.6850004196167
2016-05-26,9.614999771118164,9.614999771118164
2016-05-27,9.462499618530273,9.462499618530273
2016-05-31,9.52750015258789,9.52750015258789
2016-06-01,9.510000228881836,9.510000228881836
2016-06-02,9.470000267028809,9.470000267028809
2016-06-03,9.987500190734863,9.987500190734863
2016-06-06,10.007499694824219,10.007499694824219
2016-06-07,9.987500190734863,9.987500190734863
2016-06-08,10.270000457763672,10.270000457763672
2016-06-09,10.395000457763672,10.395000457763672
2016-06-10,10.470000267028809,10.470000267028809
2016-06-13,10.635000228881836,10.635000228881836
2016-06-14,10.645000457763672,10.645000457763672
2016-06-15,10.805000305175781,10.805000305175781
2016-06-16,10.579999923706055,10.579999923706055
2016-06-17,10.862500190734863,10.862500190734863
2016-06-20,10.732500076293945,10.732500076293945
2016-06-21,10.3125,10.3125
2016-06-22,10.319999694824219,10.319999694824219
2016-06-23,10.192500114440918,10.192500114440918
2016-06-24,11.175000190734863,11.175000190734863
2016-06-27,11.3125,11.3125
2016-06-28,11.067500114440918,11.067500114440918
2016-06-29,11.157500267028809,11.157500267028809
2016-06-30,11.257499694824219,11.257499694824219
2016-07-01,11.59749984741211,11.59749984741211
2016-07-05,11.797499656677246,11.797499656677246
2016-07-06,11.944999694824219,11.944999694824219
2016-07-07,11.864999771118164,11.864999771118164
2016-07-08,11.947500228881836,11.947500228881836
2016-07-11,11.755000114440918,11.755000114440918
2016-07-12,11.382499694824219,11.382499694824219
2016-07-13,11.5649995803833,11.5649995803833
2016-07-14,11.40999984741211,11.40999984741211
2016-07-15,11.307499885559082,11.307499885559082
2016-07-18,11.352499961853027,11.352499961853027
2016-07-19,11.3725004196167,11.3725004196167
2016-07-20,11.037500381469727,11.037500381469727
2016-07-21,11.3725004196167,11.3725004196167
2016-07-22,11.202500343322754,11.202500343322754
2016-07-25,11.050000190734863,11.050000190734863
2016-07-26,11.15250015258789,11.15250015258789
2016-07-27,11.512499809265137,11.512499809265137
2016-07-28,11.442500114440918,11.442500114440918
2016-07-29,11.6850004196167,11.6850004196167
2016-08-01,11.717499732971191,11.717499732971191
2016-08-02,11.917499542236328,11.917499542236328
2016-08-03,11.789999961853027,11.789999961853027
2016-08-04,11.829999923706055,11.829999923706055
2016-08-05,11.414999961853027,11.414999961853027
2016-08-08,11.395000457763672,11.395000457763672
2016-08-09,11.475000381469727,11.475000381469727
2016-08-10,11.587499618530273,11.587499618530273
2016-08-11,11.40999984741211,11.40999984741211
2016-08-12,11.3774995803833,11.3774995803833
2016-08-15,11.449999809265137,11.449999809265137
2016-08-16,11.5600004196167,11.5600004196167
2016-08-17,11.585000038146973,11.585000038146973
2016-08-18,11.675000190734863,11.675000190734863
2016-08-19,11.479999542236328,11.479999542236328
2016-08-22,11.404999732971191,11.404999732971191
2016-08-23,11.417499542236328,11.417499542236328
2016-08-24,11.177499771118164,11.177499771118164
2016-08-25,11.142499923706055,11.142499923706055
2016-08-26,11.125,11.125
2016-08-29,11.15250015258789,11.15250015258789
2016-08-30,10.947500228881836,10.947500228881836
2016-08-31,10.90999984741211,10.90999984741211
2016-09-01,10.982500076293945,10.982500076293945
2016-09-02,11.182499885559082,11.182499885559082
2016-09-06,11.604999542236328,11.604999542236328
2016-09-07,11.510000228881836,11.510000228881836
2016-09-08,11.387499809265137,11.387499809265137
2016-09-09,11.232500076293945,11.232500076293945
2016-09-12,11.207500457763672,11.207500457763672
2016-09-13,11.037500381469727,11.037500381469727
2016-09-14,11.135000228881836,11.135000228881836
2016-09-15,10.982500076293945,10.982500076293945
2016-09-16,10.917499542236328,10.917499542236328
2016-09-19,10.96500015258789,10.96500015258789
2016-09-20,10.982500076293945,10.982500076293945
2016-09-21,11.317500114440918,11.317500114440918
2016-09-22,11.362500190734863,11.362500190734863
2016-09-23,11.382499694824219,11.382499694824219
2016-09-26,11.34749984741211,11.34749984741211
2016-09-27,11.1850004196167,11.1850004196167
2016-09-28,11.09000015258789,11.09000015258789
2016-09-29,11.125,11.125
2016-09-30,11.0024995803833,11.0024995803833
2016-10-03,10.949999809265137,10.949999809265137
2016-10-04,10.1899995803833,10.1899995803833
2016-10-05,10.175000190734863,10.175000190734863
2016-10-06,9.97249984741211,9.97249984741211
2016-10-07,9.994999885559082,9.994999885559082
2016-10-10,10.0600004196167,10.0600004196167
2016-10-11,9.947500228881836,9.947500228881836
2016-10-12,9.992500305175781,9.992500305175781
2016-10-13,10.047499656677246,10.047499656677246
2016-10-14,9.927499771118164,9.927499771118164
2016-10-17,9.97249984741211,9.97249984741211
2016-10-18,10.102499961853027,10.102499961853027
2016-10-19,10.207500457763672,10.207500457763672
2016-10-20,10.157500267028809,10.157500267028809
2016-10-21,10.164999961853027,10.164999961853027
2016-10-24,10.1274995803833,10.1274995803833
2016-10-25,10.3100004196167,10.3100004196167
2016-10-26,10.154999732971191,10.154999732971191
2016-10-27,10.204999923706055,10.204999923706055
2016-10-28,10.375,10.375
2016-10-31,10.332500457763672,10.332500457763672
2016-11-01,10.484999656677246,10.484999656677246
2016-11-02,10.632499694824219,10.632499694824219
2016-11-03,10.762499809265137,10.762499809265137
2016-11-04,10.760000228881836,10.760000228881836
2016-11-07,10.3774995803833,10.3774995803833
2016-11-08,10.28499984741211,10.28499984741211
2016-11-09,10.267499923706055,10.267499923706055
2016-11-10,9.957500457763672,9.957500457763672
2016-11-11,9.510000228881836,9.510000228881836
2016-11-14,9.367500305175781,9.367500305175781
2016-11-15,9.515000343322754,9.515000343322754
2016-11-16,9.460000038146973,9.460000038146973
2016-11-17,9.369999885559082,9.369999885559082
2016-11-18,9.197500228881836,9.197500228881836
2016-11-21,9.262499809265137,9.262499809265137
2016-11-22,9.255000114440918,9.255000114440918
2016-11-23,8.892499923706055,8.892499923706055
2016-11-25,8.779999732971191,8.779999732971191
2016-11-28,8.967499732971191,8.967499732971191
2016-11-29,8.885000228881836,8.885000228881836
2016-11-30,8.647500038146973,8.647500038146973
2016-12-01,8.619999885559082,8.619999885559082
2016-12-02,8.699999809265137,8.699999809265137
2016-12-05,8.595000267028809,8.595000267028809
2016-12-06,8.577500343322754,8.577500343322754
2016-12-07,8.649999618530273,8.649999618530273
2016-12-08,8.617500305175781,8.617500305175781
2016-12-09,8.432499885559082,8.432499885559082
2016-12-12,8.5,8.5
2016-12-13,8.4399995803833,8.4399995803833
2016-12-14,8.192500114440918,8.192500114440918
2016-12-15,7.96999979019165,7.96999979019165
2016-12-16,8.0600004196167,8.0600004196167
2016-12-19,8.149999618530273,8.149999618530273
2016-12-20,8.029999732971191,8.029999732971191
2016-12-21,8.042499542236328,8.042499542236328
2016-12-22,7.982500076293945,7.982500076293945
2016-12-23,8.03499984741211,8.03499984741211
2016-12-27,8.132499694824219,8.132499694824219
2016-12-28,8.175000190734863,8.175000190734863
2016-12-29,8.385000228881836,8.385000228881836
2016-12-30,8.300000190734863,8.300000190734863
2017-01-03,8.407500267028809,8.407500267028809
2017-01-04,8.484999656677246,8.484999656677246
2017-01-05,8.742500305175781,8.742500305175781
2017-01-06,8.612500190734863,8.612500190734863
2017-01-09,8.7475004196167,8.7475004196167
2017-01-10,8.8125,8.8125
2017-01-11,8.880000114440918,8.880000114440918
2017-01-12,8.930000305175781,8.930000305175781
2017-01-13,8.979999542236328,8.979999542236328
2017-01-17,9.225000381469727,9.225000381469727
2017-01-18,9.067500114440918,9.067500114440918
2017-01-19,9.055000305175781,9.055000305175781
2017-01-20,9.095000267028809,9.095000267028809
2017-01-23,9.212499618530273,9.212499618530273
2017-01-24,9.1225004196167,9.1225004196167
2017-01-25,8.979999542236328,8.979999542236328
2017-01-26,8.819999694824219,8.819999694824219
2017-01-27,8.842499732971191,8.842499732971191
2017-01-30,8.914999961853027,8.914999961853027
2017-01-31,9.154999732971191,9.154999732971191
2017-02-01,9.109999656677246,9.109999656677246
2017-02-02,9.204999923706055,9.204999923706055
2017-02-03,9.260000228881836,9.260000228881836
2017-02-06,9.482500076293945,9.482500076293945
2017-02-07,9.46500015258789,9.46500015258789
2017-02-08,9.550000190734863,9.550000190734863
2017-02-09,9.4399995803833,9.4399995803833
2017-02-10,9.467499732971191,9.467499732971191
2017-02-13,9.34000015258789,9.34000015258789
2017-02-14,9.364999771118164,9.364999771118164
2017-02-15,9.444999694824219,9.444999694824219
2017-02-16,9.547499656677246,9.547499656677246
2017-02-17,9.487500190734863,9.487500190734863
2017-02-21,9.492500305175781,9.492500305175781
2017-02-22,9.520000457763672,9.520000457763672
2017-02-23,9.675000190734863,9.675000190734863
2017-02-24,9.770000457763672,9.770000457763672
2017-02-27,9.72249984741211,9.72249984741211
2017-02-28,9.6850004196167,9.6850004196167
2017-03-01,9.682499885559082,9.682499885559082
2017-03-02,9.470000267028809,9.470000267028809
2017-03-03,9.452500343322754,9.452500343322754
2017-03-06,9.3100004196167,9.3100004196167
2017-03-07,9.167499542236328,9.167499542236328
2017-03-08,9.0600004196167,9.0600004196167
2017-03-09,8.944999694824219,8.944999694824219
2017-03-10,8.987500190734863,8.987500190734863
2017-03-13,9.015000343322754,9.015000343322754
2017-03-14,8.907500267028809,8.907500267028809
2017-03-15,9.239999771118164,9.239999771118164
2017-03-16,9.3125,9.3125
2017-03-17,9.324999809265137,9.324999809265137
2017-03-20,9.442500114440918,9.442500114440918
2017-03-21,9.59000015258789,9.59000015258789
2017-03-22,9.640000343322754,9.640000343322754
2017-03-23,9.617500305175781,9.617500305175781
2017-03-24,9.635000228881836,9.635000228881836
2017-03-27,9.744999885559082,9.744999885559082
2017-03-28,9.65999984741211,9.65999984741211
2017-03-29,9.71500015258789,9.71500015258789
2017-03-30,9.574999809265137,9.574999809265137
2017-03-31,9.612500190734863,9.612500190734863
2017-04-03,9.704999923706055,9.704999923706055
2017-04-04,9.75,9.75
2017-04-05,9.744999885559082,9.744999885559082
2017-04-06,9.702500343322754,9.702500343322754
2017-04-07,9.725000381469727,9.725000381469727
2017-04-10,9.72249984741211,9.72249984741211
2017-04-11,10.0024995803833,10.0024995803833
2017-04-12,10.142499923706055,10.142499923706055
2017-04-13,10.237500190734863,10.237500190734863
2017-04-17,10.1875,10.1875
2017-04-18,10.272500038146973,10.272500038146973
2017-04-19,10.095000267028809,10.095000267028809
2017-04-20,10.1225004196167,10.1225004196167
2017-04-21,10.170000076293945,10.170000076293945
2017-04-24,10.037500381469727,10.037500381469727
2017-04-25,9.842499732971191,9.842499732971191
2017-04-26,9.942500114440918,9.942500114440918
2017-04-27,9.857500076293945,9.857500076293945
2017-04-28,9.912500381469727,9.912500381469727
2017-05-01,9.725000381469727,9.725000381469727
2017-05-02,9.720000267028809,9.720000267028809
2017-05-03,9.462499618530273,9.462499618530273
2017-05-04,9.267499923706055,9.267499923706055
2017-05-05,9.297499656677246,9.297499656677246
2017-05-08,9.270000457763672,9.270000457763672
2017-05-09,9.175000190734863,9.175000190734863
2017-05-10,9.154999732971191,9.154999732971191
2017-05-11,9.225000381469727,9.225000381469727
2017-05-12,9.28499984741211,9.28499984741211
2017-05-15,9.332500457763672,9.332500457763672
2017-05-16,9.414999961853027,9.414999961853027
2017-05-17,9.75,9.75
2017-05-18,9.595000267028809,9.595000267028809
2017-05-19,9.672499656677246,9.672499656677246
2017-05-22,9.770000457763672,9.770000457763672
2017-05-23,9.619999885559082,9.619999885559082
2017-05-24,9.720000267028809,9.720000267028809
2017-05-25,9.6850004196167,9.6850004196167
2017-05-26,9.857500076293945,9.857500076293945
2017-05-30,9.797499656677246,9.797499656677246
2017-05-31,9.867500305175781,9.867500305175781
2017-06-01,9.880000114440918,9.880000114440918
2017-06-02,10.022500038146973,10.022500038146973
2017-06-05,10.045000076293945,10.045000076293945
2017-06-06,10.262499809265137,10.262499809265137
2017-06-07,10.15999984741211,10.15999984741211
2017-06-08,10.017499923706055,10.017499923706055
2017-06-09,9.84000015258789,9.84000015258789
2017-06-12,9.805000305175781,9.805000305175781
2017-06-13,9.832500457763672,9.832500457763672
2017-06-14,9.717499732971191,9.717499732971191
2017-06-15,9.632499694824219,9.632499694824219
2017-06-16,9.630000114440918,9.630000114440918
2017-06-19,9.4975004196167,9.4975004196167
2017-06-20,9.452500343322754,9.452500343322754
2017-06-21,9.5,9.5
2017-06-22,9.545000076293945,9.545000076293945
2017-06-23,9.65999984741211,9.65999984741211
2017-06-26,9.470000267028809,9.470000267028809
2017-06-27,9.529999732971191,9.529999732971191
2017-06-28,9.557499885559082,9.557499885559082
2017-06-29,9.479999542236328,9.479999542236328
2017-06-30,9.420000076293945,9.420000076293945
2017-07-03,9.09749984741211,9.09749984741211
2017-07-05,9.177499771118164,9.177499771118164
2017-07-06,9.170000076293945,9.170000076293945
2017-07-07,8.977499961853027,8.977499961853027
2017-07-10,9.010000228881836,9.010000228881836
2017-07-11,9.037500381469727,9.037500381469727
2017-07-12,9.074999809265137,9.074999809265137
2017-07-13,9.0600004196167,9.0600004196167
2017-07-14,9.204999923706055,9.204999923706055
2017-07-17,9.289999961853027,9.289999961853027
2017-07-18,9.414999961853027,9.414999961853027
2017-07-19,9.399999618530273,9.399999618530273
2017-07-20,9.432499885559082,9.432499885559082
2017-07-21,9.595000267028809,9.595000267028809
2017-07-24,9.607500076293945,9.607500076293945
2017-07-25,9.537500381469727,9.537500381469727
2017-07-26,9.704999923706055,9.704999923706055
2017-07-27,9.677499771118164,9.677499771118164
2017-07-28,9.824999809265137,9.824999809265137
2017-07-31,9.829999923706055,9.829999923706055
2017-08-01,9.817500114440918,9.817500114440918
2017-08-02,9.772500038146973,9.772500038146973
2017-08-03,9.807499885559082,9.807499885559082
2017-08-04,9.647500038146973,9.647500038146973
2017-08-07,9.6274995803833,9.6274995803833
2017-08-08,9.6850004196167,9.6850004196167
2017-08-09,9.917499542236328,9.917499542236328
2017-08-10,10.057499885559082,10.057499885559082
2017-08-11,10.170000076293945,10.170000076293945
2017-08-14,10.010000228881836,10.010000228881836
2017-08-15,9.852499961853027,9.852499961853027
2017-08-16,10.0024995803833,10.0024995803833
2017-08-17,10.09749984741211,10.09749984741211
2017-08-18,10.074999809265137,10.074999809265137
2017-08-21,10.142499923706055,10.142499923706055
2017-08-22,10.047499656677246,10.047499656677246
2017-08-23,10.1274995803833,10.1274995803833
2017-08-24,10.072500228881836,10.072500228881836
2017-08-25,10.1274995803833,10.1274995803833
2017-08-28,10.454999923706055,10.454999923706055
2017-08-29,10.397500038146973,10.397500038146973
2017-08-30,10.382499694824219,10.382499694824219
2017-08-31,10.645000457763672,10.645000457763672
2017-09-01,10.65999984741211,10.65999984741211
2017-09-05,10.914999961853027,10.914999961853027
2017-09-06,10.800000190734863,10.800000190734863
2017-09-07,11.022500038146973,11.022500038146973
2017-09-08,10.992500305175781,10.992500305175781
2017-09-11,10.677499771118164,10.677499771118164
2017-09-12,10.737500190734863,10.737500190734863
2017-09-13,10.585000038146973,10.585000038146973
2017-09-14,10.670000076293945,10.670000076293945
2017-09-15,10.567500114440918,10.567500114440918
2017-09-18,10.367500305175781,10.367500305175781
2017-09-19,10.395000457763672,10.395000457763672
2017-09-20,10.234999656677246,10.234999656677246
2017-09-21,10.072500228881836,10.072500228881836
2017-09-22,10.162500381469727,10.162500381469727
2017-09-25,10.40250015258789,10.40250015258789
2017-09-26,10.164999961853027,10.164999961853027
2017-09-27,9.96500015258789,9.96500015258789
2017-09-28,10.0024995803833,10.0024995803833
2017-09-29,9.899999618530273,9.899999618530273
2017-10-02,9.770000457763672,9.770000457763672
2017-10-03,9.77750015258789,9.77750015258789
2017-10-04,9.832500457763672,9.832500457763672
2017-10-05,9.72249984741211,9.72249984741211
2017-10-06,9.8149995803833,9.8149995803833
2017-10-09,9.97249984741211,9.97249984741211
2017-10-10,10.024999618530273,10.024999618530273
2017-10-11,10.09000015258789,10.09000015258789
2017-10-12,10.102499961853027,10.102499961853027
2017-10-13,10.262499809265137,10.262499809265137
2017-10-16,10.109999656677246,10.109999656677246
2017-10-17,9.97249984741211,9.97249984741211
2017-10-18,9.897500038146973,9.897500038146973
2017-10-19,10.005000114440918,10.005000114440918
2017-10-20,9.885000228881836,9.885000228881836
2017-10-23,9.912500381469727,9.912500381469727
2017-10-24,9.822500228881836,9.822500228881836
2017-10-25,9.837499618530273,9.837499618530273
2017-10-26,9.667499542236328,9.667499542236328
2017-10-27,9.755000114440918,9.755000114440918
2017-10-30,9.807499885559082,9.807499885559082
2017-10-31,9.71500015258789,9.71500015258789
2017-11-01,9.792499542236328,9.792499542236328
2017-11-02,9.8149995803833,9.8149995803833
2017-11-03,9.71500015258789,9.71500015258789
2017-11-06,9.8774995803833,9.8774995803833
2017-11-07,9.805000305175781,9.805000305175781
2017-11-08,9.8774995803833,9.8774995803833
2017-11-09,9.952500343322754,9.952500343322754
2017-11-10,9.795000076293945,9.795000076293945
2017-11-13,9.8100004196167,9.8100004196167
2017-11-14,9.852499961853027,9.852499961853027
2017-11-15,9.819999694824219,9.819999694824219
2017-11-16,9.824999809265137,9.824999809265137
2017-11-17,10.057499885559082,10.057499885559082
2017-11-20,9.805000305175781,9.805000305175781
2017-11-21,9.845000267028809,9.845000267028809
2017-11-22,10.022500038146973,10.022500038146973
2017-11-24,9.96500015258789,9.96500015258789
2017-11-27,10.055000305175781,10.055000305175781
2017-11-28,10.047499656677246,10.047499656677246
2017-11-29,9.895000457763672,9.895000457763672
2017-11-30,9.765000343322754,9.765000343322754
2017-12-01,9.842499732971191,9.842499732971191
2017-12-04,9.772500038146973,9.772500038146973
2017-12-05,9.635000228881836,9.635000228881836
2017-12-06,9.59000015258789,9.59000015258789
2017-12-07,9.342499732971191,9.342499732971191
2017-12-08,9.342499732971191,9.342499732971191
2017-12-11,9.25,9.25
2017-12-12,9.274999618530273,9.274999618530273
2017-12-13,9.447500228881836,9.447500228881836
2017-12-14,9.414999961853027,9.414999961853027
2017-12-15,9.454999923706055,9.454999923706055
2017-12-18,9.550000190734863,9.550000190734863
2017-12-19,9.547499656677246,9.547499656677246
2017-12-20,9.600000381469727,9.600000381469727
2017-12-21,9.649999618530273,9.649999618530273
2017-12-22,9.732500076293945,9.732500076293945
2017-12-26,9.862500190734863,9.862500190734863
2017-12-27,9.925000190734863,9.925000190734863
2017-12-28,10.029999732971191,10.029999732971191
2017-12-29,10.167499542236328,10.167499542236328
2018-01-02,10.397500038146973,10.397500038146973
2018-01-03,10.307499885559082,10.307499885559082
2018-01-04,10.430000305175781,10.430000305175781
2018-01-05,10.420000076293945,10.420000076293945
2018-01-08,10.404999732971191,10.404999732971191
2018-01-09,10.305000305175781,10.305000305175781
2018-01-10,10.3774995803833,10.3774995803833
2018-01-11,10.425000190734863,10.425000190734863
2018-01-12,10.682499885559082,10.682499885559082
2018-01-16,10.707500457763672,10.707500457763672
2018-01-17,10.542499542236328,10.542499542236328
2018-01-18,10.479999542236328,10.479999542236328
2018-01-19,10.582500457763672,10.582500457763672
2018-01-22,10.617500305175781,10.617500305175781
2018-01-23,10.720000267028809,10.720000267028809
2018-01-24,10.989999771118164,10.989999771118164
2018-01-25,10.817500114440918,10.817500114440918
2018-01-26,10.854999542236328,10.854999542236328
2018-01-29,10.739999771118164,10.739999771118164
2018-01-30,10.637499809265137,10.637499809265137
2018-01-31,10.817500114440918,10.817500114440918
2018-02-01,10.795000076293945,10.795000076293945
2018-02-02,10.524999618530273,10.524999618530273
2018-02-05,10.602499961853027,10.602499961853027
2018-02-06,10.3725004196167,10.3725004196167
2018-02-07,10.28499984741211,10.28499984741211
2018-02-08,10.34000015258789,10.34000015258789
2018-02-09,10.267499923706055,10.267499923706055
2018-02-12,10.40999984741211,10.40999984741211
2018-02-13,10.507499694824219,10.507499694824219
2018-02-14,10.869999885559082,10.869999885559082
2018-02-15,10.892499923706055,10.892499923706055
2018-02-16,10.800000190734863,10.800000190734863
2018-02-20,10.520000457763672,10.520000457763672
2018-02-21,10.412500381469727,10.412500381469727
2018-02-22,10.532500267028809,10.532500267028809
2018-02-23,10.487500190734863,10.487500190734863
2018-02-26,10.542499542236328,10.542499542236328
2018-02-27,10.3100004196167,10.3100004196167
2018-02-28,10.287500381469727,10.287500381469727
2018-03-01,10.237500190734863,10.237500190734863
2018-03-02,10.362500190734863,10.362500190734863
2018-03-05,10.3100004196167,10.3100004196167
2018-03-06,10.582500457763672,10.582500457763672
2018-03-07,10.399999618530273,10.399999618530273
2018-03-08,10.362500190734863,10.362500190734863
2018-03-09,10.362500190734863,10.362500190734863
2018-03-12,10.392499923706055,10.392499923706055
2018-03-13,10.432499885559082,10.432499885559082
2018-03-14,10.397500038146973,10.397500038146973
2018-03-15,10.257499694824219,10.257499694824219
2018-03-16,10.220000267028809,10.220000267028809
2018-03-19,10.267499923706055,10.267499923706055
2018-03-20,10.167499542236328,10.167499542236328
2018-03-21,10.522500038146973,10.522500038146973
2018-03-22,10.442500114440918,10.442500114440918
2018-03-23,10.712499618530273,10.712499618530273
2018-03-26,10.869999885559082,10.869999885559082
2018-03-27,10.697500228881836,10.697500228881836
2018-03-28,10.387499809265137,10.387499809265137
2018-03-29,10.387499809265137,10.387499809265137
2018-04-02,10.649999618530273,10.649999618530273
2018-04-03,10.47249984741211,10.47249984741211
2018-04-04,10.5,10.5
2018-04-05,10.387499809265137,10.387499809265137
2018-04-06,10.5,10.5
2018-04-09,10.545000076293945,10.545000076293945
2018-04-10,10.640000343322754,10.640000343322754
2018-04-11,10.765000343322754,10.765000343322754
2018-04-12,10.5024995803833,10.5024995803833
2018-04-13,10.65250015258789,10.65250015258789
2018-04-16,10.710000038146973,10.710000038146973
2018-04-17,10.702500343322754,10.702500343322754
2018-04-18,10.712499618530273,10.712499618530273
2018-04-19,10.65999984741211,10.65999984741211
2018-04-20,10.520000457763672,10.520000457763672
2018-04-23,10.337499618530273,10.337499618530273
2018-04-24,10.442500114440918,10.442500114440918
2018-04-25,10.300000190734863,10.300000190734863
2018-04-26,10.227499961853027,10.227499961853027
2018-04-27,10.3149995803833,10.3149995803833
2018-04-30,10.180000305175781,10.180000305175781
2018-05-01,10.010000228881836,10.010000228881836
2018-05-02,10.010000228881836,10.010000228881836
2018-05-03,10.125,10.125
2018-05-04,10.15250015258789,10.15250015258789
2018-05-07,10.154999732971191,10.154999732971191
2018-05-08,10.154999732971191,10.154999732971191
2018-05-09,10.114999771118164,10.114999771118164
2018-05-10,10.25,10.25
2018-05-11,10.220000267028809,10.220000267028809
2018-05-14,10.132499694824219,10.132499694824219
2018-05-15,9.805000305175781,9.805000305175781
2018-05-16,9.760000228881836,9.760000228881836
2018-05-17,9.77750015258789,9.77750015258789
2018-05-18,9.792499542236328,9.792499542236328
2018-05-21,9.792499542236328,9.792499542236328
2018-05-22,9.792499542236328,9.792499542236328
2018-05-23,9.8100004196167,9.8100004196167
2018-05-24,9.979999542236328,9.979999542236328
2018-05-25,9.917499542236328,9.917499542236328
2018-05-29,9.904999732971191,9.904999732971191
2018-05-30,9.932499885559082,9.932499885559082
2018-05-31,9.890000343322754,9.890000343322754
2018-06-01,9.78499984741211,9.78499984741211
2018-06-04,9.7524995803833,9.7524995803833
2018-06-05,9.84749984741211,9.84749984741211
2018-06-06,9.845000267028809,9.845000267028809
2018-06-07,9.84000015258789,9.84000015258789
2018-06-08,9.867500305175781,9.867500305175781
2018-06-11,9.897500038146973,9.897500038146973
2018-06-12,9.827500343322754,9.827500343322754
2018-06-13,9.882499694824219,9.882499694824219
2018-06-14,9.925000190734863,9.925000190734863
2018-06-15,9.579999923706055,9.579999923706055
2018-06-18,9.547499656677246,9.547499656677246
2018-06-19,9.5,9.5
2018-06-20,9.412500381469727,9.412500381469727
2018-06-21,9.382499694824219,9.382499694824219
2018-06-22,9.407500267028809,9.407500267028809
2018-06-25,9.34749984741211,9.34749984741211
2018-06-26,9.2475004196167,9.2475004196167
2018-06-27,9.145000457763672,9.145000457763672
2018-06-28,9.09749984741211,9.09749984741211
2018-06-29,9.140000343322754,9.140000343322754
2018-07-02,8.970000267028809,8.970000267028809
2018-07-03,9.212499618530273,9.212499618530273
2018-07-05,9.210000038146973,9.210000038146973
2018-07-06,9.180000305175781,9.180000305175781
2018-07-09,9.227499961853027,9.227499961853027
2018-07-10,9.180000305175781,9.180000305175781
2018-07-11,8.989999771118164,8.989999771118164
2018-07-12,9.055000305175781,9.055000305175781
2018-07-13,8.979999542236328,8.979999542236328
2018-07-16,8.96500015258789,8.96500015258789
2018-07-17,8.765000343322754,8.765000343322754
2018-07-18,8.774999618530273,8.774999618530273
2018-07-19,8.694999694824219,8.694999694824219
2018-07-20,8.8100004196167,8.8100004196167
2018-07-23,8.729999542236328,8.729999542236328
2018-07-24,8.732500076293945,8.732500076293945
2018-07-25,8.829999923706055,8.829999923706055
2018-07-26,8.694999694824219,8.694999694824219
2018-07-27,8.704999923706055,8.704999923706055
2018-07-30,8.667499542236328,8.667499542236328
2018-07-31,8.717499732971191,8.717499732971191
2018-08-01,8.592499732971191,8.592499732971191
2018-08-02,8.489999771118164,8.489999771118164
2018-08-03,8.5625,8.5625
2018-08-06,8.462499618530273,8.462499618530273
2018-08-07,8.505000114440918,8.505000114440918
2018-08-08,8.5600004196167,8.5600004196167
2018-08-09,8.522500038146973,8.522500038146973
2018-08-10,8.510000228881836,8.510000228881836
2018-08-13,8.255000114440918,8.255000114440918
2018-08-14,8.274999618530273,8.274999618530273
2018-08-15,7.994999885559082,7.994999885559082
2018-08-16,7.992499828338623,7.992499828338623
2018-08-17,8.130000114440918,8.130000114440918
2018-08-20,8.212499618530273,8.212499618530273
2018-08-21,8.262499809265137,8.262499809265137
2018-08-22,8.292499542236328,8.292499542236328
2018-08-23,8.140000343322754,8.140000343322754
2018-08-24,8.412500381469727,8.412500381469727
2018-08-27,8.487500190734863,8.487500190734863
2018-08-28,8.359999656677246,8.359999656677246
2018-08-29,8.417499542236328,8.417499542236328
2018-08-30,8.342499732971191,8.342499732971191
2018-08-31,8.3149995803833,8.3149995803833
2018-09-04,8.237500190734863,8.237500190734863
2018-09-05,8.279999732971191,8.279999732971191
2018-09-06,8.327500343322754,8.327500343322754
2018-09-07,8.270000457763672,8.270000457763672
2018-09-10,8.260000228881836,8.260000228881836
2018-09-11,8.265000343322754,8.265000343322754
2018-09-12,8.40250015258789,8.40250015258789
2018-09-13,8.34000015258789,8.34000015258789
2018-09-14,8.232500076293945,8.232500076293945
2018-09-17,8.317500114440918,8.317500114440918
2018-09-18,8.28499984741211,8.28499984741211
2018-09-19,8.354999542236328,8.354999542236328
2018-09-20,8.407500267028809,8.407500267028809
2018-09-21,8.295000076293945,8.295000076293945
2018-09-24,8.287500381469727,8.287500381469727
2018-09-25,8.317500114440918,8.317500114440918
2018-09-26,8.227499961853027,8.227499961853027
2018-09-27,8.09000015258789,8.09000015258789
2018-09-28,8.1875,8.1875
2018-10-01,8.149999618530273,8.149999618530273
2018-10-02,8.345000267028809,8.345000267028809
2018-10-03,8.265000343322754,8.265000343322754
2018-10-04,8.287500381469727,8.287500381469727
2018-10-05,8.337499618530273,8.337499618530273
2018-10-08,8.140000343322754,8.140000343322754
2018-10-09,8.157500267028809,8.157500267028809
2018-10-10,8.1850004196167,8.1850004196167
2018-10-11,8.604999542236328,8.604999542236328
2018-10-12,8.524999618530273,8.524999618530273
2018-10-15,8.632499694824219,8.632499694824219
2018-10-16,8.625,8.625
2018-10-17,8.600000381469727,8.600000381469727
2018-10-18,8.617500305175781,8.617500305175781
2018-10-19,8.637499809265137,8.637499809265137
2018-10-22,8.585000038146973,8.585000038146973
2018-10-23,8.680000305175781,8.680000305175781
2018-10-24,8.720000267028809,8.720000267028809
2018-10-25,8.6875,8.6875
2018-10-26,8.729999542236328,8.729999542236328
2018-10-29,8.664999961853027,8.664999961853027
2018-10-30,8.577500343322754,8.577500343322754
2018-10-31,8.482500076293945,8.482500076293945
2018-11-01,8.71500015258789,8.71500015258789
2018-11-02,8.712499618530273,8.712499618530273
2018-11-05,8.680000305175781,8.680000305175781
2018-11-06,8.612500190734863,8.612500190734863
2018-11-07,8.602499961853027,8.602499961853027
2018-11-08,8.569999694824219,8.569999694824219
2018-11-09,8.3725004196167,8.3725004196167
2018-11-12,8.257499694824219,8.257499694824219
2018-11-13,8.260000228881836,8.260000228881836
2018-11-14,8.392499923706055,8.392499923706055
2018-11-15,8.420000076293945,8.420000076293945
2018-11-16,8.52750015258789,8.52750015258789
2018-11-19,8.557499885559082,8.557499885559082
2018-11-20,8.532500267028809,8.532500267028809
2018-11-21,8.582500457763672,8.582500457763672
2018-11-23,8.550000190734863,8.550000190734863
2018-11-26,8.539999961853027,8.539999961853027
2018-11-27,8.430000305175781,8.430000305175781
2018-11-28,8.4975004196167,8.4975004196167
2018-11-29,8.550000190734863,8.550000190734863
2018-11-30,8.520000457763672,8.520000457763672
2018-12-03,8.645000457763672,8.645000457763672
2018-12-04,8.742500305175781,8.742500305175781
2018-12-06,8.7524995803833,8.7524995803833
2018-12-07,8.885000228881836,8.885000228881836
2018-12-10,8.827500343322754,8.827500343322754
2018-12-11,8.8100004196167,8.8100004196167
2018-12-12,8.850000381469727,8.850000381469727
2018-12-13,8.807499885559082,8.807499885559082
2018-12-14,8.725000381469727,8.725000381469727
2018-12-17,8.835000038146973,8.835000038146973
2018-12-18,8.882499694824219,8.882499694824219
2018-12-19,8.77750015258789,8.77750015258789
2018-12-20,9.045000076293945,9.045000076293945
2018-12-21,8.970000267028809,8.970000267028809
2018-12-24,9.15250015258789,9.15250015258789
2018-12-26,9.125,9.125
2018-12-27,9.175000190734863,9.175000190734863
2018-12-28,9.305000305175781,9.305000305175781
2018-12-31,9.352499961853027,9.352499961853027
2019-01-02,9.342499732971191,9.342499732971191
2019-01-03,9.5600004196167,9.5600004196167
2019-01-04,9.352499961853027,9.352499961853027
2019-01-07,9.404999732971191,9.404999732971191
2019-01-08,9.34000015258789,9.34000015258789
2019-01-09,9.477499961853027,9.477499961853027
2019-01-10,9.362500190734863,9.362500190734863
2019-01-11,9.387499809265137,9.387499809265137
2019-01-14,9.432499885559082,9.432499885559082
2019-01-15,9.390000343322754,9.390000343322754
2019-01-16,9.452500343322754,9.452500343322754
2019-01-17,9.422499656677246,9.422499656677246
2019-01-18,9.257499694824219,9.257499694824219
2019-01-22,9.3125,9.3125
2019-01-23,9.289999961853027,9.289999961853027
2019-01-24,9.255000114440918,9.255000114440918
2019-01-25,9.522500038146973,9.522500038146973
2019-01-28,9.595000267028809,9.595000267028809
2019-01-29,9.694999694824219,9.694999694824219
2019-01-30,9.8125,9.8125
2019-01-31,9.8149995803833,9.8149995803833
2019-02-01,9.78499984741211,9.78499984741211
2019-02-04,9.694999694824219,9.694999694824219
2019-02-05,9.739999771118164,9.739999771118164
2019-02-06,9.612500190734863,9.612500190734863
2019-02-07,9.65250015258789,9.65250015258789
2019-02-08,9.72249984741211,9.72249984741211
2019-02-11,9.632499694824219,9.632499694824219
2019-02-12,9.675000190734863,9.675000190734863
2019-02-13,9.587499618530273,9.587499618530273
2019-02-14,9.682499885559082,9.682499885559082
2019-02-15,9.8125,9.8125
2019-02-19,10.104999542236328,10.104999542236328
2019-02-20,10.074999809265137,10.074999809265137
2019-02-21,9.837499618530273,9.837499618530273
2019-02-22,9.904999732971191,9.904999732971191
2019-02-25,9.885000228881836,9.885000228881836
2019-02-26,9.90999984741211,9.90999984741211
2019-02-27,9.77750015258789,9.77750015258789
2019-02-28,9.662500381469727,9.662500381469727
2019-03-01,9.319999694824219,9.319999694824219
2019-03-04,9.274999618530273,9.274999618530273
2019-03-05,9.292499542236328,9.292499542236328
2019-03-06,9.279999732971191,9.279999732971191
2019-03-07,9.25,9.25
2019-03-08,9.454999923706055,9.454999923706055
2019-03-11,9.357500076293945,9.357500076293945
2019-03-12,9.475000381469727,9.475000381469727
2019-03-13,9.602499961853027,9.602499961853027
2019-03-14,9.390000343322754,9.390000343322754
2019-03-15,9.470000267028809,9.470000267028809
2019-03-18,9.482500076293945,9.482500076293945
2019-03-19,9.53499984741211,9.53499984741211
2019-03-20,9.65250015258789,9.65250015258789
2019-03-21,9.574999809265137,9.574999809265137
2019-03-22,9.6225004196167,9.6225004196167
2019-03-25,9.767499923706055,9.767499923706055
2019-03-26,9.670000076293945,9.670000076293945
2019-03-27,9.5649995803833,9.5649995803833
2019-03-28,9.28499984741211,9.28499984741211
2019-03-29,9.3100004196167,9.3100004196167
2019-04-01,9.234999656677246,9.234999656677246
2019-04-02,9.292499542236328,9.292499542236328
2019-04-03,9.270000457763672,9.270000457763672
2019-04-04,9.3149995803833,9.3149995803833
2019-04-05,9.289999961853027,9.289999961853027
2019-04-08,9.380000114440918,9.380000114440918
2019-04-09,9.47249984741211,9.47249984741211
2019-04-10,9.520000457763672,9.520000457763672
2019-04-11,9.274999618530273,9.274999618530273
2019-04-12,9.257499694824219,9.257499694824219
2019-04-15,9.22249984741211,9.22249984741211
2019-04-16,9.050000190734863,9.050000190734863
2019-04-17,9.012499809265137,9.012499809265137
2019-04-18,9.022500038146973,9.022500038146973
2019-04-22,9.020000457763672,9.020000457763672
2019-04-23,8.977499961853027,8.977499961853027
2019-04-24,9.03499984741211,9.03499984741211
2019-04-25,9.055000305175781,9.055000305175781
2019-04-26,9.177499771118164,9.177499771118164
2019-04-29,9.092499732971191,9.092499732971191
2019-04-30,9.145000457763672,9.145000457763672
2019-05-01,9.020000457763672,9.020000457763672
2019-05-02,8.947500228881836,8.947500228881836
2019-05-03,9.055000305175781,9.055000305175781
2019-05-06,9.082500457763672,9.082500457763672
2019-05-07,9.145000457763672,9.145000457763672
2019-05-08,9.092499732971191,9.092499732971191
2019-05-09,9.135000228881836,9.135000228881836
2019-05-10,9.162500381469727,9.162500381469727
2019-05-13,9.357500076293945,9.357500076293945
2019-05-14,9.3149995803833,9.3149995803833
2019-05-15,9.307499885559082,9.307499885559082
2019-05-16,9.167499542236328,9.167499542236328
2019-05-17,9.032500267028809,9.032500267028809
2019-05-20,9.029999732971191,9.029999732971191
2019-05-21,8.984999656677246,8.984999656677246
2019-05-22,8.96500015258789,8.96500015258789
2019-05-23,9.104999542236328,9.104999542236328
2019-05-24,9.119999885559082,9.119999885559082
2019-05-28,9.042499542236328,9.042499542236328
2019-05-29,9.052499771118164,9.052499771118164
2019-05-30,9.172499656677246,9.172499656677246
2019-05-31,9.422499656677246,9.422499656677246
2019-06-03,9.699999809265137,9.699999809265137
2019-06-04,9.717499732971191,9.717499732971191
2019-06-05,9.7524995803833,9.7524995803833
2019-06-06,9.8125,9.8125
2019-06-07,9.920000076293945,9.920000076293945
2019-06-10,9.725000381469727,9.725000381469727
2019-06-11,9.702500343322754,9.702500343322754
2019-06-12,9.792499542236328,9.792499542236328
2019-06-13,9.912500381469727,9.912500381469727
2019-06-14,9.907500267028809,9.907500267028809
2019-06-17,9.892499923706055,9.892499923706055
2019-06-18,9.987500190734863,9.987500190734863
2019-06-19,10.117500305175781,10.117500305175781
2019-06-20,10.635000228881836,10.635000228881836
2019-06-21,10.774999618530273,10.774999618530273
2019-06-24,11.085000038146973,11.085000038146973
2019-06-25,11.1274995803833,11.1274995803833
2019-06-26,10.922499656677246,10.922499656677246
2019-06-27,10.904999732971191,10.904999732971191
2019-06-28,10.949999809265137,10.949999809265137
2019-07-01,10.532500267028809,10.532500267028809
2019-07-02,10.97249984741211,10.97249984741211
2019-07-03,11.02750015258789,11.02750015258789
2019-07-05,10.772500038146973,10.772500038146973
2019-07-08,10.640000343322754,10.640000343322754
2019-07-09,10.710000038146973,10.710000038146973
2019-07-10,11.042499542236328,11.042499542236328
2019-07-11,10.864999771118164,10.864999771118164
2019-07-12,10.992500305175781,10.992500305175781
2019-07-15,10.989999771118164,10.989999771118164
2019-07-16,10.802499771118164,10.802499771118164
2019-07-17,11.157500267028809,11.157500267028809
2019-07-18,11.467499732971191,11.467499732971191
2019-07-19,11.135000228881836,11.135000228881836
2019-07-22,11.125,11.125
2019-07-23,11.005000114440918,11.005000114440918
2019-07-24,11.114999771118164,11.114999771118164
2019-07-25,10.949999809265137,10.949999809265137
2019-07-26,10.984999656677246,10.984999656677246
2019-07-29,11.1274995803833,11.1274995803833
2019-07-30,11.204999923706055,11.204999923706055
2019-07-31,10.917499542236328,10.917499542236328
2019-08-01,11.430000305175781,11.430000305175781
2019-08-02,11.357500076293945,11.357500076293945
2019-08-05,11.662500381469727,11.662500381469727
2019-08-06,11.84749984741211,11.84749984741211
2019-08-07,12.199999809265137,12.199999809265137
2019-08-08,12.327500343322754,12.327500343322754
2019-08-09,12.2475004196167,12.2475004196167
2019-08-12,12.484999656677246,12.484999656677246
2019-08-13,12.3100004196167,12.3100004196167
2019-08-14,12.487500190734863,12.487500190734863
2019-08-15,12.645000457763672,12.645000457763672
2019-08-16,12.487500190734863,12.487500190734863
2019-08-19,12.1850004196167,12.1850004196167
2019-08-20,12.375,12.375
2019-08-21,12.300000190734863,12.300000190734863
2019-08-22,12.229999542236328,12.229999542236328
2019-08-23,12.707500457763672,12.707500457763672
2019-08-26,12.717499732971191,12.717499732971191
2019-08-27,12.949999809265137,12.949999809265137
2019-08-28,12.887499809265137,12.887499809265137
2019-08-29,12.692500114440918,12.692500114440918
2019-08-30,12.625,12.625
2019-09-03,12.977499961853027,12.977499961853027
2019-09-04,13.137499809265137,13.137499809265137
2019-09-05,12.4975004196167,12.4975004196167
2019-09-06,12.287500381469727,12.287500381469727
2019-09-09,12.204999923706055,12.204999923706055
2019-09-10,11.989999771118164,11.989999771118164
2019-09-11,12.145000457763672,12.145000457763672
2019-09-12,12.1850004196167,12.1850004196167
2019-09-13,11.979999542236328,11.979999542236328
2019-09-16,12.177499771118164,12.177499771118164
2019-09-17,12.232500076293945,12.232500076293945
2019-09-18,12.069999694824219,12.069999694824219
2019-09-19,12.164999961853027,12.164999961853027
2019-09-20,12.460000038146973,12.460000038146973
2019-09-23,12.595000267028809,12.595000267028809
2019-09-24,12.729999542236328,12.729999542236328
2019-09-25,12.25,12.25
2019-09-26,12.25,12.25
2019-09-27,12.114999771118164,12.114999771118164
2019-09-30,11.734999656677246,11.734999656677246
2019-10-01,11.862500190734863,11.862500190734863
2019-10-02,12.145000457763672,12.145000457763672
2019-10-03,12.237500190734863,12.237500190734863
2019-10-04,12.237500190734863,12.237500190734863
2019-10-07,12.02750015258789,12.02750015258789
2019-10-08,12.2524995803833,12.2524995803833
2019-10-09,12.257499694824219,12.257499694824219
2019-10-10,12.03499984741211,12.03499984741211
2019-10-11,11.897500038146973,11.897500038146973
2019-10-14,12.0,12.0
2019-10-15,11.819999694824219,11.819999694824219
2019-10-16,11.944999694824219,11.944999694824219
2019-10-17,11.982500076293945,11.982500076293945
2019-10-18,11.96500015258789,11.96500015258789
2019-10-21,11.842499732971191,11.842499732971191
2019-10-22,11.904999732971191,11.904999732971191
2019-10-23,11.97249984741211,11.97249984741211
2019-10-24,12.140000343322754,12.140000343322754
2019-10-25,12.192500114440918,12.192500114440918
2019-10-28,11.979999542236328,11.979999542236328
2019-10-29,11.914999961853027,11.914999961853027
2019-10-30,12.037500381469727,12.037500381469727
2019-10-31,12.27750015258789,12.27750015258789
2019-11-01,12.305000305175781,12.305000305175781
2019-11-04,12.229999542236328,12.229999542236328
2019-11-05,11.832500457763672,11.832500457763672
2019-11-06,11.9399995803833,11.9399995803833
2019-11-07,11.555000305175781,11.555000305175781
2019-11-08,11.40999984741211,11.40999984741211
2019-11-11,11.34749984741211,11.34749984741211
2019-11-12,11.40250015258789,11.40250015258789
2019-11-13,11.492500305175781,11.492500305175781
2019-11-14,11.587499618530273,11.587499618530273
2019-11-15,11.52750015258789,11.52750015258789
2019-11-18,11.59749984741211,11.59749984741211
2019-11-19,11.617500305175781,11.617500305175781
2019-11-20,11.619999885559082,11.619999885559082
2019-11-21,11.492500305175781,11.492500305175781
2019-11-22,11.457500457763672,11.457500457763672
2019-11-25,11.337499618530273,11.337499618530273
2019-11-26,11.457500457763672,11.457500457763672
2019-11-27,11.332500457763672,11.332500457763672
2019-11-29,11.460000038146973,11.460000038146973
2019-12-02,11.444999694824219,11.444999694824219
2019-12-03,11.667499542236328,11.667499542236328
2019-12-04,11.6274995803833,11.6274995803833
2019-12-05,11.630000114440918,11.630000114440918
2019-12-06,11.392499923706055,11.392499923706055
2019-12-09,11.387499809265137,11.387499809265137
2019-12-10,11.452500343322754,11.452500343322754
2019-12-11,11.604999542236328,11.604999542236328
2019-12-12,11.529999732971191,11.529999732971191
2019-12-13,11.6274995803833,11.6274995803833
2019-12-16,11.632499694824219,11.632499694824219
2019-12-17,11.617500305175781,11.617500305175781
2019-12-18,11.614999771118164,11.614999771118164
2019-12-19,11.670000076293945,11.670000076293945
2019-12-20,11.637499809265137,11.637499809265137
2019-12-23,11.765000343322754,11.765000343322754
2019-12-24,12.0024995803833,12.0024995803833
2019-12-26,12.194999694824219,12.194999694824219
2019-12-27,12.164999961853027,12.164999961853027
2019-12-30,12.21500015258789,12.21500015258789
2019-12-31,12.262499809265137,12.262499809265137
2020-01-02,12.425000190734863,12.425000190734863
2020-01-03,12.762499809265137,12.762499809265137
2020-01-06,13.029999732971191,13.029999732971191
2020-01-07,13.125,13.125
2020-01-08,12.927499771118164,12.927499771118164
2020-01-09,12.7524995803833,12.7524995803833
2020-01-10,12.920000076293945,12.920000076293945
2020-01-13,12.727499961853027,12.727499961853027
2020-01-14,12.6899995803833,12.6899995803833
2020-01-15,12.842499732971191,12.842499732971191
2020-01-16,12.789999961853027,12.789999961853027
2020-01-17,12.842499732971191,12.842499732971191
2020-01-21,12.867500305175781,12.867500305175781
2020-01-22,12.869999885559082,12.869999885559082
2020-01-23,12.925000190734863,12.925000190734863
2020-01-24,13.077500343322754,13.077500343322754
2020-01-27,13.262499809265137,13.262499809265137
2020-01-28,13.022500038146973,13.022500038146973
2020-01-29,13.147500038146973,13.147500038146973
2020-01-30,13.15250015258789,13.15250015258789
2020-01-31,13.3100004196167,13.3100004196167
2020-02-03,13.137499809265137,13.137499809265137
2020-02-04,12.770000457763672,12.770000457763672
2020-02-05,12.802499771118164,12.802499771118164
2020-02-06,12.949999809265137,12.949999809265137
2020-02-07,13.020000457763672,13.020000457763672
2020-02-10,13.0649995803833,13.0649995803833
2020-02-11,12.977499961853027,12.977499961853027
2020-02-12,12.952500343322754,12.952500343322754
2020-02-13,13.114999771118164,13.114999771118164
2020-02-14,13.212499618530273,13.212499618530273
2020-02-18,13.555000305175781,13.555000305175781
2020-02-19,13.720000267028809,13.720000267028809
2020-02-20,13.835000038146973,13.835000038146973
2020-02-21,14.242500305175781,14.242500305175781
2020-02-24,14.4975004196167,14.4975004196167
2020-02-25,13.97249984741211,13.97249984741211
2020-02-26,14.092499732971191,14.092499732971191
2020-02-27,14.102499961853027,14.102499961853027
2020-02-28,13.077500343322754,13.077500343322754
2020-03-02,13.175000190734863,13.175000190734863
2020-03-03,14.0024995803833,14.0024995803833
2020-03-04,14.052499771118164,14.052499771118164
2020-03-05,14.662500381469727,14.662500381469727
2020-03-06,14.664999961853027,14.664999961853027
2020-03-09,14.734999656677246,14.734999656677246
2020-03-10,14.092499732971191,14.092499732971191
2020-03-11,13.992500305175781,13.992500305175781
2020-03-12,12.895000457763672,12.895000457763672
2020-03-13,12.072500228881836,12.072500228881836
2020-03-16,11.827500343322754,11.827500343322754
2020-03-17,12.170000076293945,12.170000076293945
2020-03-18,11.625,11.625
2020-03-19,11.279999732971191,11.279999732971191
2020-03-20,11.579999923706055,11.579999923706055
2020-03-23,12.6850004196167,12.6850004196167
2020-03-24,14.1899995803833,14.1899995803833
2020-03-25,13.824999809265137,13.824999809265137
2020-03-26,14.09000015258789,14.09000015258789
2020-03-27,14.007499694824219,14.007499694824219
2020-03-30,13.852499961853027,13.852499961853027
2020-03-31,13.0,13.0
2020-04-01,13.15999984741211,13.15999984741211
2020-04-02,13.774999618530273,13.774999618530273
2020-04-03,13.942500114440918,13.942500114440918
2020-04-06,14.947500228881836,14.947500228881836
2020-04-07,14.552499771118164,14.552499771118164
2020-04-08,14.475000381469727,14.475000381469727
2020-04-09,15.382499694824219,15.382499694824219
2020-04-13,15.962499618530273,15.962499618530273
2020-04-14,15.792499542236328,15.792499542236328
2020-04-15,15.607500076293945,15.607500076293945
2020-04-16,15.40999984741211,15.40999984741211
2020-04-17,14.704999923706055,14.704999923706055
2020-04-20,14.947500228881836,14.947500228881836
2020-04-21,14.774999618530273,14.774999618530273
2020-04-22,15.442500114440918,15.442500114440918
2020-04-23,15.662500381469727,15.662500381469727
2020-04-24,15.5,15.5
2020-04-27,15.265000343322754,15.265000343322754
2020-04-28,15.125,15.125
2020-04-29,15.289999961853027,15.289999961853027
2020-04-30,14.672499656677246,14.672499656677246
2020-05-01,14.904999732971191,14.904999732971191
2020-05-04,14.982500076293945,14.982500076293945
2020-05-05,15.045000076293945,15.045000076293945
2020-05-06,14.609999656677246,14.609999656677246
2020-05-07,15.199999809265137,15.199999809265137
2020-05-08,14.922499656677246,14.922499656677246
2020-05-11,14.727499961853027,14.727499961853027
2020-05-12,14.805000305175781,14.805000305175781
2020-05-13,15.145000457763672,15.145000457763672
2020-05-14,15.430000305175781,15.430000305175781
2020-05-15,15.702500343322754,15.702500343322754
2020-05-18,15.34000015258789,15.34000015258789
2020-05-19,15.614999771118164,15.614999771118164
2020-05-20,15.677499771118164,15.677499771118164
2020-05-21,15.225000381469727,15.225000381469727
2020-05-22,15.457500457763672,15.457500457763672
2020-05-26,14.97249984741211,14.97249984741211
2020-05-27,14.9975004196167,14.9975004196167
2020-05-28,15.09749984741211,15.09749984741211
2020-05-29,15.3100004196167,15.3100004196167
2020-06-01,15.412500381469727,15.412500381469727
2020-06-02,15.140000343322754,15.140000343322754
2020-06-03,14.517499923706055,14.517499923706055
2020-06-04,14.90250015258789,14.90250015258789
2020-06-05,14.27750015258789,14.27750015258789
2020-06-08,14.600000381469727,14.600000381469727
2020-06-09,14.829999923706055,14.829999923706055
2020-06-10,15.317500114440918,15.317500114440918
2020-06-11,15.095000267028809,15.095000267028809
2020-06-12,15.149999618530273,15.149999618530273
2020-06-15,15.069999694824219,15.069999694824219
2020-06-16,15.09000015258789,15.09000015258789
2020-06-17,15.157500267028809,15.157500267028809
2020-06-18,15.03499984741211,15.03499984741211
2020-06-19,15.475000381469727,15.475000381469727
2020-06-22,15.632499694824219,15.632499694824219
2020-06-23,15.984999656677246,15.984999656677246
2020-06-24,15.802499771118164,15.802499771118164
2020-06-25,15.75,15.75
2020-06-26,15.977499961853027,15.977499961853027
2020-06-29,15.942500114440918,15.942500114440918
2020-06-30,16.207500457763672,16.207500457763672
2020-07-01,15.907500267028809,15.907500267028809
2020-07-02,16.024999618530273,16.024999618530273
2020-07-06,16.15250015258789,16.15250015258789
2020-07-07,16.395000457763672,16.395000457763672
2020-07-08,16.5674991607666,16.5674991607666
2020-07-09,16.385000228881836,16.385000228881836
2020-07-10,16.260000228881836,16.260000228881836
2020-07-13,16.309999465942383,16.309999465942383
2020-07-14,16.427499771118164,16.427499771118164
2020-07-15,16.454999923706055,16.454999923706055
2020-07-16,16.0674991607666,16.0674991607666
2020-07-17,16.337499618530273,16.337499618530273
2020-07-20,16.4375,16.4375
2020-07-21,16.897499084472656,16.897499084472656
2020-07-22,17.40999984741211,17.40999984741211
2020-07-23,17.684999465942383,17.684999465942383
2020-07-24,18.0,18.0
2020-07-27,18.582500457763672,18.582500457763672
2020-07-28,18.797500610351562,18.797500610351562
2020-07-29,19.06999969482422,19.06999969482422
2020-07-30,18.829999923706055,18.829999923706055
2020-07-31,19.21500015258789,19.21500015258789
2020-08-03,19.235000610351562,19.235000610351562
2020-08-04,19.997499465942383,19.997499465942383
2020-08-05,20.360000610351562,20.360000610351562
2020-08-06,20.80500030517578,20.80500030517578
2020-08-07,20.15250015258789,20.15250015258789
2020-08-10,20.0,20.0
2020-08-11,17.90250015258789,17.90250015258789
2020-08-12,17.802499771118164,17.802499771118164
2020-08-13,18.56999969482422,18.56999969482422
2020-08-14,18.34000015258789,18.34000015258789
2020-08-17,19.145000457763672,19.145000457763672
2020-08-18,19.4950008392334,19.4950008392334
2020-08-19,18.24250030517578,18.24250030517578
2020-08-20,18.502500534057617,18.502500534057617
2020-08-21,18.217500686645508,18.217500686645508
2020-08-24,17.99250030517578,17.99250030517578
2020-08-25,18.014999389648438,18.014999389648438
2020-08-26,18.475000381469727,18.475000381469727
2020-08-27,18.03499984741211,18.03499984741211
2020-08-28,18.6875,18.6875
2020-08-31,18.739999771118164,18.739999771118164
2020-09-01,18.790000915527344,18.790000915527344
2020-09-02,18.270000457763672,18.270000457763672
2020-09-03,18.00749969482422,18.00749969482422
2020-09-04,18.1299991607666,18.1299991607666
2020-09-08,18.059999465942383,18.059999465942383
2020-09-09,18.392499923706055,18.392499923706055
2020-09-10,18.28499984741211,18.28499984741211
2020-09-11,18.260000228881836,18.260000228881836
2020-09-14,18.56999969482422,18.56999969482422
2020-09-15,18.47249984741211,18.47249984741211
2020-09-16,18.5674991607666,18.5674991607666
2020-09-17,18.362499237060547,18.362499237060547
2020-09-18,18.392499923706055,18.392499923706055
2020-09-21,17.622499465942383,17.622499465942383
2020-09-22,17.434999465942383,17.434999465942383
2020-09-23,16.672500610351562,16.672500610351562
2020-09-24,16.815000534057617,16.815000534057617
2020-09-25,16.6825008392334,16.6825008392334
2020-09-28,17.03499984741211,17.03499984741211
2020-09-29,17.334999084472656,17.334999084472656
2020-09-30,17.145000457763672,17.145000457763672
2020-10-01,17.479999542236328,17.479999542236328
2020-10-02,17.424999237060547,17.424999237060547
2020-10-05,17.600000381469727,17.600000381469727
2020-10-06,17.145000457763672,17.145000457763672
2020-10-07,17.112499237060547,17.112499237060547
2020-10-08,17.262500762939453,17.262500762939453
2020-10-09,17.90999984741211,17.90999984741211
2020-10-12,17.802499771118164,17.802499771118164
2020-10-13,17.207500457763672,17.207500457763672
2020-10-14,17.344999313354492,17.344999313354492
2020-10-15,17.47249984741211,17.47249984741211
2020-10-16,17.3174991607666,17.3174991607666
2020-10-19,17.354999542236328,17.354999542236328
2020-10-20,17.512500762939453,17.512500762939453
2020-10-21,17.787500381469727,17.787500381469727
2020-10-22,17.407499313354492,17.407499313354492
2020-10-23,17.362499237060547,17.362499237060547
2020-10-26,17.352500915527344,17.352500915527344
2020-10-27,17.4375,17.4375
2020-10-28,16.857500076293945,16.857500076293945
2020-10-29,16.704999923706055,16.704999923706055
2020-10-30,16.850000381469727,16.850000381469727
2020-11-02,17.172500610351562,17.172500610351562
2020-11-03,17.387500762939453,17.387500762939453
2020-11-04,17.337499618530273,17.337499618530273
2020-11-05,18.162500381469727,18.162500381469727
2020-11-06,18.202499389648438,18.202499389648438
2020-11-09,16.549999237060547,16.549999237060547
2020-11-10,16.674999237060547,16.674999237060547
2020-11-11,16.4950008392334,16.4950008392334
2020-11-12,16.727500915527344,16.727500915527344
2020-11-13,16.950000762939453,16.950000762939453
2020-11-16,16.920000076293945,16.920000076293945
2020-11-17,16.822500228881836,16.822500228881836
2020-11-18,16.594999313354492,16.594999313354492
2020-11-19,16.53499984741211,16.53499984741211
2020-11-20,16.649999618530273,16.649999618530273
2020-11-23,15.979999542236328,15.979999542236328
2020-11-24,15.494999885559082,15.494999885559082
2020-11-25,15.482500076293945,15.482500076293945
2020-11-27,15.130000114440918,15.130000114440918
2020-11-30,14.9399995803833,14.9399995803833
2020-12-01,15.582500457763672,15.582500457763672
2020-12-02,15.824999809265137,15.824999809265137
2020-12-03,16.0625,16.0625
2020-12-04,15.960000038146973,15.960000038146973
2020-12-07,16.440000534057617,16.440000534057617
2020-12-08,16.577499389648438,16.577499389648438
2020-12-09,15.962499618530273,15.962499618530273
2020-12-10,15.9350004196167,15.9350004196167
2020-12-11,16.002500534057617,16.002500534057617
2020-12-14,15.800000190734863,15.800000190734863
2020-12-15,16.264999389648438,16.264999389648438
2020-12-16,16.434999465942383,16.434999465942383
2020-12-17,16.809999465942383,16.809999465942383
2020-12-18,16.7549991607666,16.7549991607666
2020-12-21,16.65250015258789,16.65250015258789
2020-12-22,16.377500534057617,16.377500534057617
2020-12-23,16.577499389648438,16.577499389648438
2020-12-24,16.690000534057617,16.690000534057617
2020-12-28,16.577499389648438,16.577499389648438
2020-12-29,16.6825008392334,16.6825008392334
2020-12-30,16.9375,16.9375
2020-12-31,17.049999237060547,17.049999237060547
2021-01-04,17.842500686645508,17.842500686645508
2021-01-05,17.9325008392334,17.9325008392334
2021-01-06,17.299999237060547,17.299999237060547
2021-01-07,17.209999084472656,17.209999084472656
2021-01-08,15.9975004196167,15.9975004196167
2021-01-11,15.967499732971191,15.967499732971191
2021-01-12,16.147499084472656,16.147499084472656
2021-01-13,16.017499923706055,16.017499923706055
2021-01-14,15.987500190734863,15.987500190734863
2021-01-15,15.602499961853027,15.602499961853027
2021-01-19,15.845000267028809,15.845000267028809
2021-01-20,16.352500915527344,16.352500915527344
2021-01-21,16.34749984741211,16.34749984741211
2021-01-22,16.09000015258789,16.09000015258789
2021-01-25,16.09749984741211,16.09749984741211
2021-01-26,16.02750015258789,16.02750015258789
2021-01-27,15.84000015258789,15.84000015258789
2021-01-28,15.869999885559082,15.869999885559082
2021-01-29,15.845000267028809,15.845000267028809
2021-02-01,16.162500381469727,16.162500381469727
2021-02-02,15.720000267028809,15.720000267028809
2021-02-03,15.672499656677246,15.672499656677246
2021-02-04,14.984999656677246,14.984999656677246
2021-02-05,15.279999732971191,15.279999732971191
2021-02-08,15.602499961853027,15.602499961853027
2021-02-09,15.694999694824219,15.694999694824219
2021-02-10,15.802499771118164,15.802499771118164
2021-02-11,15.520000457763672,15.520000457763672
2021-02-12,15.4399995803833,15.4399995803833
2021-02-16,14.977499961853027,14.977499961853027
2021-02-17,14.637499809265137,14.637499809265137
2021-02-18,14.6225004196167,14.6225004196167
2021-02-19,14.744999885559082,14.744999885559082
2021-02-22,15.182499885559082,15.182499885559082
2021-02-23,15.132499694824219,15.132499694824219
2021-02-24,15.09000015258789,15.09000015258789
2021-02-25,14.529999732971191,14.529999732971191
2021-02-26,13.822500228881836,13.822500228881836
2021-03-01,13.757499694824219,13.757499694824219
2021-03-02,13.927499771118164,13.927499771118164
2021-03-03,13.6225004196167,13.6225004196167
2021-03-04,13.327500343322754,13.327500343322754
2021-03-05,13.354999542236328,13.354999542236328
2021-03-08,13.045000076293945,13.045000076293945
2021-03-09,13.6274995803833,13.6274995803833
2021-03-10,13.772500038146973,13.772500038146973
2021-03-11,13.737500190734863,13.737500190734863
2021-03-12,13.742500305175781,13.742500305175781
2021-03-15,13.8725004196167,13.8725004196167
2021-03-16,13.8774995803833,13.8774995803833
2021-03-17,14.082500457763672,14.082500457763672
2021-03-18,13.907500267028809,13.907500267028809
2021-03-19,14.055000305175781,14.055000305175781
2021-03-22,13.994999885559082,13.994999885559082
2021-03-23,13.792499542236328,13.792499542236328
2021-03-24,13.90250015258789,13.90250015258789
2021-03-25,13.762499809265137,13.762499809265137
2021-03-26,13.875,13.875
2021-03-29,13.512499809265137,13.512499809265137
2021-03-30,13.072500228881836,13.072500228881836
2021-03-31,13.477499961853027,13.477499961853027
2021-04-01,13.8125,13.8125
2021-04-05,13.78499984741211,13.78499984741211
2021-04-06,14.017499923706055,14.017499923706055
2021-04-07,13.927499771118164,13.927499771118164
2021-04-08,14.234999656677246,14.234999656677246
2021-04-09,14.015000343322754,14.015000343322754
2021-04-12,13.84000015258789,13.84000015258789
2021-04-13,14.039999961853027,14.039999961853027
2021-04-14,13.914999961853027,13.914999961853027
2021-04-15,14.359999656677246,14.359999656677246
2021-04-16,14.539999961853027,14.539999961853027
2021-04-19,14.449999809265137,14.449999809265137
2021-04-20,14.557499885559082,14.557499885559082
2021-04-21,14.842499732971191,14.842499732971191
2021-04-22,14.657500267028809,14.657500267028809
2021-04-23,14.52750015258789,14.52750015258789
2021-04-26,14.602499961853027,14.602499961853027
2021-04-27,14.524999618530273,14.524999618530273
2021-04-28,14.625,14.625
2021-04-29,14.489999771118164,14.489999771118164
2021-04-30,14.395000457763672,14.395000457763672
2021-05-03,14.77750015258789,14.77750015258789
2021-05-04,14.542499542236328,14.542499542236328
2021-05-05,14.6850004196167,14.6850004196167
2021-05-06,15.157500267028809,15.157500267028809
2021-05-07,15.460000038146973,15.460000038146973
2021-05-10,15.550000190734863,15.550000190734863
2021-05-11,15.542499542236328,15.542499542236328
2021-05-12,15.232500076293945,15.232500076293945
2021-05-13,15.350000381469727,15.350000381469727
2021-05-14,15.630000114440918,15.630000114440918
2021-05-17,16.014999389648438,16.014999389648438
2021-05-18,16.065000534057617,16.065000534057617
2021-05-19,16.087499618530273,16.087499618530273
2021-05-20,16.21500015258789,16.21500015258789
2021-05-21,16.25,16.25
2021-05-24,16.30500030517578,16.30500030517578
2021-05-25,16.610000610351562,16.610000610351562
2021-05-26,16.532499313354492,16.532499313354492
2021-05-27,16.5575008392334,16.5575008392334
2021-05-28,16.657499313354492,16.657499313354492
2021-06-01,16.584999084472656,16.584999084472656
2021-06-02,16.75,16.75
2021-06-03,16.075000762939453,16.075000762939453
2021-06-04,16.440000534057617,16.440000534057617
2021-06-07,16.582500457763672,16.582500457763672
2021-06-08,16.452499389648438,16.452499389648438
2021-06-09,16.389999389648438,16.389999389648438
2021-06-10,16.5575008392334,16.5575008392334
2021-06-11,16.147499084472656,16.147499084472656
2021-06-14,15.962499618530273,15.962499618530273
2021-06-15,15.842499732971191,15.842499732971191
2021-06-16,15.297499656677246,15.297499656677246
2021-06-17,14.34749984741211,14.34749984741211
2021-06-18,14.180000305175781,14.180000305175781
2021-06-21,14.517499923706055,14.517499923706055
2021-06-22,14.407500267028809,14.407500267028809
2021-06-23,14.382499694824219,14.382499694824219
2021-06-24,14.375,14.375
2021-06-25,14.449999809265137,14.449999809265137
2021-06-28,14.460000038146973,14.460000038146973
2021-06-29,14.15250015258789,14.15250015258789
2021-06-30,14.305000305175781,14.305000305175781
2021-07-01,14.399999618530273,14.399999618530273
2021-07-02,14.59000015258789,14.59000015258789
2021-07-06,14.725000381469727,14.725000381469727
2021-07-07,14.845000267028809,14.845000267028809
2021-07-08,14.824999809265137,14.824999809265137
2021-07-09,14.917499542236328,14.917499542236328
2021-07-12,14.895000457763672,14.895000457763672
2021-07-13,14.917499542236328,14.917499542236328
2021-07-14,15.244999885559082,15.244999885559082
2021-07-15,15.265000343322754,15.265000343322754
2021-07-16,14.949999809265137,14.949999809265137
2021-07-19,14.979999542236328,14.979999542236328
2021-07-20,14.942500114440918,14.942500114440918
2021-07-21,14.832500457763672,14.832500457763672
2021-07-22,14.892499923706055,14.892499923706055
2021-07-23,14.792499542236328,14.792499542236328
2021-07-26,14.717499732971191,14.717499732971191
2021-07-27,14.767499923706055,14.767499923706055
2021-07-28,14.914999961853027,14.914999961853027
2021-07-29,15.244999885559082,15.244999885559082
2021-07-30,14.979999542236328,14.979999542236328
2021-08-02,14.962499618530273,14.962499618530273
2021-08-03,14.914999961853027,14.914999961853027
2021-08-04,14.9350004196167,14.9350004196167
2021-08-05,14.795000076293945,14.795000076293945
2021-08-06,14.057499885559082,14.057499885559082
2021-08-09,13.552499771118164,13.552499771118164
2021-08-10,13.557499885559082,13.557499885559082
2021-08-11,13.9350004196167,13.9350004196167
2021-08-12,13.942500114440918,13.942500114440918
2021-08-13,14.350000381469727,14.350000381469727
2021-08-16,14.477499961853027,14.477499961853027
2021-08-17,14.449999809265137,14.449999809265137
2021-08-18,14.475000381469727,14.475000381469727
2021-08-19,14.3774995803833,14.3774995803833
2021-08-20,14.397500038146973,14.397500038146973
2021-08-23,14.7475004196167,14.7475004196167
2021-08-24,14.744999885559082,14.744999885559082
2021-08-25,14.529999732971191,14.529999732971191
2021-08-26,14.569999694824219,14.569999694824219
2021-08-27,15.0,15.0
2021-08-30,14.862500190734863,14.862500190734863
2021-08-31,14.9350004196167,14.9350004196167
2021-09-01,14.920000076293945,14.920000076293945
2021-09-02,14.832500457763672,14.832500457763672
2021-09-03,15.15250015258789,15.15250015258789
2021-09-07,14.557499885559082,14.557499885559082
2021-09-08,14.475000381469727,14.475000381469727
2021-09-09,14.59749984741211,14.59749984741211
2021-09-10,14.454999923706055,14.454999923706055
2021-09-13,14.545000076293945,14.545000076293945
2021-09-14,14.7524995803833,14.7524995803833
2021-09-15,14.550000190734863,14.550000190734863
2021-09-16,13.885000228881836,13.885000228881836
2021-09-17,13.84749984741211,13.84749984741211
2021-09-20,14.047499656677246,14.047499656677246
2021-09-21,14.232500076293945,14.232500076293945
2021-09-22,14.107500076293945,14.107500076293945
2021-09-23,13.782500267028809,13.782500267028809
2021-09-24,13.755000114440918,13.755000114440918
2021-09-27,13.817500114440918,13.817500114440918
2021-09-28,13.547499656677246,13.547499656677246
2021-09-29,13.425000190734863,13.425000190734863
2021-09-30,13.897500038146973,13.897500038146973
2021-10-01,13.967499732971191,13.967499732971191
2021-10-04,14.112500190734863,14.112500190734863
2021-10-05,13.962499618530273,13.962499618530273
2021-10-06,14.039999961853027,14.039999961853027
2021-10-07,13.890000343322754,13.890000343322754
2021-10-08,13.90250015258789,13.90250015258789
2021-10-11,13.84000015258789,13.84000015258789
2021-10-12,13.975000381469727,13.975000381469727
2021-10-13,14.479999542236328,14.479999542236328
2021-10-14,14.547499656677246,14.547499656677246
2021-10-15,14.074999809265137,14.074999809265137
2021-10-18,14.007499694824219,14.007499694824219
2021-10-19,14.102499961853027,14.102499961853027
2021-10-20,14.357500076293945,14.357500076293945
2021-10-21,14.337499618530273,14.337499618530273
2021-10-22,14.489999771118164,14.489999771118164
2021-10-25,14.699999809265137,14.699999809265137
2021-10-26,14.484999656677246,14.484999656677246
2021-10-27,14.569999694824219,14.569999694824219
2021-10-28,14.569999694824219,14.569999694824219
2021-10-29,14.3125,14.3125
2021-11-01,14.475000381469727,14.475000381469727
2021-11-02,14.40250015258789,14.40250015258789
2021-11-03,14.145000457763672,14.145000457763672
2021-11-04,14.475000381469727,14.475000381469727
2021-11-05,14.862500190734863,14.862500190734863
2021-11-08,14.975000381469727,14.975000381469727
2021-11-09,15.109999656677246,15.109999656677246
2021-11-10,15.452500343322754,15.452500343322754
2021-11-11,15.612500190734863,15.612500190734863
2021-11-12,15.682499885559082,15.682499885559082
2021-11-15,15.632499694824219,15.632499694824219
2021-11-16,15.399999618530273,15.399999618530273
2021-11-17,15.6875,15.6875
2021-11-18,15.569999694824219,15.569999694824219
2021-11-19,15.34749984741211,15.34749984741211
2021-11-22,14.635000228881836,14.635000228881836
2021-11-23,14.380000114440918,14.380000114440918
2021-11-24,14.345000267028809,14.345000267028809
2021-11-26,14.297499656677246,14.297499656677246
2021-11-29,14.25,14.25
2021-11-30,14.0625,14.0625
2021-12-01,14.167499542236328,14.167499542236328
2021-12-02,13.987500190734863,13.987500190734863
2021-12-03,14.227499961853027,14.227499961853027
2021-12-06,14.167499542236328,14.167499542236328
2021-12-07,14.265000343322754,14.265000343322754
2021-12-08,14.270000457763672,14.270000457763672
2021-12-09,14.087499618530273,14.087499618530273
2021-12-10,14.207500457763672,14.207500457763672
2021-12-13,14.287500381469727,14.287500381469727
2021-12-14,14.024999618530273,14.024999618530273
2021-12-15,14.125,14.125
2021-12-16,14.477499961853027,14.477499961853027
2021-12-17,14.414999961853027,14.414999961853027
2021-12-20,14.297499656677246,14.297499656677246
2021-12-21,14.287500381469727,14.287500381469727
2021-12-22,14.569999694824219,14.569999694824219
2021-12-23,14.617500305175781,14.617500305175781
2021-12-27,14.672499656677246,14.672499656677246
2021-12-28,14.5649995803833,14.5649995803833
2021-12-29,14.539999961853027,14.539999961853027
2021-12-30,14.75,14.75
2021-12-31,14.952500343322754,14.952500343322754
2022-01-03,14.482500076293945,14.482500076293945
2022-01-04,14.697500228881836,14.697500228881836
2022-01-05,14.607500076293945,14.607500076293945
2022-01-06,14.255000114440918,14.255000114440918
2022-01-07,14.380000114440918,14.380000114440918
2022-01-10,14.447500228881836,14.447500228881836
2022-01-11,14.805000305175781,14.805000305175781
2022-01-12,14.875,14.875
2022-01-13,14.779999732971191,14.779999732971191
2022-01-14,14.699999809265137,14.699999809265137
2022-01-18,14.657500267028809,14.657500267028809
2022-01-19,15.130000114440918,15.130000114440918
2022-01-20,15.047499656677246,15.047499656677246
2022-01-21,14.944999694824219,14.944999694824219
2022-01-24,15.112500190734863,15.112500190734863
2022-01-25,15.217499732971191,15.217499732971191
2022-01-26,14.699999809265137,14.699999809265137
2022-01-27,14.3149995803833,14.3149995803833
2022-01-28,14.210000038146973,14.210000038146973
2022-01-31,14.387499809265137,14.387499809265137
2022-02-01,14.392499923706055,14.392499923706055
2022-02-02,14.505000114440918,14.505000114440918
2022-02-03,14.47249984741211,14.47249984741211
2022-02-04,14.517499923706055,14.517499923706055
2022-02-07,14.734999656677246,14.734999656677246
2022-02-08,14.822500228881836,14.822500228881836
2022-02-09,14.914999961853027,14.914999961853027
2022-02-10,14.8125,14.8125
2022-02-11,15.397500038146973,15.397500038146973
2022-02-14,15.557499885559082,15.557499885559082
2022-02-15,15.2475004196167,15.2475004196167
2022-02-16,15.569999694824219,15.569999694824219
2022-02-17,16.024999618530273,16.024999618530273
2022-02-18,15.989999771118164,15.989999771118164
2022-02-22,16.032499313354492,16.032499313354492
2022-02-23,16.1875,16.1875
2022-02-24,15.989999771118164,15.989999771118164
2022-02-25,15.857500076293945,15.857500076293945
2022-02-28,16.177499771118164,16.177499771118164
2022-03-01,16.795000076293945,16.795000076293945
2022-03-02,16.440000534057617,16.440000534057617
2022-03-03,16.645000457763672,16.645000457763672
2022-03-04,17.1875,17.1875
2022-03-07,17.68000030517578,17.68000030517578
2022-03-08,18.717500686645508,18.717500686645508
2022-03-09,17.584999084472656,17.584999084472656
2022-03-10,17.704999923706055,17.704999923706055
2022-03-11,17.450000762939453,17.450000762939453
2022-03-14,16.8799991607666,16.8799991607666
2022-03-15,16.267499923706055,16.267499923706055
2022-03-16,16.43000030517578,16.43000030517578
2022-03-17,16.584999084472656,16.584999084472656
2022-03-18,16.272499084472656,16.272499084472656
2022-03-21,16.55500030517578,16.55500030517578
2022-03-22,16.297500610351562,16.297500610351562
2022-03-23,16.735000610351562,16.735000610351562
2022-03-24,17.00749969482422,17.00749969482422
2022-03-25,16.857500076293945,16.857500076293945
2022-03-28,16.232500076293945,16.232500076293945
2022-03-29,16.235000610351562,16.235000610351562
2022-03-30,16.5049991607666,16.5049991607666
2022-03-31,16.53499984741211,16.53499984741211
2022-04-01,16.272499084472656,16.272499084472656
2022-04-04,16.452499389648438,16.452499389648438
2022-04-05,16.22249984741211,16.22249984741211
2022-04-06,16.3174991607666,16.3174991607666
2022-04-07,16.424999237060547,16.424999237060547
2022-04-08,16.649999618530273,16.649999618530273
2022-04-11,16.809999465942383,16.809999465942383
2022-04-12,17.065000534057617,17.065000534057617
2022-04-13,17.225000381469727,17.225000381469727
2022-04-14,17.094999313354492,17.094999313354492
2022-04-18,17.209999084472656,17.209999084472656
2022-04-19,16.674999237060547,16.674999237060547
2022-04-20,16.850000381469727,16.850000381469727
2022-04-21,16.707500457763672,16.707500457763672
2022-04-22,16.385000228881836,16.385000228881836
2022-04-25,15.789999961853027,15.789999961853027
2022-04-26,15.842499732971191,15.842499732971191
2022-04-27,15.587499618530273,15.587499618530273
2022-04-28,15.765000343322754,15.765000343322754
2022-04-29,15.762499809265137,15.762499809265137
2022-05-02,15.177499771118164,15.177499771118164
2022-05-03,15.239999771118164,15.239999771118164
2022-05-04,15.547499656677246,15.547499656677246
2022-05-05,15.444999694824219,15.444999694824219
2022-05-06,15.487500190734863,15.487500190734863
2022-05-09,15.012499809265137,15.012499809265137
2022-05-10,14.732500076293945,14.732500076293945
2022-05-11,15.0024995803833,15.0024995803833
2022-05-12,14.510000228881836,14.510000228881836
2022-05-13,14.287500381469727,14.287500381469727
2022-05-16,14.542499542236328,14.542499542236328
2022-05-17,14.369999885559082,14.369999885559082
2022-05-18,14.3774995803833,14.3774995803833
2022-05-19,14.802499771118164,14.802499771118164
2022-05-20,14.832500457763672,14.832500457763672
2022-05-23,14.96500015258789,14.96500015258789
2022-05-24,15.1899995803833,15.1899995803833
2022-05-25,14.977499961853027,14.977499961853027
2022-05-26,14.932499885559082,14.932499885559082
2022-05-27,14.952500343322754,14.952500343322754
2022-05-31,14.645000457763672,14.645000457763672
2022-06-01,14.827500343322754,14.827500343322754
2022-06-02,15.197500228881836,15.197500228881836
2022-06-03,14.875,14.875
2022-06-06,14.732500076293945,14.732500076293945
2022-06-07,14.925000190734863,14.925000190734863
2022-06-08,14.899999618530273,14.899999618530273
2022-06-09,14.817500114440918,14.817500114440918
2022-06-10,15.242500305175781,15.242500305175781
2022-06-13,14.395000457763672,14.395000457763672
2022-06-14,14.162500381469727,14.162500381469727
2022-06-15,14.550000190734863,14.550000190734863
2022-06-16,14.890000343322754,14.890000343322754
2022-06-17,14.637499809265137,14.637499809265137
2022-06-21,14.520000457763672,14.520000457763672
2022-06-22,14.637499809265137,14.637499809265137
2022-06-23,14.4399995803833,14.4399995803833
2022-06-24,14.417499542236328,14.417499542236328
2022-06-27,14.3774995803833,14.3774995803833
2022-06-28,14.34000015258789,14.34000015258789
2022-06-29,14.3149995803833,14.3149995803833
2022-06-30,14.125,14.125
2022-07-01,14.112500190734863,14.112500190734863
2022-07-05,13.489999771118164,13.489999771118164
2022-07-06,13.045000076293945,13.045000076293945
2022-07-07,13.069999694824219,13.069999694824219
2022-07-08,13.074999809265137,13.074999809265137
2022-07-11,12.927499771118164,12.927499771118164
2022-07-12,12.832500457763672,12.832500457763672
2022-07-13,12.952500343322754,12.952500343322754
2022-07-14,12.585000038146973,12.585000038146973
2022-07-15,12.529999732971191,12.529999732971191
2022-07-18,12.545000076293945,12.545000076293945
2022-07-19,12.59749984741211,12.59749984741211
2022-07-20,12.357500076293945,12.357500076293945
2022-07-21,12.727499961853027,12.727499961853027
2022-07-22,12.774999618530273,12.774999618530273
2022-07-25,12.72249984741211,12.72249984741211
2022-07-26,12.682499885559082,12.682499885559082
2022-07-27,13.005000114440918,13.005000114440918
2022-07-28,13.257499694824219,13.257499694824219
2022-07-29,13.357500076293945,13.357500076293945
2022-08-01,13.484999656677246,13.484999656677246
2022-08-02,13.329999923706055,13.329999923706055
2022-08-03,13.40250015258789,13.40250015258789
2022-08-04,13.829999923706055,13.829999923706055
2022-08-05,13.515000343322754,13.515000343322754
2022-08-08,13.744999885559082,13.744999885559082
2022-08-09,13.817500114440918,13.817500114440918
2022-08-10,13.7524995803833,13.7524995803833
2022-08-11,13.6875,13.6875
2022-08-12,13.930000305175781,13.930000305175781
2022-08-15,13.582500457763672,13.582500457763672
2022-08-16,13.515000343322754,13.515000343322754
2022-08-17,13.34000015258789,13.34000015258789
2022-08-18,13.2524995803833,13.2524995803833
2022-08-19,13.0625,13.0625
2022-08-22,12.8774995803833,12.8774995803833
2022-08-23,13.067500114440918,13.067500114440918
2022-08-24,13.145000457763672,13.145000457763672
2022-08-25,13.210000038146973,13.210000038146973
2022-08-26,12.892499923706055,12.892499923706055
2022-08-29,12.90999984741211,12.90999984741211
2022-08-30,12.692500114440918,12.692500114440918
2022-08-31,12.4975004196167,12.4975004196167
2022-09-01,12.260000228881836,12.260000228881836
2022-09-02,12.477499961853027,12.477499961853027
2022-09-06,12.34000015258789,12.34000015258789
2022-09-07,12.59000015258789,12.59000015258789
2022-09-08,12.442500114440918,12.442500114440918
2022-09-09,12.577500343322754,12.577500343322754
2022-09-12,12.697500228881836,12.697500228881836
2022-09-13,12.364999771118164,12.364999771118164
2022-09-14,12.2524995803833,12.2524995803833
2022-09-15,11.789999961853027,11.789999961853027
2022-09-16,11.917499542236328,11.917499542236328
2022-09-19,11.9375,11.9375
2022-09-20,11.795000076293945,11.795000076293945
2022-09-21,11.907500267028809,11.907500267028809
2022-09-22,11.895000457763672,11.895000457763672
2022-09-23,11.475000381469727,11.475000381469727
2022-09-26,11.21500015258789,11.21500015258789
2022-09-27,11.25,11.25
2022-09-28,11.734999656677246,11.734999656677246
2022-09-29,11.739999771118164,11.739999771118164
2022-09-30,11.732500076293945,11.732500076293945
2022-10-03,12.305000305175781,12.305000305175781
2022-10-04,12.647500038146973,12.647500038146973
2022-10-05,12.52750015258789,12.52750015258789
2022-10-06,12.479999542236328,12.479999542236328
2022-10-07,12.202500343322754,12.202500343322754
2022-10-10,11.805000305175781,11.805000305175781
2022-10-11,11.767499923706055,11.767499923706055
2022-10-12,11.899999618530273,11.899999618530273
2022-10-13,11.727499961853027,11.727499961853027
2022-10-14,11.4350004196167,11.4350004196167
2022-10-17,11.492500305175781,11.492500305175781
2022-10-18,11.547499656677246,11.547499656677246
2022-10-19,11.227499961853027,11.227499961853027
2022-10-20,11.1875,11.1875
2022-10-21,11.587499618530273,11.587499618530273
2022-10-24,11.507499694824219,11.507499694824219
2022-10-25,11.5649995803833,11.5649995803833
2022-10-26,11.717499732971191,11.717499732971191
2022-10-27,11.677499771118164,11.677499771118164
2022-10-28,11.422499656677246,11.422499656677246
2022-10-31,11.244999885559082,11.244999885559082
2022-11-01,11.47249984741211,11.47249984741211
2022-11-02,11.302499771118164,11.302499771118164
2022-11-03,11.212499618530273,11.212499618530273
2022-11-04,11.920000076293945,11.920000076293945
2022-11-07,11.822500228881836,11.822500228881836
2022-11-08,12.369999885559082,12.369999885559082
2022-11-09,12.244999885559082,12.244999885559082
2022-11-10,12.982500076293945,12.982500076293945
2022-11-11,13.157500267028809,13.157500267028809
2022-11-14,13.232500076293945,13.232500076293945
2022-11-15,13.329999923706055,13.329999923706055
2022-11-16,13.270000457763672,13.270000457763672
2022-11-17,13.057499885559082,13.057499885559082
2022-11-18,12.862500190734863,12.862500190734863
2022-11-21,12.729999542236328,12.729999542236328
2022-11-22,12.739999771118164,12.739999771118164
2022-11-23,12.890000343322754,12.890000343322754
2022-11-25,12.920000076293945,12.920000076293945
2022-11-28,12.707500457763672,12.707500457763672
2022-11-29,12.837499618530273,12.837499618530273
2022-11-30,13.157500267028809,13.157500267028809
2022-12-01,13.647500038146973,13.647500038146973
2022-12-02,13.547499656677246,13.547499656677246
2022-12-05,13.082500457763672,13.082500457763672
2022-12-06,13.137499809265137,13.137499809265137
2022-12-07,13.3774995803833,13.3774995803833
2022-12-08,13.392499923706055,13.392499923706055
2022-12-09,13.487500190734863,13.487500190734863
2022-12-12,13.260000228881836,13.260000228881836
2022-12-13,13.710000038146973,13.710000038146973
2022-12-14,13.647500038146973,13.647500038146973
2022-12-15,13.180000305175781,13.180000305175781
2022-12-16,13.397500038146973,13.397500038146973
2022-12-19,13.319999694824219,13.319999694824219
2022-12-20,13.787500381469727,13.787500381469727
2022-12-21,13.737500190734863,13.737500190734863
2022-12-22,13.375,13.375
2022-12-23,13.449999809265137,13.449999809265137
2022-12-27,13.699999809265137,13.699999809265137
2022-12-28,13.557499885559082,13.557499885559082
2022-12-29,13.694999694824219,13.694999694824219
2022-12-30,13.817500114440918,13.817500114440918
2023-01-03,14.03499984741211,14.03499984741211
2023-01-04,14.3100004196167,14.3100004196167
2023-01-05,13.947500228881836,13.947500228881836
2023-01-06,14.470000267028809,14.470000267028809
2023-01-09,14.524999618530273,14.524999618530273
2023-01-10,14.635000228881836,14.635000228881836
2023-01-11,14.59749984741211,14.59749984741211
2023-01-12,14.925000190734863,14.925000190734863
2023-01-13,15.274999618530273,15.274999618530273
2023-01-17,15.092499732971191,15.092499732971191
2023-01-18,14.984999656677246,14.984999656677246
2023-01-19,15.460000038146973,15.460000038146973
2023-01-20,15.357500076293945,15.357500076293945
2023-01-23,15.412500381469727,15.412500381469727
2023-01-24,15.532500267028809,15.532500267028809
2023-01-25,15.675000190734863,15.675000190734863
2023-01-26,15.392499923706055,15.392499923706055
2023-01-27,15.327500343322754,15.327500343322754
2023-01-30,15.2475004196167,15.2475004196167
2023-01-31,15.352499961853027,15.352499961853027
2023-02-01,15.7475004196167,15.7475004196167
2023-02-02,15.09000015258789,15.09000015258789
2023-02-03,14.3100004196167,14.3100004196167
2023-02-06,14.362500190734863,14.362500190734863
2023-02-07,14.395000457763672,14.395000457763672
2023-02-08,14.47249984741211,14.47249984741211
2023-02-09,14.237500190734863,14.237500190734863
2023-02-10,14.272500038146973,14.272500038146973
2023-02-13,14.1225004196167,14.1225004196167
2023-02-14,14.135000228881836,14.135000228881836
2023-02-15,13.8774995803833,13.8774995803833
2023-02-16,13.837499618530273,13.837499618530273
2023-02-17,13.927499771118164,13.927499771118164
2023-02-21,13.807499885559082,13.807499885559082
2023-02-22,13.657500267028809,13.657500267028809
2023-02-23,13.625,13.625
2023-02-24,13.422499656677246,13.422499656677246
2023-02-27,13.517499923706055,13.517499923706055
2023-02-28,13.662500381469727,13.662500381469727
2023-03-01,13.824999809265137,13.824999809265137
2023-03-02,13.792499542236328,13.792499542236328
2023-03-03,14.079999923706055,14.079999923706055
2023-03-06,13.942500114440918,13.942500114440918
2023-03-07,13.442500114440918,13.442500114440918
2023-03-08,13.427499771118164,13.427499771118164
2023-03-09,13.682499885559082,13.682499885559082
2023-03-10,14.260000228881836,14.260000228881836
2023-03-13,14.9350004196167,14.9350004196167
2023-03-14,14.755000114440918,14.755000114440918
2023-03-15,14.982500076293945,14.982500076293945
2023-03-16,15.037500381469727,15.037500381469727
2023-03-17,15.922499656677246,15.922499656677246
2023-03-20,15.930000305175781,15.930000305175781
2023-03-21,15.317500114440918,15.317500114440918
2023-03-22,15.837499618530273,15.837499618530273
2023-03-23,16.217500686645508,16.217500686645508
2023-03-24,15.887499809265137,15.887499809265137
2023-03-27,15.552499771118164,15.552499771118164
2023-03-28,15.817500114440918,15.817500114440918
2023-03-29,15.642499923706055,15.642499923706055
2023-03-30,15.912500381469727,15.912500381469727
2023-03-31,15.755000114440918,15.755000114440918
2023-04-03,15.984999656677246,15.984999656677246
2023-04-04,16.5625,16.5625
2023-04-05,16.537500381469727,16.537500381469727
2023-04-06,16.280000686645508,16.280000686645508
2023-04-10,16.042499542236328,16.042499542236328
2023-04-11,16.24250030517578,16.24250030517578
2023-04-12,16.389999389648438,16.389999389648438
2023-04-13,16.809999465942383,16.809999465942383
2023-04-14,16.227500915527344,16.227500915527344
2023-04-17,16.065000534057617,16.065000534057617
2023-04-18,16.19499969482422,16.19499969482422
2023-04-19,16.037500381469727,16.037500381469727
2023-04-20,16.162500381469727,16.162500381469727
2023-04-21,15.824999809265137,15.824999809265137
2023-04-24,15.90999984741211,15.90999984741211
2023-04-25,16.079999923706055,16.079999923706055
2023-04-26,15.907500267028809,15.907500267028809
2023-04-27,15.897500038146973,15.897500038146973
2023-04-28,15.914999961853027,15.914999961853027
2023-05-01,15.760000228881836,15.760000228881836
2023-05-02,16.375,16.375
2023-05-03,16.657499313354492,16.657499313354492
2023-05-04,16.86750030517578,16.86750030517578
2023-05-05,16.350000381469727,16.350000381469727
2023-05-08,16.38249969482422,16.38249969482422
2023-05-09,16.604999542236328,16.604999542236328
2023-05-10,16.542499542236328,16.542499542236328
2023-05-11,16.262500762939453,16.262500762939453
2023-05-12,16.204999923706055,16.204999923706055
2023-05-15,16.262500762939453,16.262500762939453
2023-05-16,15.84749984741211,15.84749984741211
2023-05-17,15.725000381469727,15.725000381469727
2023-05-18,15.3149995803833,15.3149995803833
2023-05-19,15.585000038146973,15.585000038146973
2023-05-22,15.520000457763672,15.520000457763672
2023-05-23,15.572500228881836,15.572500228881836
2023-05-24,15.322500228881836,15.322500228881836
2023-05-25,15.010000228881836,15.010000228881836
2023-05-26,15.112500190734863,15.112500190734863
2023-05-30,15.3125,15.3125
2023-05-31,15.357500076293945,15.357500076293945
2023-06-01,15.577500343322754,15.577500343322754
2023-06-02,15.112500190734863,15.112500190734863
2023-06-05,15.305000305175781,15.305000305175781
2023-06-06,15.327500343322754,15.327500343322754
2023-06-07,14.970000267028809,14.970000267028809
2023-06-08,15.337499618530273,15.337499618530273
2023-06-09,15.257499694824219,15.257499694824219
2023-06-12,15.225000381469727,15.225000381469727
2023-06-13,14.987500190734863,14.987500190734863
2023-06-14,15.020000457763672,15.020000457763672
2023-06-15,15.207500457763672,15.207500457763672
2023-06-16,15.167499542236328,15.167499542236328
2023-06-20,14.864999771118164,14.864999771118164
2023-06-21,14.8149995803833,14.8149995803833
2023-06-22,14.494999885559082,14.494999885559082
2023-06-23,14.579999923706055,14.579999923706055
2023-06-26,14.632499694824219,14.632499694824219
2023-06-27,14.494999885559082,14.494999885559082
2023-06-28,14.425000190734863,14.425000190734863
2023-06-29,14.387499809265137,14.387499809265137
2023-06-30,14.5600004196167,14.5600004196167
2023-07-03,14.604999542236328,14.604999542236328
2023-07-05,14.5024995803833,14.5024995803833
2023-07-06,14.395000457763672,14.395000457763672
2023-07-07,14.6225004196167,14.6225004196167
2023-07-10,14.630000114440918,14.630000114440918
2023-07-11,14.725000381469727,14.725000381469727
2023-07-12,15.112500190734863,15.112500190734863
2023-07-13,15.132499694824219,15.132499694824219
2023-07-14,15.050000190734863,15.050000190734863
2023-07-17,15.050000190734863,15.050000190734863
2023-07-18,15.395000457763672,15.395000457763672
2023-07-19,15.397500038146973,15.397500038146973
2023-07-20,15.237500190734863,15.237500190734863
2023-07-21,15.1274995803833,15.1274995803833
2023-07-24,15.017499923706055,15.017499923706055
2023-07-25,15.15999984741211,15.15999984741211
2023-07-26,15.322500228881836,15.322500228881836
2023-07-27,14.84000015258789,14.84000015258789
2023-07-28,15.0600004196167,15.0600004196167
2023-07-31,15.145000457763672,15.145000457763672
2023-08-01,14.822500228881836,14.822500228881836
2023-08-02,14.670000076293945,14.670000076293945
2023-08-03,14.632499694824219,14.632499694824219
2023-08-04,14.742500305175781,14.742500305175781
2023-08-07,14.670000076293945,14.670000076293945
2023-08-08,14.484999656677246,14.484999656677246
2023-08-09,14.342499732971191,14.342499732971191
2023-08-10,14.300000190734863,14.300000190734863
2023-08-11,14.289999961853027,14.289999961853027
2023-08-14,14.204999923706055,14.204999923706055
2023-08-15,14.135000228881836,14.135000228881836
2023-08-16,13.952500343322754,13.952500343322754
2023-08-17,13.907500267028809,13.907500267028809
2023-08-18,13.904999732971191,13.904999732971191
2023-08-21,13.970000267028809,13.970000267028809
2023-08-22,14.029999732971191,14.029999732971191
2023-08-23,14.3149995803833,14.3149995803833
2023-08-24,14.292499542236328,14.292499542236328
2023-08-25,14.255000114440918,14.255000114440918
2023-08-28,14.342499732971191,14.342499732971191
2023-08-29,14.612500190734863,14.612500190734863
2023-08-30,14.697500228881836,14.697500228881836
2023-08-31,14.617500305175781,14.617500305175781
2023-09-01,14.630000114440918,14.630000114440918
2023-09-05,14.395000457763672,14.395000457763672
2023-09-06,14.265000343322754,14.265000343322754
2023-09-07,14.274999618530273,14.274999618530273
2023-09-08,14.279999732971191,14.279999732971191
2023-09-11,14.327500343322754,14.327500343322754
2023-09-12,14.182499885559082,14.182499885559082
2023-09-13,14.114999771118164,14.114999771118164
2023-09-14,14.107500076293945,14.107500076293945
2023-09-15,14.305000305175781,14.305000305175781
2023-09-18,14.454999923706055,14.454999923706055
2023-09-19,14.444999694824219,14.444999694824219
2023-09-20,14.460000038146973,14.460000038146973
2023-09-21,14.2475004196167,14.2475004196167
2023-09-22,14.327500343322754,14.327500343322754
2023-09-25,14.175000190734863,14.175000190734863
2023-09-26,13.9375,13.9375
2023-09-27,13.59000015258789,13.59000015258789
2023-09-28,13.4399995803833,13.4399995803833
2023-09-29,13.149999618530273,13.149999618530273
2023-10-02,12.895000457763672,12.895000457763672
2023-10-03,12.8149995803833,12.8149995803833
2023-10-04,12.800000190734863,12.800000190734863
2023-10-05,12.75,12.75
2023-10-06,12.862500190734863,12.862500190734863
2023-10-09,13.34000015258789,13.34000015258789
2023-10-10,13.297499656677246,13.297499656677246
2023-10-11,13.494999885559082,13.494999885559082
2023-10-12,13.40250015258789,13.40250015258789
2023-10-13,14.27750015258789,14.27750015258789
2023-10-16,14.125,14.125
2023-10-17,14.1850004196167,14.1850004196167
2023-10-18,14.587499618530273,14.587499618530273
2023-10-19,14.947500228881836,14.947500228881836
2023-10-20,15.017499923706055,15.017499923706055
2023-10-23,14.90999984741211,14.90999984741211
2023-10-24,14.907500267028809,14.907500267028809
2023-10-25,15.024999618530273,15.024999618530273
2023-10-26,15.072500228881836,15.072500228881836
2023-10-27,15.40999984741211,15.40999984741211
2023-10-30,15.232500076293945,15.232500076293945
2023-10-31,15.0600004196167,15.0600004196167
2023-11-01,14.960000038146973,14.960000038146973
2023-11-02,15.042499542236328,15.042499542236328
2023-11-03,15.15250015258789,15.15250015258789
2023-11-06,14.930000305175781,14.930000305175781
2023-11-07,14.787500381469727,14.787500381469727
2023-11-08,14.4975004196167,14.4975004196167
2023-11-09,14.602499961853027,14.602499961853027
2023-11-10,14.257499694824219,14.257499694824219
2023-11-13,14.422499656677246,14.422499656677246
2023-11-14,14.664999961853027,14.664999961853027
2023-11-15,14.609999656677246,14.609999656677246
2023-11-16,14.920000076293945,14.920000076293945
2023-11-17,14.90999984741211,14.90999984741211
2023-11-20,14.867500305175781,14.867500305175781
2023-11-21,15.175000190734863,15.175000190734863
2023-11-22,15.039999961853027,15.039999961853027
2023-11-24,15.202500343322754,15.202500343322754
2023-11-27,15.390000343322754,15.390000343322754
2023-11-28,15.805000305175781,15.805000305175781
2023-11-29,15.850000381469727,15.850000381469727
2023-11-30,15.699999809265137,15.699999809265137
2023-12-01,16.237499237060547,16.237499237060547
2023-12-04,15.532500267028809,15.532500267028809
2023-12-05,15.414999961853027,15.414999961853027
2023-12-06,15.532500267028809,15.532500267028809
2023-12-07,15.550000190734863,15.550000190734863
2023-12-08,15.145000457763672,15.145000457763672
2023-12-11,14.8125,14.8125
2023-12-12,14.789999961853027,14.789999961853027
2023-12-13,15.4399995803833,15.4399995803833
2023-12-14,15.617500305175781,15.617500305175781
2023-12-15,15.337499618530273,15.337499618530273
2023-12-18,15.470000267028809,15.470000267028809
2023-12-19,15.664999961853027,15.664999961853027
2023-12-20,15.507499694824219,15.507499694824219
2023-12-21,15.702500343322754,15.702500343322754
2023-12-22,15.84000015258789,15.84000015258789
2023-12-26,16.079999923706055,16.079999923706055
2023-12-27,16.237499237060547,16.237499237060547
2023-12-28,16.024999618530273,16.024999618530273
2023-12-29,15.967499732971191,15.967499732971191
2024-01-02,15.887499809265137,15.887499809265137
2024-01-03,15.607500076293945,15.607500076293945
2024-01-04,15.637499809265137,15.637499809265137
2024-01-05,15.635000228881836,15.635000228881836
2024-01-08,15.380000114440918,15.380000114440918
2024-01-09,15.395000457763672,15.395000457763672
2024-01-10,15.3125,15.3125
2024-01-11,15.357500076293945,15.357500076293945
2024-01-12,15.637499809265137,15.637499809265137
2024-01-16,15.34749984741211,15.34749984741211
2024-01-17,15.020000457763672,15.020000457763672
2024-01-18,15.242500305175781,15.242500305175781
2024-01-19,15.34000015258789,15.34000015258789
2024-01-22,15.204999923706055,15.204999923706055
2024-01-23,15.322500228881836,15.322500228881836
2024-01-24,15.067500114440918,15.067500114440918
2024-01-25,15.1875,15.1875
2024-01-26,15.142499923706055,15.142499923706055
2024-01-29,15.364999771118164,15.364999771118164
2024-01-30,15.412500381469727,15.412500381469727
2024-01-31,15.392499923706055,15.392499923706055
2024-02-01,15.6875,15.6875
2024-02-02,15.397500038146973,15.397500038146973
2024-02-05,15.220000267028809,15.220000267028809
2024-02-06,15.380000114440918,15.380000114440918
2024-02-07,15.359999656677246,15.359999656677246
2024-02-08,15.319999694824219,15.319999694824219
2024-02-09,15.1899995803833,15.1899995803833
2024-02-12,15.119999885559082,15.119999885559082
2024-02-13,14.694999694824219,14.694999694824219
2024-02-14,14.672499656677246,14.672499656677246
2024-02-15,14.859999656677246,14.859999656677246
2024-02-16,14.96500015258789,14.96500015258789
2024-02-20,15.149999618530273,15.149999618530273
2024-02-21,15.147500038146973,15.147500038146973
2024-02-22,15.130000114440918,15.130000114440918
2024-02-23,15.319999694824219,15.319999694824219
2024-02-26,15.25,15.25
2024-02-27,15.210000038146973,15.210000038146973
2024-02-28,15.265000343322754,15.265000343322754
2024-02-29,15.40999984741211,15.40999984741211
2024-03-01,16.00749969482422,16.00749969482422
2024-03-04,16.517499923706055,16.517499923706055
2024-03-05,16.725000381469727,16.725000381469727
2024-03-06,16.987499237060547,16.987499237060547
2024-03-07,17.165000915527344,17.165000915527344
2024-03-08,17.450000762939453,17.450000762939453
2024-03-11,17.50749969482422,17.50749969482422
2024-03-12,17.114999771118164,17.114999771118164
2024-03-13,17.362499237060547,17.362499237060547
2024-03-14,17.204999923706055,17.204999923706055
2024-03-15,17.092500686645508,17.092500686645508
2024-03-18,17.137500762939453,17.137500762939453
2024-03-19,17.094999313354492,17.094999313354492
2024-03-20,17.489999771118164,17.489999771118164
2024-03-21,17.46500015258789,17.46500015258789
2024-03-22,17.165000915527344,17.165000915527344
2024-03-25,17.27750015258789,17.27750015258789
2024-03-26,17.387500762939453,17.387500762939453
2024-03-27,17.607500076293945,17.607500076293945
2024-03-28,18.065000534057617,18.065000534057617
2024-04-01,18.434999465942383,18.434999465942383
2024-04-02,18.97249984741211,18.97249984741211
2024-04-03,19.302499771118164,19.302499771118164
2024-04-04,19.0674991607666,19.0674991607666
2024-04-05,19.709999084472656,19.709999084472656
2024-04-08,19.957500457763672,19.957500457763672
2024-04-09,20.172500610351562,20.172500610351562
2024-04-10,19.797500610351562,19.797500610351562
2024-04-11,20.53499984741211,20.53499984741211
2024-04-12,20.017499923706055,20.017499923706055
2024-04-15,20.74250030517578,20.74250030517578
2024-04-16,20.802499771118164,20.802499771118164
2024-04-17,20.49250030517578,20.49250030517578
2024-04-18,20.625,20.625
2024-04-19,20.739999771118164,20.739999771118164
2024-04-22,19.717500686645508,19.717500686645508
2024-04-23,19.607500076293945,19.607500076293945
2024-04-24,19.532499313354492,19.532499313354492
2024-04-25,19.764999389648438,19.764999389648438
2024-04-26,19.864999771118164,19.864999771118164
2024-04-29,19.799999237060547,19.799999237060547
2024-04-30,19.030000686645508,19.030000686645508
2024-05-01,19.342500686645508,19.342500686645508
2024-05-02,19.219999313354492,19.219999313354492
2024-05-03,19.174999237060547,19.174999237060547
2024-05-06,19.575000762939453,19.575000762939453
2024-05-07,19.395000457763672,19.395000457763672
2024-05-08,19.28499984741211,19.28499984741211
2024-05-09,19.86750030517578,19.86750030517578
2024-05-10,20.1924991607666,20.1924991607666
2024-05-13,19.752500534057617,19.752500534057617
2024-05-14,20.0625,20.0625
2024-05-15,20.545000076293945,20.545000076293945
2024-05-16,20.417499542236328,20.417499542236328
2024-05-17,21.059999465942383,21.059999465942383
2024-05-20,21.247499465942383,21.247499465942383
2024-05-21,21.177499771118164,21.177499771118164
2024-05-22,20.395000457763672,20.395000457763672
2024-05-23,19.55500030517578,19.55500030517578
2024-05-24,19.59749984741211,19.59749984741211
2024-05-28,19.9950008392334,19.9950008392334
2024-05-29,19.625,19.625
2024-05-30,19.690000534057617,19.690000534057617
2024-05-31,19.44499969482422,19.44499969482422
2024-06-03,19.780000686645508,19.780000686645508
2024-06-04,19.43000030517578,19.43000030517578
2024-06-05,19.88249969482422,19.88249969482422
2024-06-06,20.184999465942383,20.184999465942383
2024-06-07,18.737499237060547,18.737499237060547
2024-06-10,19.084999084472656,19.084999084472656
2024-06-11,19.1875,19.1875
2024-06-12,19.274999618530273,19.274999618530273
2024-06-13,18.959999084472656,18.959999084472656
2024-06-14,19.44499969482422,19.44499969482422
2024-06-17,19.239999771118164,19.239999771118164
2024-06-18,19.38249969482422,19.38249969482422
2024-06-20,19.864999771118164,19.864999771118164
2024-06-21,19.232500076293945,19.232500076293945
2024-06-24,19.405000686645508,19.405000686645508
2024-06-25,19.1924991607666,19.1924991607666
2024-06-26,18.84000015258789,18.84000015258789
2024-06-27,19.267499923706055,19.267499923706055
2024-06-28,19.260000228881836,19.260000228881836
2024-07-01,19.344999313354492,19.344999313354492
2024-07-02,19.327499389648438,19.327499389648438
2024-07-03,19.770000457763672,19.770000457763672
2024-07-05,20.287500381469727,20.287500381469727
2024-07-08,19.78499984741211,19.78499984741211
2024-07-09,19.84749984741211,19.84749984741211
2024-07-10,19.97249984741211,19.97249984741211
2024-07-11,20.662500381469727,20.662500381469727
2024-07-12,20.635000228881836,20.635000228881836
2024-07-15,20.792499542236328,20.792499542236328
2024-07-16,21.592500686645508,21.592500686645508
2024-07-17,21.40999984741211,21.40999984741211
2024-07-18,21.11750030517578,21.11750030517578
2024-07-19,20.350000381469727,20.350000381469727
2024-07-22,20.334999084472656,20.334999084472656
2024-07-23,20.49250030517578,20.49250030517578
2024-07-24,20.34749984741211,20.34749984741211
2024-07-25,19.670000076293945,19.670000076293945
2024-07-26,20.092500686645508,20.092500686645508
2024-07-29,20.012500762939453,20.012500762939453
2024-07-30,20.405000686645508,20.405000686645508
2024-07-31,21.147499084472656,21.147499084472656
2024-08-01,20.9950008392334,20.9950008392334
2024-08-02,20.877500534057617,20.877500534057617
2024-08-05,20.375,20.375
2024-08-06,20.032499313354492,20.032499313354492
2024-08-07,19.987499237060547,19.987499237060547
2024-08-08,20.607500076293945,20.607500076293945
2024-08-09,20.69499969482422,20.69499969482422
2024-08-12,21.420000076293945,21.420000076293945
2024-08-13,21.344999313354492,21.344999313354492
2024-08-14,20.987499237060547,20.987499237060547
2024-08-15,21.13249969482422,21.13249969482422
2024-08-16,22.037500381469727,22.037500381469727
2024-08-19,21.989999771118164,21.989999771118164
2024-08-20,22.162500381469727,22.162500381469727
2024-08-21,22.094999313354492,22.094999313354492
2024-08-22,21.5625,21.5625
2024-08-23,22.040000915527344,22.040000915527344
2024-08-26,22.170000076293945,22.170000076293945
2024-08-27,22.28499984741211,22.28499984741211
2024-08-28,21.969999313354492,21.969999313354492
2024-08-29,22.177499771118164,22.177499771118164
2024-08-30,21.844999313354492,21.844999313354492
2024-09-03,21.657499313354492,21.657499313354492
2024-09-04,21.670000076293945,21.670000076293945
2024-09-05,22.045000076293945,22.045000076293945
2024-09-06,21.690000534057617,21.690000534057617
2024-09-09,21.86750030517578,21.86750030517578
2024-09-10,22.072500228881836,22.072500228881836
2024-09-11,21.99250030517578,21.99250030517578
2024-09-12,22.770000457763672,22.770000457763672
2024-09-13,23.207500457763672,23.207500457763672
2024-09-16,23.184999465942383,23.184999465942383
2024-09-17,22.927499771118164,22.927499771118164
2024-09-18,22.565000534057617,22.565000534057617
2024-09-19,23.25,23.25
2024-09-20,23.84749984741211,23.84749984741211
2024-09-23,23.94499969482422,23.94499969482422
2024-09-24,24.600000381469727,24.600000381469727
2024-09-25,24.532499313354492,24.532499313354492
2024-09-26,24.75749969482422,24.75749969482422
2024-09-27,24.357500076293945,24.357500076293945
2024-09-30,23.97249984741211,23.97249984741211
2024-10-01,24.467500686645508,24.467500686645508
2024-10-02,24.46500015258789,24.46500015258789
2024-10-03,24.424999237060547,24.424999237060547
2024-10-04,24.3174991607666,24.3174991607666
2024-10-07,24.165000915527344,24.165000915527344
2024-10-08,23.797500610351562,23.797500610351562
2024-10-09,23.530000686645508,23.530000686645508
2024-10-10,23.877500534057617,23.877500534057617
2024-10-11,24.360000610351562,24.360000610351562
2024-10-14,24.299999237060547,24.299999237060547
2024-10-15,24.469999313354492,24.469999313354492
2024-10-16,24.707500457763672,24.707500457763672
2024-10-17,25.0049991607666,25.0049991607666
2024-10-18,25.514999389648438,25.514999389648438
2024-10-21,25.522499084472656,25.522499084472656
2024-10-22,26.040000915527344,26.040000915527344
2024-10-23,25.415000915527344,25.415000915527344
2024-10-24,25.787500381469727,25.787500381469727
2024-10-25,25.899999618530273,25.899999618530273
2024-10-28,25.899999618530273,25.899999618530273
2024-10-29,26.469999313354492,26.469999313354492
2024-10-30,26.732500076293945,26.732500076293945
2024-10-31,25.93000030517578,25.93000030517578
2024-11-01,25.6875,25.6875
2024-11-04,25.75749969482422,25.75749969482422
2024-11-05,25.852500915527344,25.852500915527344
2024-11-06,24.3174991607666,24.3174991607666
2024-11-07,25.09000015258789,25.09000015258789
2024-11-08,24.7450008392334,24.7450008392334
2024-11-11,23.552499771118164,23.552499771118164
2024-11-12,23.170000076293945,23.170000076293945
2024-11-13,22.6825008392334,22.6825008392334
2024-11-14,22.572500228881836,22.572500228881836
2024-11-15,22.467500686645508,22.467500686645508
2024-11-18,23.309999465942383,23.309999465942383
2024-11-19,23.72249984741211,23.72249984741211
2024-11-20,23.977500915527344,23.977500915527344
2024-11-21,24.344999313354492,24.344999313354492
2024-11-22,25.002500534057617,25.002500534057617
2024-11-25,23.50749969482422,23.50749969482422
2024-11-26,23.612499237060547,23.612499237060547
2024-11-27,23.717500686645508,23.717500686645508
2024-11-29,24.1299991607666,24.1299991607666
2024-12-02,23.68000030517578,23.68000030517578
2024-12-03,23.770000457763672,23.770000457763672
2024-12-04,23.954999923706055,23.954999923706055
2024-12-05,23.579999923706055,23.579999923706055
2024-12-06,23.587499618530273,23.587499618530273
2024-12-09,24.0575008392334,24.0575008392334
2024-12-10,24.735000610351562,24.735000610351562
2024-12-11,25.362499237060547,25.362499237060547
2024-12-12,24.467500686645508,24.467500686645508
2024-12-13,23.774999618530273,23.774999618530273
2024-12-16,23.875,23.875
2024-12-17,23.704999923706055,23.704999923706055
2024-12-18,22.747499465942383,22.747499465942383
2024-12-19,22.832500457763672,22.832500457763672
2024-12-20,23.389999389648438,23.389999389648438
2024-12-23,23.102500915527344,23.102500915527344
2024-12-24,23.239999771118164,23.239999771118164
2024-12-26,23.610000610351562,23.610000610351562
2024-12-27,23.1924991607666,23.1924991607666
2024-12-30,23.02750015258789,23.02750015258789
2024-12-31,23.3700008392334,23.3700008392334
2025-01-02,23.915000915527344,23.915000915527344
2025-01-03,23.5575008392334,23.5575008392334
2025-01-06,23.450000762939453,23.450000762939453
2025-01-07,23.787500381469727,23.787500381469727
2025-01-08,24.084999084472656,24.084999084472656
2025-01-10,24.737499237060547,24.737499237060547
2025-01-13,24.079999923706055,24.079999923706055
2025-01-14,24.239999771118164,24.239999771118164
2025-01-15,24.780000686645508,24.780000686645508
2025-01-16,25.260000228881836,25.260000228881836
2025-01-17,25.127500534057617,25.127500534057617
2025-01-21,25.424999237060547,25.424999237060547
2025-01-22,25.642499923706055,25.642499923706055
2025-01-23,25.545000076293945,25.545000076293945
2025-01-24,25.852500915527344,25.852500915527344
2025-01-27,25.24250030517578,25.24250030517578
2025-01-28,25.7549991607666,25.7549991607666
2025-01-29,25.65999984741211,25.65999984741211
2025-01-30,26.627500534057617,26.627500534057617
2025-01-31,26.334999084472656,26.334999084472656
2025-02-03,26.829999923706055,26.829999923706055
2025-02-04,27.157499313354492,27.157499313354492
2025-02-05,27.30500030517578,27.30500030517578
2025-02-06,27.287500381469727,27.287500381469727
2025-02-07,27.407499313354492,27.407499313354492
2025-02-10,28.322500228881836,28.322500228881836
2025-02-11,28.149999618530273,28.149999618530273
2025-02-12,28.127500534057617,28.127500534057617
2025-02-13,28.747499465942383,28.747499465942383
2025-02-14,27.575000762939453,27.575000762939453
2025-02-18,28.625,28.625
2025-02-19,28.639999389648438,28.639999389648438
2025-02-20,28.672500610351562,28.672500610351562
2025-02-21,28.584999084472656,28.584999084472656
2025-02-24,28.915000915527344,28.915000915527344
2025-02-25,28.135000228881836,28.135000228881836
2025-02-26,28.25,28.25
2025-02-27,27.350000381469727,27.350000381469727
2025-02-28,26.979999542236328,26.979999542236328
2025-03-03,27.65999984741211,27.65999984741211
2025-03-04,28.200000762939453,28.200000762939453
2025-03-05,28.260000228881836,28.260000228881836
2025-03-06,27.985000610351562,27.985000610351562
2025-03-07,28.017499923706055,28.017499923706055
2025-03-10,27.469999313354492,27.469999313354492
2025-03-11,28.127500534057617,28.127500534057617
2025-03-12,28.427499771118164,28.427499771118164
2025-03-13,29.49250030517578,29.49250030517578
2025-03-14,29.422500610351562,29.422500610351562
2025-03-17,29.737499237060547,29.737499237060547
2025-03-18,30.4325008392334,30.4325008392334
2025-03-19,30.704999923706055,30.704999923706055
2025-03-20,30.622499465942383,30.622499465942383
2025-03-21,30.087499618530273,30.087499618530273
2025-03-24,29.864999771118164,29.864999771118164
2025-03-25,30.102500915527344,30.102500915527344
2025-03-26,30.079999923706055,30.079999923706055
2025-03-27,30.99250030517578,30.99250030517578
2025-03-28,31.309999465942383,31.309999465942383
2025-03-31,32.18000030517578,32.18000030517578
2025-04-01,32.064998626708984,32.064998626708984
2025-04-02,32.35749816894531,32.35749816894531
2025-04-03,31.582500457763672,31.582500457763672
2025-04-04,30.147499084472656,30.147499084472656
2025-04-07,28.854999542236328,28.854999542236328
2025-04-08,29.020000457763672,29.020000457763672
2025-04-09,31.172500610351562,31.172500610351562
2025-04-10,32.7599983215332,32.7599983215332
2025-04-11,33.967498779296875,33.967498779296875
2025-04-14,33.5625,33.5625
2025-04-15,33.9474983215332,33.9474983215332
2025-04-16,36.165000915527344,36.165000915527344
2025-04-17,35.78499984741211,35.78499984741211
2025-04-21,37.94499969482422,37.94499969482422
2025-04-22,36.89500045776367,36.89500045776367
2025-04-23,35.11750030517578,35.11750030517578
2025-04-24,36.125,36.125
2025-04-25,35.29750061035156,35.29750061035156
2025-04-28,36.3125,36.3125
2025-04-29,35.525001525878906,35.525001525878906
2025-04-30,35.084999084472656,35.084999084472656
2025-05-01,33.61000061035156,33.61000061035156
2025-05-02,33.70500183105469,33.70500183105469
2025-05-05,35.7400016784668,35.7400016784668
2025-05-06,37.752498626708984,37.752498626708984
2025-05-07,36.584999084472656,36.584999084472656
2025-05-08,35.11000061035156,35.11000061035156
2025-05-09,35.59749984741211,35.59749984741211
2025-05-12,33.584999084472656,33.584999084472656
2025-05-13,33.877498626708984,33.877498626708984
2025-05-14,32.415000915527344,32.415000915527344
2025-05-15,33.44499969482422,33.44499969482422
2025-05-16,32.625,32.625
2025-05-19,33.477500915527344,33.477500915527344
2025-05-20,34.76750183105469,34.76750183105469
2025-05-21,35.27750015258789,35.27750015258789
2025-05-22,34.619998931884766,34.619998931884766
2025-05-23,36.13750076293945,36.13750076293945
2025-05-27,34.85499954223633,34.85499954223633
2025-05-28,34.685001373291016,34.685001373291016
2025-05-29,35.087501525878906,35.087501525878906
2025-05-30,34.6150016784668,34.6150016784668
2025-06-02,36.45000076293945,36.45000076293945
2025-06-03,35.814998626708984,35.814998626708984
2025-06-04,36.27750015258789,36.27750015258789
2025-06-05,35.89250183105469,35.89250183105469
2025-06-06,34.95500183105469,34.95500183105469
2025-06-09,35.13750076293945,35.13750076293945
2025-06-10,35.27000045776367,35.27000045776367
2025-06-11,35.650001525878906,35.650001525878906
2025-06-12,36.525001525878906,36.525001525878906
2025-06-13,37.470001220703125,37.470001220703125
2025-06-16,36.400001525878906,36.400001525878906
2025-06-17,36.43000030517578,36.43000030517578
2025-06-18,36.02000045776367,36.02000045776367
2025-06-20,35.95000076293945,35.95000076293945
2025-06-23,36.18000030517578,36.18000030517578
2025-06-24,35.0099983215332,35.0099983215332
2025-06-25,35.22999954223633,35.22999954223633
2025-06-26,35.16999816894531,35.16999816894531
2025-06-27,33.880001068115234,33.880001068115234
2025-06-30,34.65999984741211,34.65999984741211
2025-07-01,35.2599983215332,35.2599983215332
2025-07-02,35.689998626708984,35.689998626708984
2025-07-03,35.16999816894531,35.16999816894531
2025-07-07,35.2400016784668,35.2400016784668
2025-07-08,34.4900016784668,34.4900016784668
2025-07-09,34.77000045776367,34.77000045776367
2025-07-10,34.959999084472656,34.959999084472656
2025-07-11,35.7400016784668,35.7400016784668
2025-07-14,35.369998931884766,35.369998931884766
2025-07-15,35.029998779296875,35.029998779296875
2025-07-16,35.40999984741211,35.40999984741211
2025-07-17,35.209999084472656,35.209999084472656
2025-07-18,35.38999938964844,35.38999938964844
2025-07-21,36.599998474121094,36.599998474121094
2025-07-22,37.34000015258789,37.34000015258789
2025-07-23,36.38999938964844,36.38999938964844
2025-07-24,35.86000061035156,35.86000061035156
2025-07-25,35.099998474121094,35.099998474121094
2025-07-28,34.65999984741211,34.65999984741211
2025-07-29,34.790000915527344,34.790000915527344
2025-07-30,33.59000015258789,33.59000015258789
2025-07-31,34.04999923706055,34.04999923706055
2025-08-01,35.38999938964844,35.38999938964844
2025-08-04,35.84000015258789,35.84000015258789
2025-08-05,35.88999938964844,35.88999938964844
2025-08-06,35.91999816894531,35.91999816894531
2025-08-07,36.61000061035156,36.61000061035156
2025-08-08,36.400001525878906,36.400001525878906
2025-08-11,35.220001220703125,35.220001220703125
2025-08-12,35.16999816894531,35.16999816894531
2025-08-13,35.369998931884766,35.369998931884766
2025-08-14,34.880001068115234,34.880001068115234
2025-08-15,34.86000061035156,34.86000061035156
2025-08-18,34.7599983215332,34.7599983215332
2025-08-19,34.369998931884766,34.369998931884766
2025-08-20,35.040000915527344,35.040000915527344
2025-08-21,34.869998931884766,34.869998931884766
2025-08-22,35.56999969482422,35.56999969482422
2025-08-25,35.439998626708984,35.439998626708984
2025-08-26,36.0,36.0
2025-08-27,36.2599983215332,36.2599983215332
2025-08-28,36.86000061035156,36.86000061035156
2025-08-29,37.689998626708984,37.689998626708984
2025-09-02,39.43000030517578,39.43000030517578
2025-09-03,39.91999816894531,39.91999816894531
2025-09-04,39.599998474121094,39.599998474121094
2025-09-05,40.5099983215332,40.5099983215332
2025-09-08,41.15999984741211,41.15999984741211
2025-09-09,41.0099983215332,41.0099983215332
2025-09-10,41.310001373291016,41.310001373291016
2025-09-11,41.13999938964844,41.13999938964844
2025-09-12,41.33000183105469,41.33000183105469
2025-09-15,42.16999816894531,42.16999816894531
2025-09-16,42.33000183105469,42.33000183105469
2025-09-17,41.630001068115234,41.630001068115234
2025-09-18,41.25,41.25
2025-09-19,42.119998931884766,42.119998931884766
2025-09-22,43.58000183105469,43.58000183105469
2025-09-23,43.91999816894531,43.91999816894531
2025-09-24,43.13999938964844,43.13999938964844
2025-09-25,43.47999954223633,43.47999954223633
2025-09-26,43.900001525878906,43.900001525878906
2025-09-29,45.349998474121094,45.349998474121094
2025-09-30,46.060001373291016,46.060001373291016
2025-10-01,46.209999084472656,46.209999084472656
2025-10-02,45.869998931884766,45.869998931884766
2025-10-03,46.63999938964844,46.63999938964844
2025-10-06,48.34000015258789,48.34000015258789
2025-10-07,48.84000015258789,48.84000015258789
2025-10-08,50.349998474121094,50.349998474121094
2025-10-09,48.43000030517578,48.43000030517578
2025-10-10,49.41999816894531,49.41999816894531
2025-10-13,51.83000183105469,51.83000183105469
2025-10-14,52.630001068115234,52.630001068115234
2025-10-15,54.34000015258789,54.34000015258789
2025-10-16,56.810001373291016,56.810001373291016
2025-10-17,54.720001220703125,54.720001220703125
2025-10-20,58.65999984741211,58.65999984741211
2025-10-21,51.470001220703125,51.470001220703125
2025-10-22,51.369998931884766,51.369998931884766
2025-10-23,51.70000076293945,51.70000076293945
2025-10-24,51.34000015258789,51.34000015258789
2025-10-27,48.52000045776367,48.52000045776367
2025-10-28,47.779998779296875,47.779998779296875
2025-10-29,47.380001068115234,47.380001068115234
2025-10-30,49.25,49.25
2025-10-31,48.68000030517578,48.68000030517578
2025-11-03,48.939998626708984,48.939998626708984
2025-11-04,47.150001525878906,47.150001525878906
2025-11-05,48.25,48.25
2025-11-06,48.099998474121094,48.099998474121094
2025-11-07,48.689998626708984,48.689998626708984
2025-11-10,51.27000045776367,51.27000045776367
2025-11-11,51.720001220703125,51.720001220703125
2025-11-12,53.349998474121094,53.349998474121094
2025-11-13,52.4900016784668,52.4900016784668
2025-11-14,50.52000045776367,50.52000045776367
2025-11-17,49.349998474121094,49.349998474121094
2025-11-18,50.040000915527344,50.040000915527344
2025-11-19,50.209999084472656,50.209999084472656
2025-11-20,50.2400016784668,50.2400016784668
2025-11-21,49.95000076293945,49.95000076293945
2025-11-24,51.58000183105469,51.58000183105469
2025-11-25,51.58000183105469,51.58000183105469
2025-11-26,52.36000061035156,52.36000061035156
2025-11-28,53.709999084472656,53.709999084472656
2025-12-01,54.209999084472656,54.209999084472656
2025-12-02,53.45000076293945,53.45000076293945
2025-12-03,53.369998931884766,53.369998931884766
2025-12-04,53.41999816894531,53.41999816894531
2025-12-05,53.220001220703125,53.220001220703125
2025-12-08,52.970001220703125,52.970001220703125
2025-12-09,53.47999954223633,53.47999954223633
2025-12-10,53.939998626708984,53.939998626708984
2025-12-11,55.08000183105469,55.08000183105469
2025-12-12,55.72999954223633,55.72999954223633
2025-12-15,55.83000183105469,55.83000183105469
2025-12-16,55.83000183105469,55.83000183105469
2025-12-17,56.849998474121094,56.849998474121094
2025-12-18,56.66999816894531,56.66999816894531
2025-12-19,56.779998779296875,56.779998779296875
2025-12-22,59.470001220703125,59.470001220703125
2025-12-23,60.84000015258789,60.84000015258789
2025-12-24,60.34000015258789,60.34000015258789
2025-12-26,61.849998474121094,61.849998474121094
2025-12-29,56.2400016784668,56.2400016784668
2025-12-30,56.31999969482422,56.31999969482422
2025-12-31,55.52000045776367,55.52000045776367
2026-01-02,55.900001525878906,55.900001525878906
2026-01-05,58.84000015258789,58.84000015258789
2026-01-06,60.15999984741211,60.15999984741211
2026-01-07,59.040000915527344,59.040000915527344
2026-01-08,59.65999984741211,59.65999984741211
2026-01-09,60.4900016784668,60.4900016784668
2026-01-12,62.810001373291016,62.810001373291016
2026-01-13,62.560001373291016,62.560001373291016
2026-01-14,63.779998779296875,63.779998779296875
2026-01-15,62.959999084472656,62.959999084472656
2026-01-16,62.349998474121094,62.349998474121094
2026-01-20,67.12000274658203,67.12000274658203
2026-01-21,69.0,69.0
2026-01-22,71.63999938964844,71.63999938964844
2026-01-23,73.44999694824219,73.44999694824219
2026-01-26,75.4800033569336,75.4800033569336
2026-01-27,79.23999786376953,79.23999786376953
2026-01-28,85.19999694824219,85.19999694824219
2026-01-29,85.62000274658203,85.62000274658203
2026-01-30,67.87000274658203,67.87000274658203
2026-02-02,62.65999984741211,62.65999984741211
2026-02-03,70.38999938964844,70.38999938964844
2026-02-04,70.23999786376953,70.23999786376953
2026-02-05,66.5999984741211,66.5999984741211
2026-02-06,70.62999725341797,70.62999725341797
2026-02-09,74.2699966430664,74.2699966430664
2026-02-10,72.80000305175781,72.80000305175781
2026-02-11,74.48999786376953,74.48999786376953
2026-02-12,69.37000274658203,69.37000274658203
2026-02-13,72.7300033569336,72.7300033569336
2026-02-17,68.20999908447266,68.20999908447266
2026-02-18,71.23999786376953,71.23999786376953
2026-02-19,71.69000244140625,71.69000244140625
2026-02-20,74.54000091552734,74.54000091552734
2026-02-23,78.51000213623047,78.51000213623047
2026-02-24,76.31999969482422,76.31999969482422
2026-02-25,75.94999694824219,75.94999694824219
2026-02-26,77.23999786376953,77.23999786376953
2026-02-27,79.26000213623047,79.26000213623047
2026-03-02,81.19000244140625,81.19000244140625
2026-03-03,74.01000213623047,74.01000213623047
2026-03-04,75.16999816894531,75.16999816894531
2026-03-05,73.43000030517578,73.43000030517578
2026-03-06,75.58999633789062,75.58999633789062
2026-03-09,75.27999877929688,75.27999877929688
2026-03-10,76.87000274658203,76.87000274658203
2026-03-11,76.37999725341797,76.37999725341797
2026-03-12,73.47000122070312,73.47000122070312
2026-03-13,71.4800033569336,71.4800033569336
2026-03-16,71.41000366210938,71.41000366210938
2026-03-17,70.9800033569336,70.9800033569336
2026-03-18,66.58999633789062,66.58999633789062
2026-03-19,60.91999816894531,60.91999816894531
2026-03-20,57.220001220703125,57.220001220703125
2026-03-23,54.560001373291016,54.560001373291016
2026-03-24,54.56999969482422,54.56999969482422
2026-03-25,57.709999084472656,57.709999084472656
2026-03-26,53.459999084472656,53.459999084472656
2026-03-27,57.150001525878906,57.150001525878906
2026-03-30,57.15999984741211,57.15999984741211
2026-03-31,61.459999084472656,61.459999084472656
2026-04-01,63.4900016784668,63.4900016784668
2026-04-02,60.9900016784668,60.9900016784668
2026-04-06,60.59000015258789,60.59000015258789
2026-04-07,61.7599983215332,61.7599983215332
2026-04-08,62.470001220703125,62.470001220703125
2026-04-09,63.470001220703125,63.470001220703125
2026-04-10,63.220001220703125,63.220001220703125
2026-04-13,62.7400016784668,62.7400016784668
2026-04-14,65.48999786376953,65.48999786376953
2026-04-15,64.1500015258789,64.1500015258789
2026-04-16,64.05000305175781,64.05000305175781
2026-04-17,65.6500015258789,65.6500015258789
2026-04-20,64.55999755859375,64.55999755859375
2026-04-21,60.95000076293945,60.95000076293945
2026-04-22,62.540000915527344,62.540000915527344
2026-04-23,61.33000183105469,61.33000183105469
2026-04-24,61.84000015258789,61.84000015258789
2026-04-27,60.900001525878906,60.900001525878906
2026-04-28,58.66999816894531,58.66999816894531
2026-04-29,57.43000030517578,57.43000030517578
2026-04-30,59.18000030517578,59.18000030517578
2026-05-01,59.0,59.0
2026-05-04,56.560001373291016,56.560001373291016
2026-05-05,57.52000045776367,57.52000045776367
2026-05-06,61.02000045776367,61.02000045776367
2026-05-07,61.27000045776367,61.27000045776367
2026-05-08,61.790000915527344,61.790000915527344
2026-05-11,62.06999969482422,62.06999969482422
2026-05-12,61.5099983215332,61.5099983215332
2026-05-13,60.81999969482422,60.81999969482422
2026-05-14,59.880001068115234,59.880001068115234
2026-05-15,57.040000915527344,57.040000915527344
2026-05-18,57.380001068115234,57.380001068115234
2026-05-19,55.47999954223633,55.47999954223633
2026-05-20,57.029998779296875,57.029998779296875
2026-05-21,56.900001525878906,56.900001525878906
2026-05-22,56.04999923706055,56.04999923706055
2026-05-26,56.029998779296875,56.029998779296875
2026-05-27,54.59000015258789,54.59000015258789
2026-05-28,55.709999084472656,55.709999084472656
2026-05-29,56.900001525878906,56.900001525878906
2026-06-01,55.2599983215332,55.2599983215332
2026-06-02,55.43000030517578,55.43000030517578
2026-06-03,54.31999969482422,54.31999969482422
2026-06-04,55.209999084472656,55.209999084472656
2026-06-05,51.18000030517578,51.18000030517578
2026-06-08,51.380001068115234,51.380001068115234
2026-06-09,49.7599983215332,49.7599983215332
2026-06-10,45.689998626708984,45.689998626708984
2026-06-11,48.45000076293945,48.45000076293945
2026-06-12,48.4900016784668,48.4900016784668
2026-06-15,51.029998779296875,51.029998779296875
2026-06-16,51.33000183105469,51.33000183105469
2026-06-17,48.939998626708984,48.939998626708984
2026-06-18,48.52000045776367,48.52000045776367
2026-06-22,47.90999984741211,47.90999984741211
2026-06-23,46.13999938964844,46.13999938964844
2026-06-24,43.34000015258789,43.34000015258789
2026-06-25,44.11000061035156,44.11000061035156
2026-06-26,45.11000061035156,45.11000061035156
2026-06-29,43.86000061035156,43.86000061035156
2026-06-30,43.869998931884766,43.869998931884766
2026-07-01,44.34000015258789,44.34000015258789
2026-07-02,46.150001525878906,46.150001525878906
2026-07-06,47.09000015258789,47.09000015258789
2026-07-07,45.97999954223633,45.97999954223633
2026-07-08,45.119998931884766,45.119998931884766
2026-07-09,46.099998474121094,46.099998474121094
2026-07-10,45.7599983215332,45.7599983215332
2026-07-13,43.380001068115234,43.380001068115234
2026-07-14,44.5,44.5
2026-07-15,44.5,44.5
2026-07-16,42.790000915527344,42.790000915527344
2026-07-17,43.56999969482422,43.56999969482422
2026-07-20,43.38999938964844,43.38999938964844
2026-07-21,45.060001373291016,45.060001373291016
2026-07-22,46.130001068115234,46.130001068115234
2026-07-23,44.220001220703125,44.220001220703125
